task_id,issue_id,assigned_team,status,created_at,resolved_at
1,1,data_quality,NEW,2026-09-28 06:41:04,
2,2,data_quality,NEW,2026-09-28 06:41:04,
3,3,data_quality,NEW,2026-09-28 06:41:04,
4,4,data_quality,NEW,2026-09-28 06:41:04,
5,5,data_quality,NEW,2026-09-28 06:41:04,
6,6,data_quality,NEW,2026-09-28 06:41:04,
7,7,data_quality,NEW,2026-09-28 06:41:04,
8,8,data_quality,NEW,2026-09-28 06:41:04,
9,9,data_quality,NEW,2026-09-28 06:41:04,
10,10,data_quality,NEW,2026-09-28 06:41:04,
11,11,data_quality,NEW,2026-09-28 06:41:04,
12,12,data_quality,NEW,2026-09-28 06:41:04,
13,13,data_quality,NEW,2026-09-28 06:41:04,
14,14,data_quality,NEW,2026-09-28 06:41:04,
15,15,data_quality,NEW,2026-09-28 06:41:04,
16,16,data_quality,NEW,2026-09-28 06:41:04,
17,17,data_quality,NEW,2026-09-28 06:41:04,
18,18,data_quality,NEW,2026-09-28 06:41:04,
19,19,data_quality,NEW,2026-09-28 06:41:04,
20,20,data_quality,NEW,2026-09-28 06:41:04,
21,21,data_quality,NEW,2026-09-28 06:41:04,
22,22,data_quality,NEW,2026-09-28 06:41:04,
23,23,data_quality,NEW,2026-09-28 06:41:04,
24,24,data_quality,NEW,2026-09-28 06:41:04,
25,25,data_quality,NEW,2026-09-28 06:41:04,
26,26,data_quality,NEW,2026-09-28 06:41:04,
27,27,data_quality,NEW,2026-09-28 06:41:04,
28,28,data_quality,NEW,2026-09-28 06:41:04,
29,29,data_quality,NEW,2026-09-28 06:41:04,
30,30,data_quality,NEW,2026-09-28 06:41:04,
31,31,data_quality,NEW,2026-09-28 06:41:04,
32,32,data_quality,NEW,2026-09-28 06:41:04,
33,33,data_quality,NEW,2026-09-28 06:41:04,
34,34,data_quality,NEW,2026-09-28 06:41:04,
35,35,data_quality,NEW,2026-09-28 06:41:04,
36,36,data_quality,NEW,2026-09-28 06:41:04,
37,37,data_quality,NEW,2026-09-28 06:41:04,
38,38,data_quality,NEW,2026-09-28 06:41:04,
39,39,data_quality,NEW,2026-09-28 06:41:04,
40,40,data_quality,NEW,2026-09-28 06:41:04,
41,41,data_quality,NEW,2026-09-28 06:41:04,
42,42,data_quality,NEW,2026-09-28 06:41:04,
43,43,data_quality,NEW,2026-09-28 06:41:04,
44,44,data_quality,NEW,2026-09-28 06:41:04,
45,45,data_quality,NEW,2026-09-28 06:41:04,
46,46,data_quality,NEW,2026-09-28 06:41:04,
47,47,data_quality,NEW,2026-09-28 06:41:04,
48,48,data_quality,NEW,2026-09-28 06:41:04,
49,49,data_quality,NEW,2026-09-28 06:41:04,
50,50,data_quality,NEW,2026-09-28 06:41:04,
51,51,data_quality,NEW,2026-09-28 06:41:04,
52,52,data_quality,NEW,2026-09-28 06:41:04,
53,53,data_quality,NEW,2026-09-28 06:41:04,
54,54,data_quality,NEW,2026-09-28 06:41:04,
55,55,data_quality,NEW,2026-09-28 06:41:04,
56,56,data_quality,NEW,2026-09-28 06:41:04,
57,57,data_quality,NEW,2026-09-28 06:41:04,
58,58,data_quality,NEW,2026-09-28 06:41:04,
59,59,data_quality,NEW,2026-09-28 06:41:04,
60,60,data_quality,NEW,2026-09-28 06:41:04,
61,61,data_quality,NEW,2026-09-28 06:41:04,
62,62,data_quality,NEW,2026-09-28 06:41:04,
63,63,data_quality,NEW,2026-09-28 06:41:04,
64,64,data_quality,NEW,2026-09-28 06:41:04,
65,65,data_quality,NEW,2026-09-28 06:41:04,
66,66,data_quality,NEW,2026-09-28 06:41:04,
67,67,data_quality,NEW,2026-09-28 06:41:04,
68,68,data_quality,NEW,2026-09-28 06:41:04,
69,69,data_quality,NEW,2026-09-28 06:41:04,
70,70,data_quality,NEW,2026-09-28 06:41:04,
71,71,data_quality,NEW,2026-09-28 06:41:04,
72,72,data_quality,NEW,2026-09-28 06:41:04,
73,73,data_quality,NEW,2026-09-28 06:41:04,
74,74,data_quality,NEW,2026-09-28 06:41:04,
75,75,data_quality,NEW,2026-09-28 06:41:04,
76,76,data_quality,NEW,2026-09-28 06:41:04,
77,77,data_quality,NEW,2026-09-28 06:41:04,
78,78,data_quality,NEW,2026-09-28 06:41:04,
79,79,data_quality,NEW,2026-09-28 06:41:04,
80,80,data_quality,NEW,2026-09-28 06:41:04,
81,81,data_quality,NEW,2026-09-28 06:41:04,
82,82,data_quality,NEW,2026-09-28 06:41:04,
83,83,data_quality,NEW,2026-09-28 06:41:04,
84,84,data_quality,NEW,2026-09-28 06:41:04,
85,85,data_quality,NEW,2026-09-28 06:41:04,
86,86,data_quality,NEW,2026-09-28 06:41:04,
87,87,data_quality,NEW,2026-09-28 06:41:04,
88,88,data_quality,NEW,2026-09-28 06:41:04,
89,89,data_quality,NEW,2026-09-28 06:41:04,
90,90,data_quality,NEW,2026-09-28 06:41:04,
91,91,data_quality,NEW,2026-09-28 06:41:04,
92,92,data_quality,NEW,2026-09-28 06:41:04,
93,93,data_quality,NEW,2026-09-28 06:41:04,
94,94,data_quality,NEW,2026-09-28 06:41:04,
95,95,data_quality,NEW,2026-09-28 06:41:04,
96,96,data_quality,NEW,2026-09-28 06:41:04,
97,97,data_quality,NEW,2026-09-28 06:41:04,
98,98,data_quality,NEW,2026-09-28 06:41:04,
99,99,data_quality,NEW,2026-09-28 06:41:04,
100,100,data_quality,NEW,2026-09-28 06:41:04,
101,101,data_quality,NEW,2026-09-28 06:41:04,
102,102,data_quality,NEW,2026-09-28 06:41:04,
103,103,data_quality,NEW,2026-09-28 06:41:04,
104,104,data_quality,NEW,2026-09-28 06:41:04,
105,105,data_quality,NEW,2026-09-28 06:41:04,
106,106,data_quality,NEW,2026-09-28 06:41:04,
107,107,data_quality,NEW,2026-09-28 06:41:04,
108,108,data_quality,NEW,2026-09-28 06:41:04,
109,109,data_quality,NEW,2026-09-28 06:41:04,
110,110,data_quality,NEW,2026-09-28 06:41:04,
111,111,data_quality,NEW,2026-09-28 06:41:04,
112,112,data_quality,NEW,2026-09-28 06:41:04,
113,113,data_quality,NEW,2026-09-28 06:41:04,
114,114,data_quality,NEW,2026-09-28 06:41:04,
115,115,data_quality,NEW,2026-09-28 06:41:04,
116,116,data_quality,NEW,2026-09-28 06:41:04,
117,117,data_quality,NEW,2026-09-28 06:41:04,
118,118,data_quality,NEW,2026-09-28 06:41:04,
119,119,data_quality,NEW,2026-09-28 06:41:04,
120,120,data_quality,NEW,2026-09-28 06:41:04,
121,121,data_quality,NEW,2026-09-28 06:41:04,
122,122,data_quality,NEW,2026-09-28 06:41:04,
123,123,data_quality,NEW,2026-09-28 06:41:04,
124,124,data_quality,NEW,2026-09-28 06:41:04,
125,125,data_quality,NEW,2026-09-28 06:41:04,
126,126,data_quality,NEW,2026-09-28 06:41:04,
127,127,data_quality,NEW,2026-09-28 06:41:04,
128,128,data_quality,NEW,2026-09-28 06:41:04,
129,129,data_quality,NEW,2026-09-28 06:41:04,
130,130,data_quality,NEW,2026-09-28 06:41:04,
131,131,data_quality,NEW,2026-09-28 06:41:04,
132,132,data_quality,NEW,2026-09-28 06:41:04,
133,133,data_quality,NEW,2026-09-28 06:41:04,
134,134,data_quality,NEW,2026-09-28 06:41:04,
135,135,data_quality,NEW,2026-09-28 06:41:04,
136,136,data_quality,NEW,2026-09-28 06:41:04,
137,137,data_quality,NEW,2026-09-28 06:41:04,
138,138,data_quality,NEW,2026-09-28 06:41:04,
139,139,data_quality,NEW,2026-09-28 06:41:04,
140,140,data_quality,NEW,2026-09-28 06:41:04,
141,141,data_quality,NEW,2026-09-28 06:41:04,
142,142,data_quality,NEW,2026-09-28 06:41:04,
143,143,data_quality,NEW,2026-09-28 06:41:04,
144,144,data_quality,NEW,2026-09-28 06:41:04,
145,145,data_quality,NEW,2026-09-28 06:41:04,
146,146,data_quality,NEW,2026-09-28 06:41:04,
147,147,data_quality,NEW,2026-09-28 06:41:04,
148,148,data_quality,NEW,2026-09-28 06:41:04,
149,149,data_quality,NEW,2026-09-28 06:41:04,
150,150,data_quality,NEW,2026-09-28 06:41:04,
151,151,data_quality,NEW,2026-09-28 06:41:04,
152,152,data_quality,NEW,2026-09-28 06:41:04,
153,153,data_quality,NEW,2026-09-28 06:41:04,
154,154,data_quality,NEW,2026-09-28 06:41:04,
155,155,data_quality,NEW,2026-09-28 06:41:04,
156,156,data_quality,NEW,2026-09-28 06:41:04,
157,157,data_quality,NEW,2026-09-28 06:41:04,
158,158,data_quality,NEW,2026-09-28 06:41:04,
159,159,data_quality,NEW,2026-09-28 06:41:04,
160,160,data_quality,NEW,2026-09-28 06:41:04,
161,161,data_quality,NEW,2026-09-28 06:41:04,
162,162,data_quality,NEW,2026-09-28 06:41:04,
163,163,data_quality,NEW,2026-09-28 06:41:04,
164,164,data_quality,NEW,2026-09-28 06:41:04,
165,165,data_quality,NEW,2026-09-28 06:41:04,
166,166,data_quality,NEW,2026-09-28 06:41:04,
167,167,data_quality,NEW,2026-09-28 06:41:04,
168,168,data_quality,NEW,2026-09-28 06:41:04,
169,169,data_quality,NEW,2026-09-28 06:41:04,
170,170,data_quality,NEW,2026-09-28 06:41:04,
171,171,data_quality,NEW,2026-09-28 06:41:04,
172,172,data_quality,NEW,2026-09-28 06:41:04,
173,173,data_quality,NEW,2026-09-28 06:41:04,
174,174,data_quality,NEW,2026-09-28 06:41:04,
175,175,data_quality,NEW,2026-09-28 06:41:04,
176,176,data_quality,NEW,2026-09-28 06:41:04,
177,177,data_quality,NEW,2026-09-28 06:41:04,
178,178,data_quality,NEW,2026-09-28 06:41:04,
179,179,data_quality,NEW,2026-09-28 06:41:04,
180,180,data_quality,NEW,2026-09-28 06:41:04,
181,181,data_quality,NEW,2026-09-28 06:41:04,
182,182,data_quality,NEW,2026-09-28 06:41:04,
183,183,data_quality,NEW,2026-09-28 06:41:04,
184,184,data_quality,NEW,2026-09-28 06:41:04,
185,185,data_quality,NEW,2026-09-28 06:41:04,
186,186,data_quality,NEW,2026-09-28 06:41:04,
187,187,data_quality,NEW,2026-09-28 06:41:04,
188,188,data_quality,NEW,2026-09-28 06:41:04,
189,189,data_quality,NEW,2026-09-28 06:41:04,
190,190,data_quality,NEW,2026-09-28 06:41:04,
191,191,data_quality,NEW,2026-09-28 06:41:04,
192,192,data_quality,NEW,2026-09-28 06:41:04,
193,193,data_quality,NEW,2026-09-28 06:41:04,
194,194,data_quality,NEW,2026-09-28 06:41:04,
195,195,data_quality,NEW,2026-09-28 06:41:04,
196,196,data_quality,NEW,2026-09-28 06:41:04,
197,197,data_quality,NEW,2026-09-28 06:41:04,
198,198,data_quality,NEW,2026-09-28 06:41:04,
199,199,data_quality,NEW,2026-09-28 06:41:04,
200,200,data_quality,NEW,2026-09-28 06:41:04,
201,201,data_quality,NEW,2026-09-28 06:41:04,
202,202,data_quality,NEW,2026-09-28 06:41:04,
203,203,data_quality,NEW,2026-09-28 06:41:04,
204,204,data_quality,NEW,2026-09-28 06:41:04,
205,205,data_quality,NEW,2026-09-28 06:41:04,
206,206,data_quality,NEW,2026-09-28 06:41:04,
207,207,data_quality,NEW,2026-09-28 06:41:04,
208,208,data_quality,NEW,2026-09-28 06:41:04,
209,209,data_quality,NEW,2026-09-28 06:41:04,
210,210,data_quality,NEW,2026-09-28 06:41:04,
211,211,data_quality,NEW,2026-09-28 06:41:04,
212,212,data_quality,NEW,2026-09-28 06:41:04,
213,213,data_quality,NEW,2026-09-28 06:41:04,
214,214,data_quality,NEW,2026-09-28 06:41:04,
215,215,data_quality,NEW,2026-09-28 06:41:04,
216,216,data_quality,NEW,2026-09-28 06:41:04,
217,217,data_quality,NEW,2026-09-28 06:41:04,
218,218,data_quality,NEW,2026-09-28 06:41:04,
219,219,data_quality,NEW,2026-09-28 06:41:04,
220,220,data_quality,NEW,2026-09-28 06:41:04,
221,221,data_quality,NEW,2026-09-28 06:41:04,
222,222,data_quality,NEW,2026-09-28 06:41:04,
223,223,data_quality,NEW,2026-09-28 06:41:04,
224,224,data_quality,NEW,2026-09-28 06:41:04,
225,225,data_quality,NEW,2026-09-28 06:41:04,
226,226,data_quality,NEW,2026-09-28 06:41:04,
227,227,data_quality,NEW,2026-09-28 06:41:04,
228,228,data_quality,NEW,2026-09-28 06:41:04,
229,229,data_quality,NEW,2026-09-28 06:41:04,
230,230,data_quality,NEW,2026-09-28 06:41:04,
231,231,data_quality,NEW,2026-09-28 06:41:04,
232,232,data_quality,NEW,2026-09-28 06:41:04,
233,233,data_quality,NEW,2026-09-28 06:41:04,
234,234,data_quality,NEW,2026-09-28 06:41:04,
235,235,data_quality,NEW,2026-09-28 06:41:04,
236,236,data_quality,NEW,2026-09-28 06:41:04,
237,237,data_quality,NEW,2026-09-28 06:41:04,
238,238,data_quality,NEW,2026-09-28 06:41:04,
239,239,data_quality,NEW,2026-09-28 06:41:04,
240,240,data_quality,NEW,2026-09-28 06:41:04,
241,241,data_quality,NEW,2026-09-28 06:41:04,
242,242,data_quality,NEW,2026-09-28 06:41:04,
243,243,data_quality,NEW,2026-09-28 06:41:04,
244,244,data_quality,NEW,2026-09-28 06:41:04,
245,245,data_quality,NEW,2026-09-28 06:41:04,
246,246,data_quality,NEW,2026-09-28 06:41:04,
247,247,data_quality,NEW,2026-09-28 06:41:04,
248,248,data_quality,NEW,2026-09-28 06:41:04,
249,249,data_quality,NEW,2026-09-28 06:41:04,
250,250,data_quality,NEW,2026-09-28 06:41:04,
251,251,data_quality,NEW,2026-09-28 06:41:04,
252,252,data_quality,NEW,2026-09-28 06:41:04,
253,253,data_quality,NEW,2026-09-28 06:41:04,
254,254,data_quality,NEW,2026-09-28 06:41:04,
255,255,data_quality,NEW,2026-09-28 06:41:04,
256,256,data_quality,NEW,2026-09-28 06:41:04,
257,257,data_quality,NEW,2026-09-28 06:41:04,
258,258,data_quality,NEW,2026-09-28 06:41:04,
259,259,data_quality,NEW,2026-09-28 06:41:04,
260,260,data_quality,NEW,2026-09-28 06:41:04,
261,261,data_quality,NEW,2026-09-28 06:41:04,
262,262,data_quality,NEW,2026-09-28 06:41:04,
263,263,data_quality,NEW,2026-09-28 06:41:04,
264,264,data_quality,NEW,2026-09-28 06:41:04,
265,265,data_quality,NEW,2026-09-28 06:41:04,
266,266,data_quality,NEW,2026-09-28 06:41:04,
267,267,data_quality,NEW,2026-09-28 06:41:04,
268,268,data_quality,NEW,2026-09-28 06:41:04,
269,269,data_quality,NEW,2026-09-28 06:41:04,
270,270,data_quality,NEW,2026-09-28 06:41:04,
271,271,data_quality,NEW,2026-09-28 06:41:04,
272,272,data_quality,NEW,2026-09-28 06:41:04,
273,273,data_quality,NEW,2026-09-28 06:41:04,
274,274,data_quality,NEW,2026-09-28 06:41:04,
275,275,data_quality,NEW,2026-09-28 06:41:04,
276,276,data_quality,NEW,2026-09-28 06:41:04,
277,277,data_quality,NEW,2026-09-28 06:41:04,
278,278,data_quality,NEW,2026-09-28 06:41:04,
279,279,data_quality,NEW,2026-09-28 06:41:04,
280,280,data_quality,NEW,2026-09-28 06:41:04,
281,281,data_quality,NEW,2026-09-28 06:41:04,
282,282,data_quality,NEW,2026-09-28 06:41:04,
283,283,data_quality,NEW,2026-09-28 06:41:04,
284,284,data_quality,NEW,2026-09-28 06:41:04,
285,285,data_quality,NEW,2026-09-28 06:41:04,
286,286,data_quality,NEW,2026-09-28 06:41:04,
287,287,data_quality,NEW,2026-09-28 06:41:04,
288,288,data_quality,NEW,2026-09-28 06:41:04,
289,289,data_quality,NEW,2026-09-28 06:41:04,
290,290,data_quality,NEW,2026-09-28 06:41:04,
291,291,data_quality,NEW,2026-09-28 06:41:04,
292,292,data_quality,NEW,2026-09-28 06:41:04,
293,293,data_quality,NEW,2026-09-28 06:41:04,
294,294,data_quality,NEW,2026-09-28 06:41:04,
295,295,data_quality,NEW,2026-09-28 06:41:04,
296,296,data_quality,NEW,2026-09-28 06:41:04,
297,297,data_quality,NEW,2026-09-28 06:41:04,
298,298,data_quality,NEW,2026-09-28 06:41:04,
299,299,data_quality,NEW,2026-09-28 06:41:04,
300,300,data_quality,NEW,2026-09-28 06:41:04,
301,301,data_quality,NEW,2026-09-28 06:41:04,
302,302,data_quality,NEW,2026-09-28 06:41:04,
303,303,data_quality,NEW,2026-09-28 06:41:04,
304,304,data_quality,NEW,2026-09-28 06:41:04,
305,305,data_quality,NEW,2026-09-28 06:41:04,
306,306,data_quality,NEW,2026-09-28 06:41:04,
307,307,data_quality,NEW,2026-09-28 06:41:04,
308,308,data_quality,NEW,2026-09-28 06:41:04,
309,309,data_quality,NEW,2026-09-28 06:41:04,
310,310,data_quality,NEW,2026-09-28 06:41:04,
311,311,data_quality,NEW,2026-09-28 06:41:04,
312,312,data_quality,NEW,2026-09-28 06:41:04,
313,313,data_quality,NEW,2026-09-28 06:41:04,
314,314,data_quality,NEW,2026-09-28 06:41:04,
315,315,data_quality,NEW,2026-09-28 06:41:04,
316,316,data_quality,NEW,2026-09-28 06:41:04,
317,317,data_quality,NEW,2026-09-28 06:41:04,
318,318,data_quality,NEW,2026-09-28 06:41:04,
319,319,data_quality,NEW,2026-09-28 06:41:04,
320,320,data_quality,NEW,2026-09-28 06:41:04,
321,321,data_quality,NEW,2026-09-28 06:41:04,
322,322,data_quality,NEW,2026-09-28 06:41:04,
323,323,data_quality,NEW,2026-09-28 06:41:04,
324,324,data_quality,NEW,2026-09-28 06:41:04,
325,325,data_quality,NEW,2026-09-28 06:41:04,
326,326,data_quality,NEW,2026-09-28 06:41:04,
327,327,data_quality,NEW,2026-09-28 06:41:04,
328,328,data_quality,NEW,2026-09-28 06:41:04,
329,329,data_quality,NEW,2026-09-28 06:41:04,
330,330,data_quality,NEW,2026-09-28 06:41:04,
331,331,data_quality,NEW,2026-09-28 06:41:04,
332,332,data_quality,NEW,2026-09-28 06:41:04,
333,333,data_quality,NEW,2026-09-28 06:41:04,
334,334,data_quality,NEW,2026-09-28 06:41:04,
335,335,data_quality,NEW,2026-09-28 06:41:04,
336,336,data_quality,NEW,2026-09-28 06:41:04,
337,337,data_quality,NEW,2026-09-28 06:41:04,
338,338,data_quality,NEW,2026-09-28 06:41:04,
339,339,data_quality,NEW,2026-09-28 06:41:04,
340,340,data_quality,NEW,2026-09-28 06:41:04,
341,341,data_quality,NEW,2026-09-28 06:41:04,
342,342,data_quality,NEW,2026-09-28 06:41:04,
343,343,data_quality,NEW,2026-09-28 06:41:04,
344,344,data_quality,NEW,2026-09-28 06:41:04,
345,345,data_quality,NEW,2026-09-28 06:41:04,
346,346,data_quality,NEW,2026-09-28 06:41:04,
347,347,data_quality,NEW,2026-09-28 06:41:04,
348,348,data_quality,NEW,2026-09-28 06:41:04,
349,349,data_quality,NEW,2026-09-28 06:41:04,
350,350,data_quality,NEW,2026-09-28 06:41:04,
351,351,data_quality,NEW,2026-09-28 06:41:04,
352,352,data_quality,NEW,2026-09-28 06:41:04,
353,353,data_quality,NEW,2026-09-28 06:41:04,
354,354,data_quality,NEW,2026-09-28 06:41:04,
355,355,data_quality,NEW,2026-09-28 06:41:04,
356,356,data_quality,NEW,2026-09-28 06:41:04,
357,357,data_quality,NEW,2026-09-28 06:41:04,
358,358,data_quality,NEW,2026-09-28 06:41:04,
359,359,data_quality,NEW,2026-09-28 06:41:04,
360,360,data_quality,NEW,2026-09-28 06:41:04,
361,361,data_quality,NEW,2026-09-28 06:41:04,
362,362,data_quality,NEW,2026-09-28 06:41:04,
363,363,data_quality,NEW,2026-09-28 06:41:04,
364,364,data_quality,NEW,2026-09-28 06:41:04,
365,365,data_quality,NEW,2026-09-28 06:41:04,
366,366,data_quality,NEW,2026-09-28 06:41:04,
367,367,data_quality,NEW,2026-09-28 06:41:04,
368,368,data_quality,NEW,2026-09-28 06:41:04,
369,369,data_quality,NEW,2026-09-28 06:41:04,
370,370,data_quality,NEW,2026-09-28 06:41:04,
371,371,data_quality,NEW,2026-09-28 06:41:04,
372,372,data_quality,NEW,2026-09-28 06:41:04,
373,373,data_quality,NEW,2026-09-28 06:41:04,
374,374,data_quality,NEW,2026-09-28 06:41:04,
375,375,data_quality,NEW,2026-09-28 06:41:04,
376,376,data_quality,NEW,2026-09-28 06:41:04,
377,377,data_quality,NEW,2026-09-28 06:41:04,
378,378,data_quality,NEW,2026-09-28 06:41:04,
379,379,data_quality,NEW,2026-09-28 06:41:04,
380,380,data_quality,NEW,2026-09-28 06:41:04,
381,381,data_quality,NEW,2026-09-28 06:41:04,
382,382,data_quality,NEW,2026-09-28 06:41:04,
383,383,data_quality,NEW,2026-09-28 06:41:04,
384,384,data_quality,NEW,2026-09-28 06:41:04,
385,385,data_quality,NEW,2026-09-28 06:41:04,
386,386,data_quality,NEW,2026-09-28 06:41:04,
387,387,data_quality,NEW,2026-09-28 06:41:04,
388,388,data_quality,NEW,2026-09-28 06:41:04,
389,389,data_quality,NEW,2026-09-28 06:41:04,
390,390,data_quality,NEW,2026-09-28 06:41:04,
391,391,data_quality,NEW,2026-09-28 06:41:04,
392,392,data_quality,NEW,2026-09-28 06:41:04,
393,393,data_quality,NEW,2026-09-28 06:41:04,
394,394,data_quality,NEW,2026-09-28 06:41:04,
395,395,data_quality,NEW,2026-09-28 06:41:04,
396,396,data_quality,NEW,2026-09-28 06:41:04,
397,397,data_quality,NEW,2026-09-28 06:41:04,
398,398,data_quality,NEW,2026-09-28 06:41:04,
399,399,data_quality,NEW,2026-09-28 06:41:04,
400,400,data_quality,NEW,2026-09-28 06:41:04,
401,401,data_quality,NEW,2026-09-28 06:41:04,
402,402,data_quality,NEW,2026-09-28 06:41:04,
403,403,data_quality,NEW,2026-09-28 06:41:04,
404,404,data_quality,NEW,2026-09-28 06:41:04,
405,405,data_quality,NEW,2026-09-28 06:41:04,
406,406,data_quality,NEW,2026-09-28 06:41:04,
407,407,data_quality,NEW,2026-09-28 06:41:04,
408,408,data_quality,NEW,2026-09-28 06:41:04,
409,409,data_quality,NEW,2026-09-28 06:41:04,
410,410,data_quality,NEW,2026-09-28 06:41:04,
411,411,data_quality,NEW,2026-09-28 06:41:04,
412,412,data_quality,NEW,2026-09-28 06:41:04,
413,413,data_quality,NEW,2026-09-28 06:41:04,
414,414,data_quality,NEW,2026-09-28 06:41:04,
415,415,data_quality,NEW,2026-09-28 06:41:04,
416,416,data_quality,NEW,2026-09-28 06:41:04,
417,417,data_quality,NEW,2026-09-28 06:41:04,
418,418,data_quality,NEW,2026-09-28 06:41:04,
419,419,data_quality,NEW,2026-09-28 06:41:04,
420,420,data_quality,NEW,2026-09-28 06:41:04,
421,421,data_quality,NEW,2026-09-28 06:41:04,
422,422,data_quality,NEW,2026-09-28 06:41:04,
423,423,data_quality,NEW,2026-09-28 06:41:04,
424,424,data_quality,NEW,2026-09-28 06:41:04,
425,425,data_quality,NEW,2026-09-28 06:41:04,
426,426,data_quality,NEW,2026-09-28 06:41:04,
427,427,data_quality,NEW,2026-09-28 06:41:04,
428,428,data_quality,NEW,2026-09-28 06:41:04,
429,429,data_quality,NEW,2026-09-28 06:41:04,
430,430,data_quality,NEW,2026-09-28 06:41:04,
431,431,data_quality,NEW,2026-09-28 06:41:04,
432,432,data_quality,NEW,2026-09-28 06:41:04,
433,433,data_quality,NEW,2026-09-28 06:41:04,
434,434,data_quality,NEW,2026-09-28 06:41:04,
435,435,data_quality,NEW,2026-09-28 06:41:04,
436,436,data_quality,NEW,2026-09-28 06:41:04,
437,437,data_quality,NEW,2026-09-28 06:41:04,
438,438,data_quality,NEW,2026-09-28 06:41:04,
439,439,data_quality,NEW,2026-09-28 06:41:04,
440,440,data_quality,NEW,2026-09-28 06:41:04,
441,441,data_quality,NEW,2026-09-28 06:41:04,
442,442,data_quality,NEW,2026-09-28 06:41:04,
443,443,data_quality,NEW,2026-09-28 06:41:04,
444,444,data_quality,NEW,2026-09-28 06:41:04,
445,445,data_quality,NEW,2026-09-28 06:41:04,
446,446,data_quality,NEW,2026-09-28 06:41:04,
447,447,data_quality,NEW,2026-09-28 06:41:04,
448,448,data_quality,NEW,2026-09-28 06:41:04,
449,449,data_quality,NEW,2026-09-28 06:41:04,
450,450,data_quality,NEW,2026-09-28 06:41:04,
451,451,data_quality,NEW,2026-09-28 06:41:04,
452,452,data_quality,NEW,2026-09-28 06:41:04,
453,453,data_quality,NEW,2026-09-28 06:41:04,
454,454,data_quality,NEW,2026-09-28 06:41:04,
455,455,data_quality,NEW,2026-09-28 06:41:04,
456,456,data_quality,NEW,2026-09-28 06:41:04,
457,457,data_quality,NEW,2026-09-28 06:41:04,
458,458,data_quality,NEW,2026-09-28 06:41:04,
459,459,data_quality,NEW,2026-09-28 06:41:04,
460,460,data_quality,NEW,2026-09-28 06:41:04,
461,461,data_quality,NEW,2026-09-28 06:41:04,
462,462,data_quality,NEW,2026-09-28 06:41:04,
463,463,data_quality,NEW,2026-09-28 06:41:04,
464,464,data_quality,NEW,2026-09-28 06:41:04,
465,465,data_quality,NEW,2026-09-28 06:41:04,
466,466,data_quality,NEW,2026-09-28 06:41:04,
467,467,data_quality,NEW,2026-09-28 06:41:04,
468,468,data_quality,NEW,2026-09-28 06:41:04,
469,469,data_quality,NEW,2026-09-28 06:41:04,
470,470,data_quality,NEW,2026-09-28 06:41:04,
471,471,data_quality,NEW,2026-09-28 06:41:04,
472,472,data_quality,NEW,2026-09-28 06:41:04,
473,473,data_quality,NEW,2026-09-28 06:41:04,
474,474,data_quality,NEW,2026-09-28 06:41:04,
475,475,data_quality,NEW,2026-09-28 06:41:04,
476,476,data_quality,NEW,2026-09-28 06:41:04,
477,477,data_quality,NEW,2026-09-28 06:41:04,
478,478,data_quality,NEW,2026-09-28 06:41:04,
479,479,data_quality,NEW,2026-09-28 06:41:04,
480,480,data_quality,NEW,2026-09-28 06:41:04,
481,481,data_quality,NEW,2026-09-28 06:41:04,
482,482,data_quality,NEW,2026-09-28 06:41:04,
483,483,data_quality,NEW,2026-09-28 06:41:04,
484,484,data_quality,NEW,2026-09-28 06:41:04,
485,485,data_quality,NEW,2026-09-28 06:41:04,
486,486,data_quality,NEW,2026-09-28 06:41:04,
487,487,data_quality,NEW,2026-09-28 06:41:04,
488,488,data_quality,NEW,2026-09-28 06:41:04,
489,489,data_quality,NEW,2026-09-28 06:41:04,
490,490,data_quality,NEW,2026-09-28 06:41:04,
491,491,data_quality,NEW,2026-09-28 06:41:04,
492,492,data_quality,NEW,2026-09-28 06:41:04,
493,493,data_quality,NEW,2026-09-28 06:41:04,
494,494,data_quality,NEW,2026-09-28 06:41:04,
495,495,data_quality,NEW,2026-09-28 06:41:04,
496,496,data_quality,NEW,2026-09-28 06:41:04,
497,497,data_quality,NEW,2026-09-28 06:41:04,
498,498,data_quality,NEW,2026-09-28 06:41:04,
499,499,data_quality,NEW,2026-09-28 06:41:04,
500,500,data_quality,NEW,2026-09-28 06:41:04,
501,501,data_quality,NEW,2026-09-28 06:41:04,
502,502,data_quality,NEW,2026-09-28 06:41:04,
503,503,data_quality,NEW,2026-09-28 06:41:04,
504,504,data_quality,NEW,2026-09-28 06:41:04,
505,505,data_quality,NEW,2026-09-28 06:41:04,
506,506,data_quality,NEW,2026-09-28 06:41:04,
507,507,data_quality,NEW,2026-09-28 06:41:04,
508,508,data_quality,NEW,2026-09-28 06:41:04,
509,509,data_quality,NEW,2026-09-28 06:41:04,
510,510,data_quality,NEW,2026-09-28 06:41:04,
511,511,data_quality,NEW,2026-09-28 06:41:04,
512,512,data_quality,NEW,2026-09-28 06:41:04,
513,513,data_quality,NEW,2026-09-28 06:41:04,
514,514,data_quality,NEW,2026-09-28 06:41:04,
515,515,data_quality,NEW,2026-09-28 06:41:04,
516,516,data_quality,NEW,2026-09-28 06:41:04,
517,517,data_quality,NEW,2026-09-28 06:41:04,
518,518,data_quality,NEW,2026-09-28 06:41:04,
519,519,data_quality,NEW,2026-09-28 06:41:04,
520,520,data_quality,NEW,2026-09-28 06:41:04,
521,521,data_quality,NEW,2026-09-28 06:41:04,
522,522,data_quality,NEW,2026-09-28 06:41:04,
523,523,data_quality,NEW,2026-09-28 06:41:04,
524,524,data_quality,NEW,2026-09-28 06:41:04,
525,525,data_quality,NEW,2026-09-28 06:41:04,
526,526,data_quality,NEW,2026-09-28 06:41:04,
527,527,data_quality,NEW,2026-09-28 06:41:04,
528,528,data_quality,NEW,2026-09-28 06:41:04,
529,529,data_quality,NEW,2026-09-28 06:41:04,
530,530,data_quality,NEW,2026-09-28 06:41:04,
531,531,data_quality,NEW,2026-09-28 06:41:04,
532,532,data_quality,NEW,2026-09-28 06:41:04,
533,533,data_quality,NEW,2026-09-28 06:41:04,
534,534,data_quality,NEW,2026-09-28 06:41:04,
535,535,data_quality,NEW,2026-09-28 06:41:04,
536,536,data_quality,NEW,2026-09-28 06:41:04,
537,537,data_quality,NEW,2026-09-28 06:41:04,
538,538,data_quality,NEW,2026-09-28 06:41:04,
539,539,data_quality,NEW,2026-09-28 06:41:04,
540,540,data_quality,NEW,2026-09-28 06:41:04,
541,541,data_quality,NEW,2026-09-28 06:41:04,
542,542,data_quality,NEW,2026-09-28 06:41:04,
543,543,data_quality,NEW,2026-09-28 06:41:04,
544,544,data_quality,NEW,2026-09-28 06:41:04,
545,545,data_quality,NEW,2026-09-28 06:41:04,
546,546,data_quality,NEW,2026-09-28 06:41:04,
547,547,data_quality,NEW,2026-09-28 06:41:04,
548,548,data_quality,NEW,2026-09-28 06:41:04,
549,549,data_quality,NEW,2026-09-28 06:41:04,
550,550,data_quality,NEW,2026-09-28 06:41:04,
551,551,data_quality,NEW,2026-09-28 06:41:04,
552,552,data_quality,NEW,2026-09-28 06:41:04,
553,553,data_quality,NEW,2026-09-28 06:41:04,
554,554,data_quality,NEW,2026-09-28 06:41:04,
555,555,data_quality,NEW,2026-09-28 06:41:04,
556,556,data_quality,NEW,2026-09-28 06:41:04,
557,557,data_quality,NEW,2026-09-28 06:41:04,
558,558,data_quality,NEW,2026-09-28 06:41:04,
559,559,data_quality,NEW,2026-09-28 06:41:04,
560,560,data_quality,NEW,2026-09-28 06:41:04,
561,561,data_quality,NEW,2026-09-28 06:41:04,
562,562,data_quality,NEW,2026-09-28 06:41:04,
563,563,data_quality,NEW,2026-09-28 06:41:04,
564,564,data_quality,NEW,2026-09-28 06:41:04,
565,565,data_quality,NEW,2026-09-28 06:41:04,
566,566,data_quality,NEW,2026-09-28 06:41:04,
567,567,data_quality,NEW,2026-09-28 06:41:04,
568,568,data_quality,NEW,2026-09-28 06:41:04,
569,569,data_quality,NEW,2026-09-28 06:41:04,
570,570,data_quality,NEW,2026-09-28 06:41:04,
571,571,data_quality,NEW,2026-09-28 06:41:04,
572,572,data_quality,NEW,2026-09-28 06:41:04,
573,573,data_quality,NEW,2026-09-28 06:41:04,
574,574,data_quality,NEW,2026-09-28 06:41:04,
575,575,data_quality,NEW,2026-09-28 06:41:04,
576,576,data_quality,NEW,2026-09-28 06:41:04,
577,577,data_quality,NEW,2026-09-28 06:41:04,
578,578,data_quality,NEW,2026-09-28 06:41:04,
579,579,data_quality,NEW,2026-09-28 06:41:04,
580,580,data_quality,NEW,2026-09-28 06:41:04,
581,581,data_quality,NEW,2026-09-28 06:41:04,
582,582,data_quality,NEW,2026-09-28 06:41:04,
583,583,data_quality,NEW,2026-09-28 06:41:04,
584,584,data_quality,NEW,2026-09-28 06:41:04,
585,585,data_quality,NEW,2026-09-28 06:41:04,
586,586,data_quality,NEW,2026-09-28 06:41:04,
587,587,data_quality,NEW,2026-09-28 06:41:04,
588,588,data_quality,NEW,2026-09-28 06:41:04,
589,589,data_quality,NEW,2026-09-28 06:41:04,
590,590,data_quality,NEW,2026-09-28 06:41:04,
591,591,data_quality,NEW,2026-09-28 06:41:04,
592,592,data_quality,NEW,2026-09-28 06:41:04,
593,593,data_quality,NEW,2026-09-28 06:41:04,
594,594,data_quality,NEW,2026-09-28 06:41:04,
595,595,data_quality,NEW,2026-09-28 06:41:04,
596,596,data_quality,NEW,2026-09-28 06:41:04,
597,597,data_quality,NEW,2026-09-28 06:41:04,
598,598,data_quality,NEW,2026-09-28 06:41:04,
599,599,data_quality,NEW,2026-09-28 06:41:04,
600,600,data_quality,NEW,2026-09-28 06:41:04,
601,601,data_quality,NEW,2026-09-28 06:41:04,
602,602,data_quality,NEW,2026-09-28 06:41:04,
603,603,data_quality,NEW,2026-09-28 06:41:04,
604,604,data_quality,NEW,2026-09-28 06:41:04,
605,605,data_quality,NEW,2026-09-28 06:41:04,
606,606,data_quality,NEW,2026-09-28 06:41:04,
607,607,data_quality,NEW,2026-09-28 06:41:04,
608,608,data_quality,NEW,2026-09-28 06:41:04,
609,609,data_quality,NEW,2026-09-28 06:41:04,
610,610,data_quality,NEW,2026-09-28 06:41:04,
611,611,data_quality,NEW,2026-09-28 06:41:04,
612,612,data_quality,NEW,2026-09-28 06:41:04,
613,613,data_quality,NEW,2026-09-28 06:41:04,
614,614,data_quality,NEW,2026-09-28 06:41:04,
615,615,data_quality,NEW,2026-09-28 06:41:04,
616,616,data_quality,NEW,2026-09-28 06:41:04,
617,617,data_quality,NEW,2026-09-28 06:41:04,
618,618,data_quality,NEW,2026-09-28 06:41:04,
619,619,data_quality,NEW,2026-09-28 06:41:04,
620,620,data_quality,NEW,2026-09-28 06:41:04,
621,621,data_quality,NEW,2026-09-28 06:41:04,
622,622,data_quality,NEW,2026-09-28 06:41:04,
623,623,data_quality,NEW,2026-09-28 06:41:04,
624,624,data_quality,NEW,2026-09-28 06:41:04,
625,625,data_quality,NEW,2026-09-28 06:41:04,
626,626,data_quality,NEW,2026-09-28 06:41:04,
627,627,data_quality,NEW,2026-09-28 06:41:04,
628,628,data_quality,NEW,2026-09-28 06:41:04,
629,629,data_quality,NEW,2026-09-28 06:41:04,
630,630,data_quality,NEW,2026-09-28 06:41:04,
631,631,data_quality,NEW,2026-09-28 06:41:04,
632,632,data_quality,NEW,2026-09-28 06:41:04,
633,633,data_quality,NEW,2026-09-28 06:41:04,
634,634,data_quality,NEW,2026-09-28 06:41:04,
635,635,data_quality,NEW,2026-09-28 06:41:04,
636,636,data_quality,NEW,2026-09-28 06:41:04,
637,637,data_quality,NEW,2026-09-28 06:41:04,
638,638,data_quality,NEW,2026-09-28 06:41:04,
639,639,data_quality,NEW,2026-09-28 06:41:04,
640,640,data_quality,NEW,2026-09-28 06:41:04,
641,641,data_quality,NEW,2026-09-28 06:41:04,
642,642,data_quality,NEW,2026-09-28 06:41:04,
643,643,data_quality,NEW,2026-09-28 06:41:04,
644,644,data_quality,NEW,2026-09-28 06:41:04,
645,645,data_quality,NEW,2026-09-28 06:41:04,
646,646,data_quality,NEW,2026-09-28 06:41:04,
647,647,data_quality,NEW,2026-09-28 06:41:04,
648,648,data_quality,NEW,2026-09-28 06:41:04,
649,649,data_quality,NEW,2026-09-28 06:41:04,
650,650,data_quality,NEW,2026-09-28 06:41:04,
651,651,data_quality,NEW,2026-09-28 06:41:04,
652,652,data_quality,NEW,2026-09-28 06:41:04,
653,653,data_quality,NEW,2026-09-28 06:41:04,
654,654,data_quality,NEW,2026-09-28 06:41:04,
655,655,data_quality,NEW,2026-09-28 06:41:04,
656,656,data_quality,NEW,2026-09-28 06:41:04,
657,657,data_quality,NEW,2026-09-28 06:41:04,
658,658,data_quality,NEW,2026-09-28 06:41:04,
659,659,data_quality,NEW,2026-09-28 06:41:04,
660,660,data_quality,NEW,2026-09-28 06:41:04,
661,661,data_quality,NEW,2026-09-28 06:41:04,
662,662,data_quality,NEW,2026-09-28 06:41:04,
663,663,data_quality,NEW,2026-09-28 06:41:04,
664,664,data_quality,NEW,2026-09-28 06:41:04,
665,665,data_quality,NEW,2026-09-28 06:41:04,
666,666,data_quality,NEW,2026-09-28 06:41:04,
667,667,data_quality,NEW,2026-09-28 06:41:04,
668,668,data_quality,NEW,2026-09-28 06:41:04,
669,669,data_quality,NEW,2026-09-28 06:41:04,
670,670,data_quality,NEW,2026-09-28 06:41:04,
671,671,data_quality,NEW,2026-09-28 06:41:04,
672,672,data_quality,NEW,2026-09-28 06:41:04,
673,673,data_quality,NEW,2026-09-28 06:41:04,
674,674,data_quality,NEW,2026-09-28 06:41:04,
675,675,data_quality,NEW,2026-09-28 06:41:04,
676,676,data_quality,NEW,2026-09-28 06:41:04,
677,677,data_quality,NEW,2026-09-28 06:41:04,
678,678,data_quality,NEW,2026-09-28 06:41:04,
679,679,data_quality,NEW,2026-09-28 06:41:04,
680,680,data_quality,NEW,2026-09-28 06:41:04,
681,681,data_quality,NEW,2026-09-28 06:41:04,
682,682,data_quality,NEW,2026-09-28 06:41:04,
683,683,data_quality,NEW,2026-09-28 06:41:04,
684,684,data_quality,NEW,2026-09-28 06:41:04,
685,685,data_quality,NEW,2026-09-28 06:41:04,
686,686,data_quality,NEW,2026-09-28 06:41:04,
687,687,data_quality,NEW,2026-09-28 06:41:04,
688,688,data_quality,NEW,2026-09-28 06:41:04,
689,689,data_quality,NEW,2026-09-28 06:41:04,
690,690,data_quality,NEW,2026-09-28 06:41:04,
691,691,data_quality,NEW,2026-09-28 06:41:04,
692,692,data_quality,NEW,2026-09-28 06:41:04,
693,693,data_quality,NEW,2026-09-28 06:41:04,
694,694,data_quality,NEW,2026-09-28 06:41:04,
695,695,data_quality,NEW,2026-09-28 06:41:04,
696,696,data_quality,NEW,2026-09-28 06:41:04,
697,697,data_quality,NEW,2026-09-28 06:41:04,
698,698,data_quality,NEW,2026-09-28 06:41:04,
699,699,data_quality,NEW,2026-09-28 06:41:04,
700,700,data_quality,NEW,2026-09-28 06:41:04,
701,701,data_quality,NEW,2026-09-28 06:41:04,
702,702,data_quality,NEW,2026-09-28 06:41:04,
703,703,data_quality,NEW,2026-09-28 06:41:04,
704,704,data_quality,NEW,2026-09-28 06:41:04,
705,705,data_quality,NEW,2026-09-28 06:41:04,
706,706,data_quality,NEW,2026-09-28 06:41:04,
707,707,data_quality,NEW,2026-09-28 06:41:04,
708,708,data_quality,NEW,2026-09-28 06:41:04,
709,709,data_quality,NEW,2026-09-28 06:41:04,
710,710,data_quality,NEW,2026-09-28 06:41:04,
711,711,data_quality,NEW,2026-09-28 06:41:04,
712,712,data_quality,NEW,2026-09-28 06:41:04,
713,713,data_quality,NEW,2026-09-28 06:41:04,
714,714,data_quality,NEW,2026-09-28 06:41:04,
715,715,data_quality,NEW,2026-09-28 06:41:04,
716,716,data_quality,NEW,2026-09-28 06:41:04,
717,717,data_quality,NEW,2026-09-28 06:41:04,
718,718,data_quality,NEW,2026-09-28 06:41:04,
719,719,data_quality,NEW,2026-09-28 06:41:04,
720,720,data_quality,NEW,2026-09-28 06:41:04,
721,721,data_quality,NEW,2026-09-28 06:41:04,
722,722,data_quality,NEW,2026-09-28 06:41:04,
723,723,data_quality,NEW,2026-09-28 06:41:04,
724,724,data_quality,NEW,2026-09-28 06:41:04,
725,725,data_quality,NEW,2026-09-28 06:41:04,
726,726,data_quality,NEW,2026-09-28 06:41:04,
727,727,data_quality,NEW,2026-09-28 06:41:04,
728,728,data_quality,NEW,2026-09-28 06:41:04,
729,729,data_quality,NEW,2026-09-28 06:41:04,
730,730,data_quality,NEW,2026-09-28 06:41:04,
731,731,data_quality,NEW,2026-09-28 06:41:04,
732,732,data_quality,NEW,2026-09-28 06:41:04,
733,733,data_quality,NEW,2026-09-28 06:41:04,
734,734,data_quality,NEW,2026-09-28 06:41:04,
735,735,data_quality,NEW,2026-09-28 06:41:04,
736,736,data_quality,NEW,2026-09-28 06:41:04,
737,737,data_quality,NEW,2026-09-28 06:41:04,
738,738,data_quality,NEW,2026-09-28 06:41:04,
739,739,data_quality,NEW,2026-09-28 06:41:04,
740,740,data_quality,NEW,2026-09-28 06:41:04,
741,741,data_quality,NEW,2026-09-28 06:41:04,
742,742,data_quality,NEW,2026-09-28 06:41:04,
743,743,data_quality,NEW,2026-09-28 06:41:04,
744,744,data_quality,NEW,2026-09-28 06:41:04,
745,745,data_quality,NEW,2026-09-28 06:41:04,
746,746,data_quality,NEW,2026-09-28 06:41:04,
747,747,data_quality,NEW,2026-09-28 06:41:04,
748,748,data_quality,NEW,2026-09-28 06:41:04,
749,749,data_quality,NEW,2026-09-28 06:41:04,
750,750,data_quality,NEW,2026-09-28 06:41:04,
751,751,data_quality,NEW,2026-09-28 06:41:04,
752,752,data_quality,NEW,2026-09-28 06:41:04,
753,753,data_quality,NEW,2026-09-28 06:41:04,
754,754,data_quality,NEW,2026-09-28 06:41:04,
755,755,data_quality,NEW,2026-09-28 06:41:04,
756,756,data_quality,NEW,2026-09-28 06:41:04,
757,757,data_quality,NEW,2026-09-28 06:41:04,
758,758,data_quality,NEW,2026-09-28 06:41:04,
759,759,data_quality,NEW,2026-09-28 06:41:04,
760,760,data_quality,NEW,2026-09-28 06:41:04,
761,761,data_quality,NEW,2026-09-28 06:41:04,
762,762,data_quality,NEW,2026-09-28 06:41:04,
763,763,data_quality,NEW,2026-09-28 06:41:04,
764,764,data_quality,NEW,2026-09-28 06:41:04,
765,765,data_quality,NEW,2026-09-28 06:41:04,
766,766,data_quality,NEW,2026-09-28 06:41:04,
767,767,data_quality,NEW,2026-09-28 06:41:04,
768,768,data_quality,NEW,2026-09-28 06:41:04,
769,769,data_quality,NEW,2026-09-28 06:41:04,
770,770,data_quality,NEW,2026-09-28 06:41:04,
771,771,data_quality,NEW,2026-09-28 06:41:04,
772,772,data_quality,NEW,2026-09-28 06:41:04,
773,773,data_quality,NEW,2026-09-28 06:41:04,
774,774,data_quality,NEW,2026-09-28 06:41:04,
775,775,data_quality,NEW,2026-09-28 06:41:04,
776,776,data_quality,NEW,2026-09-28 06:41:04,
777,777,data_quality,NEW,2026-09-28 06:41:04,
778,778,data_quality,NEW,2026-09-28 06:41:04,
779,779,data_quality,NEW,2026-09-28 06:41:04,
780,780,data_quality,NEW,2026-09-28 06:41:04,
781,781,data_quality,NEW,2026-09-28 06:41:04,
782,782,data_quality,NEW,2026-09-28 06:41:04,
783,783,data_quality,NEW,2026-09-28 06:41:04,
784,784,data_quality,NEW,2026-09-28 06:41:04,
785,785,data_quality,NEW,2026-09-28 06:41:04,
786,786,data_quality,NEW,2026-09-28 06:41:04,
787,787,data_quality,NEW,2026-09-28 06:41:04,
788,788,data_quality,NEW,2026-09-28 06:41:04,
789,789,data_quality,NEW,2026-09-28 06:41:04,
790,790,data_quality,NEW,2026-09-28 06:41:04,
791,791,data_quality,NEW,2026-09-28 06:41:04,
792,792,data_quality,NEW,2026-09-28 06:41:04,
793,793,data_quality,NEW,2026-09-28 06:41:04,
794,794,data_quality,NEW,2026-09-28 06:41:04,
795,795,data_quality,NEW,2026-09-28 06:41:04,
796,796,data_quality,NEW,2026-09-28 06:41:04,
797,797,data_quality,NEW,2026-09-28 06:41:04,
798,798,data_quality,NEW,2026-09-28 06:41:04,
799,799,data_quality,NEW,2026-09-28 06:41:04,
800,800,data_quality,NEW,2026-09-28 06:41:04,
801,801,data_quality,NEW,2026-09-28 06:41:04,
802,802,data_quality,NEW,2026-09-28 06:41:04,
803,803,data_quality,NEW,2026-09-28 06:41:04,
804,804,data_quality,NEW,2026-09-28 06:41:04,
805,805,data_quality,NEW,2026-09-28 06:41:04,
806,806,data_quality,NEW,2026-09-28 06:41:04,
807,807,data_quality,NEW,2026-09-28 06:41:04,
808,808,data_quality,NEW,2026-09-28 06:41:04,
809,809,data_quality,NEW,2026-09-28 06:41:04,
810,810,data_quality,NEW,2026-09-28 06:41:04,
811,811,data_quality,NEW,2026-09-28 06:41:04,
812,812,data_quality,NEW,2026-09-28 06:41:04,
813,813,data_quality,NEW,2026-09-28 06:41:04,
814,814,data_quality,NEW,2026-09-28 06:41:04,
815,815,data_quality,NEW,2026-09-28 06:41:04,
816,816,data_quality,NEW,2026-09-28 06:41:04,
817,817,data_quality,NEW,2026-09-28 06:41:04,
818,818,data_quality,NEW,2026-09-28 06:41:04,
819,819,data_quality,NEW,2026-09-28 06:41:04,
820,820,data_quality,NEW,2026-09-28 06:41:04,
821,821,data_quality,NEW,2026-09-28 06:41:04,
822,822,data_quality,NEW,2026-09-28 06:41:04,
823,823,data_quality,NEW,2026-09-28 06:41:04,
824,824,data_quality,NEW,2026-09-28 06:41:04,
825,825,data_quality,NEW,2026-09-28 06:41:04,
826,826,data_quality,NEW,2026-09-28 06:41:04,
827,827,data_quality,NEW,2026-09-28 06:41:04,
828,828,data_quality,NEW,2026-09-28 06:41:04,
829,829,data_quality,NEW,2026-09-28 06:41:04,
830,830,data_quality,NEW,2026-09-28 06:41:04,
831,831,data_quality,NEW,2026-09-28 06:41:04,
832,832,data_quality,NEW,2026-09-28 06:41:04,
833,833,data_quality,NEW,2026-09-28 06:41:04,
834,834,data_quality,NEW,2026-09-28 06:41:04,
835,835,data_quality,NEW,2026-09-28 06:41:04,
836,836,data_quality,NEW,2026-09-28 06:41:04,
837,837,data_quality,NEW,2026-09-28 06:41:04,
838,838,data_quality,NEW,2026-09-28 06:41:04,
839,839,data_quality,NEW,2026-09-28 06:41:04,
840,840,data_quality,NEW,2026-09-28 06:41:04,
841,841,data_quality,NEW,2026-09-28 06:41:04,
842,842,data_quality,NEW,2026-09-28 06:41:04,
843,843,data_quality,NEW,2026-09-28 06:41:04,
844,844,data_quality,NEW,2026-09-28 06:41:04,
845,845,data_quality,NEW,2026-09-28 06:41:04,
846,846,data_quality,NEW,2026-09-28 06:41:04,
847,847,data_quality,NEW,2026-09-28 06:41:04,
848,848,data_quality,NEW,2026-09-28 06:41:04,
849,849,data_quality,NEW,2026-09-28 06:41:04,
850,850,data_quality,NEW,2026-09-28 06:41:04,
851,851,data_quality,NEW,2026-09-28 06:41:04,
852,852,data_quality,NEW,2026-09-28 06:41:04,
853,853,data_quality,NEW,2026-09-28 06:41:04,
854,854,data_quality,NEW,2026-09-28 06:41:04,
855,855,data_quality,NEW,2026-09-28 06:41:04,
856,856,data_quality,NEW,2026-09-28 06:41:04,
857,857,data_quality,NEW,2026-09-28 06:41:04,
858,858,data_quality,NEW,2026-09-28 06:41:04,
859,859,data_quality,NEW,2026-09-28 06:41:04,
860,860,data_quality,NEW,2026-09-28 06:41:04,
861,861,data_quality,NEW,2026-09-28 06:41:04,
862,862,data_quality,NEW,2026-09-28 06:41:04,
863,863,data_quality,NEW,2026-09-28 06:41:04,
864,864,data_quality,NEW,2026-09-28 06:41:04,
865,865,data_quality,NEW,2026-09-28 06:41:04,
866,866,data_quality,NEW,2026-09-28 06:41:04,
867,867,data_quality,NEW,2026-09-28 06:41:04,
868,868,data_quality,NEW,2026-09-28 06:41:04,
869,869,data_quality,NEW,2026-09-28 06:41:04,
870,870,data_quality,NEW,2026-09-28 06:41:04,
871,871,data_quality,NEW,2026-09-28 06:41:04,
872,872,data_quality,NEW,2026-09-28 06:41:04,
873,873,data_quality,NEW,2026-09-28 06:41:04,
874,874,data_quality,NEW,2026-09-28 06:41:04,
875,875,data_quality,NEW,2026-09-28 06:41:04,
876,876,data_quality,NEW,2026-09-28 06:41:04,
877,877,data_quality,NEW,2026-09-28 06:41:04,
878,878,data_quality,NEW,2026-09-28 06:41:04,
879,879,data_quality,NEW,2026-09-28 06:41:04,
880,880,data_quality,NEW,2026-09-28 06:41:04,
881,881,data_quality,NEW,2026-09-28 06:41:04,
882,882,data_quality,NEW,2026-09-28 06:41:04,
883,883,data_quality,NEW,2026-09-28 06:41:04,
884,884,data_quality,NEW,2026-09-28 06:41:04,
885,885,data_quality,NEW,2026-09-28 06:41:04,
886,886,data_quality,NEW,2026-09-28 06:41:04,
887,887,data_quality,NEW,2026-09-28 06:41:04,
888,888,data_quality,NEW,2026-09-28 06:41:04,
889,889,data_quality,NEW,2026-09-28 06:41:04,
890,890,data_quality,NEW,2026-09-28 06:41:04,
891,891,data_quality,NEW,2026-09-28 06:41:04,
892,892,data_quality,NEW,2026-09-28 06:41:04,
893,893,data_quality,NEW,2026-09-28 06:41:04,
894,894,data_quality,NEW,2026-09-28 06:41:04,
895,895,data_quality,NEW,2026-09-28 06:41:04,
896,896,data_quality,NEW,2026-09-28 06:41:04,
897,897,data_quality,NEW,2026-09-28 06:41:04,
898,898,data_quality,NEW,2026-09-28 06:41:04,
899,899,data_quality,NEW,2026-09-28 06:41:04,
900,900,data_quality,NEW,2026-09-28 06:41:04,
901,901,data_quality,NEW,2026-09-28 06:41:04,
902,902,data_quality,NEW,2026-09-28 06:41:04,
903,903,data_quality,NEW,2026-09-28 06:41:04,
904,904,data_quality,NEW,2026-09-28 06:41:04,
905,905,data_quality,NEW,2026-09-28 06:41:04,
906,906,data_quality,NEW,2026-09-28 06:41:04,
907,907,data_quality,NEW,2026-09-28 06:41:04,
908,908,data_quality,NEW,2026-09-28 06:41:04,
909,909,data_quality,NEW,2026-09-28 06:41:04,
910,910,data_quality,NEW,2026-09-28 06:41:04,
911,911,data_quality,NEW,2026-09-28 06:41:04,
912,912,data_quality,NEW,2026-09-28 06:41:04,
913,913,data_quality,NEW,2026-09-28 06:41:04,
914,914,data_quality,NEW,2026-09-28 06:41:04,
915,915,data_quality,NEW,2026-09-28 06:41:04,
916,916,data_quality,NEW,2026-09-28 06:41:04,
917,917,data_quality,NEW,2026-09-28 06:41:04,
918,918,data_quality,NEW,2026-09-28 06:41:04,
919,919,data_quality,NEW,2026-09-28 06:41:04,
920,920,data_quality,NEW,2026-09-28 06:41:04,
921,921,data_quality,NEW,2026-09-28 06:41:04,
922,922,data_quality,NEW,2026-09-28 06:41:04,
923,923,data_quality,NEW,2026-09-28 06:41:04,
924,924,data_quality,NEW,2026-09-28 06:41:04,
925,925,data_quality,NEW,2026-09-28 06:41:04,
926,926,data_quality,NEW,2026-09-28 06:41:04,
927,927,data_quality,NEW,2026-09-28 06:41:04,
928,928,data_quality,NEW,2026-09-28 06:41:04,
929,929,data_quality,NEW,2026-09-28 06:41:04,
930,930,data_quality,NEW,2026-09-28 06:41:04,
931,931,data_quality,NEW,2026-09-28 06:41:04,
932,932,data_quality,NEW,2026-09-28 06:41:04,
933,933,data_quality,NEW,2026-09-28 06:41:04,
934,934,data_quality,NEW,2026-09-28 06:41:04,
935,935,data_quality,NEW,2026-09-28 06:41:04,
936,936,data_quality,NEW,2026-09-28 06:41:04,
937,937,data_quality,NEW,2026-09-28 06:41:04,
938,938,data_quality,NEW,2026-09-28 06:41:04,
939,939,data_quality,NEW,2026-09-28 06:41:04,
940,940,data_quality,NEW,2026-09-28 06:41:04,
941,941,data_quality,NEW,2026-09-28 06:41:04,
942,942,data_quality,NEW,2026-09-28 06:41:04,
943,943,data_quality,NEW,2026-09-28 06:41:04,
944,944,data_quality,NEW,2026-09-28 06:41:04,
945,945,data_quality,NEW,2026-09-28 06:41:04,
946,946,data_quality,NEW,2026-09-28 06:41:04,
947,947,data_quality,NEW,2026-09-28 06:41:04,
948,948,data_quality,NEW,2026-09-28 06:41:04,
949,949,data_quality,NEW,2026-09-28 06:41:04,
950,950,data_quality,NEW,2026-09-28 06:41:04,
951,951,data_quality,NEW,2026-09-28 06:41:04,
952,952,data_quality,NEW,2026-09-28 06:41:04,
953,953,data_quality,NEW,2026-09-28 06:41:04,
954,954,data_quality,NEW,2026-09-28 06:41:04,
955,955,data_quality,NEW,2026-09-28 06:41:04,
956,956,data_quality,NEW,2026-09-28 06:41:04,
957,957,data_quality,NEW,2026-09-28 06:41:04,
958,958,data_quality,NEW,2026-09-28 06:41:04,
959,959,data_quality,NEW,2026-09-28 06:41:04,
960,960,data_quality,NEW,2026-09-28 06:41:04,
961,961,data_quality,NEW,2026-09-28 06:41:04,
962,962,data_quality,NEW,2026-09-28 06:41:04,
963,963,data_quality,NEW,2026-09-28 06:41:04,
964,964,data_quality,NEW,2026-09-28 06:41:04,
965,965,data_quality,NEW,2026-09-28 06:41:04,
966,966,data_quality,NEW,2026-09-28 06:41:04,
967,967,data_quality,NEW,2026-09-28 06:41:04,
968,968,data_quality,NEW,2026-09-28 06:41:04,
969,969,data_quality,NEW,2026-09-28 06:41:04,
970,970,data_quality,NEW,2026-09-28 06:41:04,
971,971,data_quality,NEW,2026-09-28 06:41:04,
972,972,data_quality,NEW,2026-09-28 06:41:04,
973,973,data_quality,NEW,2026-09-28 06:41:04,
974,974,data_quality,NEW,2026-09-28 06:41:04,
975,975,data_quality,NEW,2026-09-28 06:41:04,
976,976,data_quality,NEW,2026-09-28 06:41:04,
977,977,data_quality,NEW,2026-09-28 06:41:04,
978,978,data_quality,NEW,2026-09-28 06:41:04,
979,979,data_quality,NEW,2026-09-28 06:41:04,
980,980,data_quality,NEW,2026-09-28 06:41:04,
981,981,data_quality,NEW,2026-09-28 06:41:04,
982,982,data_quality,NEW,2026-09-28 06:41:04,
983,983,data_quality,NEW,2026-09-28 06:41:04,
984,984,data_quality,NEW,2026-09-28 06:41:04,
985,985,data_quality,NEW,2026-09-28 06:41:04,
986,986,data_quality,NEW,2026-09-28 06:41:04,
987,987,data_quality,NEW,2026-09-28 06:41:04,
988,988,data_quality,NEW,2026-09-28 06:41:04,
989,989,data_quality,NEW,2026-09-28 06:41:04,
990,990,data_quality,NEW,2026-09-28 06:41:04,
991,991,data_quality,NEW,2026-09-28 06:41:04,
992,992,data_quality,NEW,2026-09-28 06:41:04,
993,993,data_quality,NEW,2026-09-28 06:41:04,
994,994,data_quality,NEW,2026-09-28 06:41:04,
995,995,data_quality,NEW,2026-09-28 06:41:04,
996,996,data_quality,NEW,2026-09-28 06:41:04,
997,997,data_quality,NEW,2026-09-28 06:41:04,
998,998,data_quality,NEW,2026-09-28 06:41:04,
999,999,data_quality,NEW,2026-09-28 06:41:04,
1000,1000,data_quality,NEW,2026-09-28 06:41:04,
1001,1001,data_quality,NEW,2026-09-28 06:41:04,
1002,1002,data_quality,NEW,2026-09-28 06:41:04,
1003,1003,data_quality,NEW,2026-09-28 06:41:04,
1004,1004,data_quality,NEW,2026-09-28 06:41:04,
1005,1005,data_quality,NEW,2026-09-28 06:41:04,
1006,1006,data_quality,NEW,2026-09-28 06:41:04,
1007,1007,data_quality,NEW,2026-09-28 06:41:04,
1008,1008,data_quality,NEW,2026-09-28 06:41:04,
1009,1009,data_quality,NEW,2026-09-28 06:41:04,
1010,1010,data_quality,NEW,2026-09-28 06:41:04,
1011,1011,data_quality,NEW,2026-09-28 06:41:04,
1012,1012,data_quality,NEW,2026-09-28 06:41:04,
1013,1013,data_quality,NEW,2026-09-28 06:41:04,
1014,1014,data_quality,NEW,2026-09-28 06:41:04,
1015,1015,data_quality,NEW,2026-09-28 06:41:04,
1016,1016,data_quality,NEW,2026-09-28 06:41:04,
1017,1017,data_quality,NEW,2026-09-28 06:41:04,
1018,1018,data_quality,NEW,2026-09-28 06:41:04,
1019,1019,data_quality,NEW,2026-09-28 06:41:04,
1020,1020,data_quality,NEW,2026-09-28 06:41:04,
1021,1021,data_quality,NEW,2026-09-28 06:41:04,
1022,1022,data_quality,NEW,2026-09-28 06:41:04,
1023,1023,data_quality,NEW,2026-09-28 06:41:04,
1024,1024,data_quality,NEW,2026-09-28 06:41:04,
1025,1025,data_quality,NEW,2026-09-28 06:41:04,
1026,1026,data_quality,NEW,2026-09-28 06:41:04,
1027,1027,data_quality,NEW,2026-09-28 06:41:04,
1028,1028,data_quality,NEW,2026-09-28 06:41:04,
1029,1029,data_quality,NEW,2026-09-28 06:41:04,
1030,1030,data_quality,NEW,2026-09-28 06:41:04,
1031,1031,data_quality,NEW,2026-09-28 06:41:04,
1032,1032,data_quality,NEW,2026-09-28 06:41:04,
1033,1033,data_quality,NEW,2026-09-28 06:41:04,
1034,1034,data_quality,NEW,2026-09-28 06:41:04,
1035,1035,data_quality,NEW,2026-09-28 06:41:04,
1036,1036,data_quality,NEW,2026-09-28 06:41:04,
1037,1037,data_quality,NEW,2026-09-28 06:41:04,
1038,1038,data_quality,NEW,2026-09-28 06:41:04,
1039,1039,data_quality,NEW,2026-09-28 06:41:04,
1040,1040,data_quality,NEW,2026-09-28 06:41:04,
1041,1041,data_quality,NEW,2026-09-28 06:41:04,
1042,1042,data_quality,NEW,2026-09-28 06:41:04,
1043,1043,data_quality,NEW,2026-09-28 06:41:04,
1044,1044,data_quality,NEW,2026-09-28 06:41:04,
1045,1045,data_quality,NEW,2026-09-28 06:41:04,
1046,1046,data_quality,NEW,2026-09-28 06:41:04,
1047,1047,data_quality,NEW,2026-09-28 06:41:04,
1048,1048,data_quality,NEW,2026-09-28 06:41:04,
1049,1049,data_quality,NEW,2026-09-28 06:41:04,
1050,1050,data_quality,NEW,2026-09-28 06:41:04,
1051,1051,data_quality,NEW,2026-09-28 06:41:04,
1052,1052,data_quality,NEW,2026-09-28 06:41:04,
1053,1053,data_quality,NEW,2026-09-28 06:41:04,
1054,1054,data_quality,NEW,2026-09-28 06:41:04,
1055,1055,data_quality,NEW,2026-09-28 06:41:04,
1056,1056,data_quality,NEW,2026-09-28 06:41:04,
1057,1057,data_quality,NEW,2026-09-28 06:41:04,
1058,1058,data_quality,NEW,2026-09-28 06:41:04,
1059,1059,data_quality,NEW,2026-09-28 06:41:04,
1060,1060,data_quality,NEW,2026-09-28 06:41:04,
1061,1061,data_quality,NEW,2026-09-28 06:41:04,
1062,1062,data_quality,NEW,2026-09-28 06:41:04,
1063,1063,data_quality,NEW,2026-09-28 06:41:04,
1064,1064,data_quality,NEW,2026-09-28 06:41:04,
1065,1065,data_quality,NEW,2026-09-28 06:41:04,
1066,1066,data_quality,NEW,2026-09-28 06:41:04,
1067,1067,data_quality,NEW,2026-09-28 06:41:04,
1068,1068,data_quality,NEW,2026-09-28 06:41:04,
1069,1069,data_quality,NEW,2026-09-28 06:41:04,
1070,1070,data_quality,NEW,2026-09-28 06:41:04,
1071,1071,data_quality,NEW,2026-09-28 06:41:04,
1072,1072,data_quality,NEW,2026-09-28 06:41:04,
1073,1073,data_quality,NEW,2026-09-28 06:41:04,
1074,1074,data_quality,NEW,2026-09-28 06:41:04,
1075,1075,data_quality,NEW,2026-09-28 06:41:04,
1076,1076,data_quality,NEW,2026-09-28 06:41:04,
1077,1077,data_quality,NEW,2026-09-28 06:41:04,
1078,1078,data_quality,NEW,2026-09-28 06:41:04,
1079,1079,data_quality,NEW,2026-09-28 06:41:04,
1080,1080,data_quality,NEW,2026-09-28 06:41:04,
1081,1081,data_quality,NEW,2026-09-28 06:41:04,
1082,1082,data_quality,NEW,2026-09-28 06:41:04,
1083,1083,data_quality,NEW,2026-09-28 06:41:04,
1084,1084,data_quality,NEW,2026-09-28 06:41:04,
1085,1085,data_quality,NEW,2026-09-28 06:41:04,
1086,1086,data_quality,NEW,2026-09-28 06:41:04,
1087,1087,data_quality,NEW,2026-09-28 06:41:04,
1088,1088,data_quality,NEW,2026-09-28 06:41:04,
1089,1089,data_quality,NEW,2026-09-28 06:41:04,
1090,1090,data_quality,NEW,2026-09-28 06:41:04,
1091,1091,data_quality,NEW,2026-09-28 06:41:04,
1092,1092,data_quality,NEW,2026-09-28 06:41:04,
1093,1093,data_quality,NEW,2026-09-28 06:41:04,
1094,1094,data_quality,NEW,2026-09-28 06:41:04,
1095,1095,data_quality,NEW,2026-09-28 06:41:04,
1096,1096,data_quality,NEW,2026-09-28 06:41:04,
1097,1097,data_quality,NEW,2026-09-28 06:41:04,
1098,1098,data_quality,NEW,2026-09-28 06:41:04,
1099,1099,data_quality,NEW,2026-09-28 06:41:04,
1100,1100,data_quality,NEW,2026-09-28 06:41:04,
1101,1101,data_quality,NEW,2026-09-28 06:41:04,
1102,1102,data_quality,NEW,2026-09-28 06:41:04,
1103,1103,data_quality,NEW,2026-09-28 06:41:04,
1104,1104,data_quality,NEW,2026-09-28 06:41:04,
1105,1105,data_quality,NEW,2026-09-28 06:41:04,
1106,1106,data_quality,NEW,2026-09-28 06:41:04,
1107,1107,data_quality,NEW,2026-09-28 06:41:04,
1108,1108,data_quality,NEW,2026-09-28 06:41:04,
1109,1109,data_quality,NEW,2026-09-28 06:41:04,
1110,1110,data_quality,NEW,2026-09-28 06:41:04,
1111,1111,data_quality,NEW,2026-09-28 06:41:04,
1112,1112,data_quality,NEW,2026-09-28 06:41:04,
1113,1113,data_quality,NEW,2026-09-28 06:41:04,
1114,1114,data_quality,NEW,2026-09-28 06:41:04,
1115,1115,data_quality,NEW,2026-09-28 06:41:04,
1116,1116,data_quality,NEW,2026-09-28 06:41:04,
1117,1117,data_quality,NEW,2026-09-28 06:41:04,
1118,1118,data_quality,NEW,2026-09-28 06:41:04,
1119,1119,data_quality,NEW,2026-09-28 06:41:04,
1120,1120,data_quality,NEW,2026-09-28 06:41:04,
1121,1121,data_quality,NEW,2026-09-28 06:41:04,
1122,1122,data_quality,NEW,2026-09-28 06:41:04,
1123,1123,data_quality,NEW,2026-09-28 06:41:04,
1124,1124,data_quality,NEW,2026-09-28 06:41:04,
1125,1125,data_quality,NEW,2026-09-28 06:41:04,
1126,1126,data_quality,NEW,2026-09-28 06:41:04,
1127,1127,data_quality,NEW,2026-09-28 06:41:04,
1128,1128,data_quality,NEW,2026-09-28 06:41:04,
1129,1129,data_quality,NEW,2026-09-28 06:41:04,
1130,1130,data_quality,NEW,2026-09-28 06:41:04,
1131,1131,data_quality,NEW,2026-09-28 06:41:04,
1132,1132,data_quality,NEW,2026-09-28 06:41:04,
1133,1133,data_quality,NEW,2026-09-28 06:41:04,
1134,1134,data_quality,NEW,2026-09-28 06:41:04,
1135,1135,data_quality,NEW,2026-09-28 06:41:04,
1136,1136,data_quality,NEW,2026-09-28 06:41:04,
1137,1137,data_quality,NEW,2026-09-28 06:41:04,
1138,1138,data_quality,NEW,2026-09-28 06:41:04,
1139,1139,data_quality,NEW,2026-09-28 06:41:04,
1140,1140,data_quality,NEW,2026-09-28 06:41:04,
1141,1141,data_quality,NEW,2026-09-28 06:41:04,
1142,1142,data_quality,NEW,2026-09-28 06:41:04,
1143,1143,data_quality,NEW,2026-09-28 06:41:04,
1144,1144,data_quality,NEW,2026-09-28 06:41:04,
1145,1145,data_quality,NEW,2026-09-28 06:41:04,
1146,1146,data_quality,NEW,2026-09-28 06:41:04,
1147,1147,data_quality,NEW,2026-09-28 06:41:04,
1148,1148,data_quality,NEW,2026-09-28 06:41:04,
1149,1149,data_quality,NEW,2026-09-28 06:41:04,
1150,1150,data_quality,NEW,2026-09-28 06:41:04,
1151,1151,data_quality,NEW,2026-09-28 06:41:04,
1152,1152,data_quality,NEW,2026-09-28 06:41:04,
1153,1153,data_quality,NEW,2026-09-28 06:41:04,
1154,1154,data_quality,NEW,2026-09-28 06:41:04,
1155,1155,data_quality,NEW,2026-09-28 06:41:04,
1156,1156,data_quality,NEW,2026-09-28 06:41:04,
1157,1157,data_quality,NEW,2026-09-28 06:41:04,
1158,1158,data_quality,NEW,2026-09-28 06:41:04,
1159,1159,data_quality,NEW,2026-09-28 06:41:04,
1160,1160,data_quality,NEW,2026-09-28 06:41:04,
1161,1161,data_quality,NEW,2026-09-28 06:41:04,
1162,1162,data_quality,NEW,2026-09-28 06:41:04,
1163,1163,data_quality,NEW,2026-09-28 06:41:04,
1164,1164,data_quality,NEW,2026-09-28 06:41:04,
1165,1165,data_quality,NEW,2026-09-28 06:41:04,
1166,1166,data_quality,NEW,2026-09-28 06:41:04,
1167,1167,data_quality,NEW,2026-09-28 06:41:04,
1168,1168,data_quality,NEW,2026-09-28 06:41:04,
1169,1169,data_quality,NEW,2026-09-28 06:41:04,
1170,1170,data_quality,NEW,2026-09-28 06:41:04,
1171,1171,data_quality,NEW,2026-09-28 06:41:04,
1172,1172,data_quality,NEW,2026-09-28 06:41:04,
1173,1173,data_quality,NEW,2026-09-28 06:41:04,
1174,1174,data_quality,NEW,2026-09-28 06:41:04,
1175,1175,data_quality,NEW,2026-09-28 06:41:04,
1176,1176,data_quality,NEW,2026-09-28 06:41:04,
1177,1177,data_quality,NEW,2026-09-28 06:41:04,
1178,1178,data_quality,NEW,2026-09-28 06:41:04,
1179,1179,data_quality,NEW,2026-09-28 06:41:04,
1180,1180,data_quality,NEW,2026-09-28 06:41:04,
1181,1181,data_quality,NEW,2026-09-28 06:41:04,
1182,1182,data_quality,NEW,2026-09-28 06:41:04,
1183,1183,data_quality,NEW,2026-09-28 06:41:04,
1184,1184,data_quality,NEW,2026-09-28 06:41:04,
1185,1185,data_quality,NEW,2026-09-28 06:41:04,
1186,1186,data_quality,NEW,2026-09-28 06:41:04,
1187,1187,data_quality,NEW,2026-09-28 06:41:04,
1188,1188,data_quality,NEW,2026-09-28 06:41:04,
1189,1189,data_quality,NEW,2026-09-28 06:41:04,
1190,1190,data_quality,NEW,2026-09-28 06:41:04,
1191,1191,data_quality,NEW,2026-09-28 06:41:04,
1192,1192,data_quality,NEW,2026-09-28 06:41:04,
1193,1193,data_quality,NEW,2026-09-28 06:41:04,
1194,1194,data_quality,NEW,2026-09-28 06:41:04,
1195,1195,data_quality,NEW,2026-09-28 06:41:04,
1196,1196,data_quality,NEW,2026-09-28 06:41:04,
1197,1197,data_quality,NEW,2026-09-28 06:41:04,
1198,1198,data_quality,NEW,2026-09-28 06:41:04,
1199,1199,data_quality,NEW,2026-09-28 06:41:04,
1200,1200,data_quality,NEW,2026-09-28 06:41:04,
1201,1201,data_quality,NEW,2026-09-28 06:41:04,
1202,1202,data_quality,NEW,2026-09-28 06:41:04,
1203,1203,data_quality,NEW,2026-09-28 06:41:04,
1204,1204,data_quality,NEW,2026-09-28 06:41:04,
1205,1205,data_quality,NEW,2026-09-28 06:41:04,
1206,1206,data_quality,NEW,2026-09-28 06:41:04,
1207,1207,data_quality,NEW,2026-09-28 06:41:04,
1208,1208,data_quality,NEW,2026-09-28 06:41:04,
1209,1209,data_quality,NEW,2026-09-28 06:41:04,
1210,1210,data_quality,NEW,2026-09-28 06:41:04,
1211,1211,data_quality,NEW,2026-09-28 06:41:04,
1212,1212,data_quality,NEW,2026-09-28 06:41:04,
1213,1213,data_quality,NEW,2026-09-28 06:41:04,
1214,1214,data_quality,NEW,2026-09-28 06:41:04,
1215,1215,data_quality,NEW,2026-09-28 06:41:04,
1216,1216,data_quality,NEW,2026-09-28 06:41:04,
1217,1217,data_quality,NEW,2026-09-28 06:41:04,
1218,1218,data_quality,NEW,2026-09-28 06:41:04,
1219,1219,data_quality,NEW,2026-09-28 06:41:04,
1220,1220,data_quality,NEW,2026-09-28 06:41:04,
1221,1221,data_quality,NEW,2026-09-28 06:41:04,
1222,1222,data_quality,NEW,2026-09-28 06:41:04,
1223,1223,data_quality,NEW,2026-09-28 06:41:04,
1224,1224,data_quality,NEW,2026-09-28 06:41:04,
1225,1225,data_quality,NEW,2026-09-28 06:41:04,
1226,1226,data_quality,NEW,2026-09-28 06:41:04,
1227,1227,data_quality,NEW,2026-09-28 06:41:04,
1228,1228,data_quality,NEW,2026-09-28 06:41:04,
1229,1229,data_quality,NEW,2026-09-28 06:41:04,
1230,1230,data_quality,NEW,2026-09-28 06:41:04,
1231,1231,data_quality,NEW,2026-09-28 06:41:04,
1232,1232,data_quality,NEW,2026-09-28 06:41:04,
1233,1233,data_quality,NEW,2026-09-28 06:41:04,
1234,1234,data_quality,NEW,2026-09-28 06:41:04,
1235,1235,data_quality,NEW,2026-09-28 06:41:04,
1236,1236,data_quality,NEW,2026-09-28 06:41:04,
1237,1237,data_quality,NEW,2026-09-28 06:41:04,
1238,1238,data_quality,NEW,2026-09-28 06:41:04,
1239,1239,data_quality,NEW,2026-09-28 06:41:04,
1240,1240,data_quality,NEW,2026-09-28 06:41:04,
1241,1241,data_quality,NEW,2026-09-28 06:41:04,
1242,1242,data_quality,NEW,2026-09-28 06:41:04,
1243,1243,data_quality,NEW,2026-09-28 06:41:04,
1244,1244,data_quality,NEW,2026-09-28 06:41:04,
1245,1245,data_quality,NEW,2026-09-28 06:41:04,
1246,1246,data_quality,NEW,2026-09-28 06:41:04,
1247,1247,data_quality,NEW,2026-09-28 06:41:04,
1248,1248,data_quality,NEW,2026-09-28 06:41:04,
1249,1249,data_quality,NEW,2026-09-28 06:41:04,
1250,1250,data_quality,NEW,2026-09-28 06:41:04,
1251,1251,data_quality,NEW,2026-09-28 06:41:04,
1252,1252,data_quality,NEW,2026-09-28 06:41:04,
1253,1253,data_quality,NEW,2026-09-28 06:41:04,
1254,1254,data_quality,NEW,2026-09-28 06:41:04,
1255,1255,data_quality,NEW,2026-09-28 06:41:04,
1256,1256,data_quality,NEW,2026-09-28 06:41:04,
1257,1257,data_quality,NEW,2026-09-28 06:41:04,
1258,1258,data_quality,NEW,2026-09-28 06:41:04,
1259,1259,data_quality,NEW,2026-09-28 06:41:04,
1260,1260,data_quality,NEW,2026-09-28 06:41:04,
1261,1261,data_quality,NEW,2026-09-28 06:41:04,
1262,1262,data_quality,NEW,2026-09-28 06:41:04,
1263,1263,data_quality,NEW,2026-09-28 06:41:04,
1264,1264,data_quality,NEW,2026-09-28 06:41:04,
1265,1265,data_quality,NEW,2026-09-28 06:41:04,
1266,1266,data_quality,NEW,2026-09-28 06:41:04,
1267,1267,data_quality,NEW,2026-09-28 06:41:04,
1268,1268,data_quality,NEW,2026-09-28 06:41:04,
1269,1269,data_quality,NEW,2026-09-28 06:41:04,
1270,1270,data_quality,NEW,2026-09-28 06:41:04,
1271,1271,data_quality,NEW,2026-09-28 06:41:04,
1272,1272,data_quality,NEW,2026-09-28 06:41:04,
1273,1273,data_quality,NEW,2026-09-28 06:41:04,
1274,1274,data_quality,NEW,2026-09-28 06:41:04,
1275,1275,data_quality,NEW,2026-09-28 06:41:04,
1276,1276,data_quality,NEW,2026-09-28 06:41:04,
1277,1277,data_quality,NEW,2026-09-28 06:41:04,
1278,1278,data_quality,NEW,2026-09-28 06:41:04,
1279,1279,data_quality,NEW,2026-09-28 06:41:04,
1280,1280,data_quality,NEW,2026-09-28 06:41:04,
1281,1281,data_quality,NEW,2026-09-28 06:41:04,
1282,1282,data_quality,NEW,2026-09-28 06:41:04,
1283,1283,data_quality,NEW,2026-09-28 06:41:04,
1284,1284,data_quality,NEW,2026-09-28 06:41:04,
1285,1285,data_quality,NEW,2026-09-28 06:41:04,
1286,1286,data_quality,NEW,2026-09-28 06:41:04,
1287,1287,data_quality,NEW,2026-09-28 06:41:04,
1288,1288,data_quality,NEW,2026-09-28 06:41:04,
1289,1289,data_quality,NEW,2026-09-28 06:41:04,
1290,1290,data_quality,NEW,2026-09-28 06:41:04,
1291,1291,data_quality,NEW,2026-09-28 06:41:04,
1292,1292,data_quality,NEW,2026-09-28 06:41:04,
1293,1293,data_quality,NEW,2026-09-28 06:41:04,
1294,1294,data_quality,NEW,2026-09-28 06:41:04,
1295,1295,data_quality,NEW,2026-09-28 06:41:04,
1296,1296,data_quality,NEW,2026-09-28 06:41:04,
1297,1297,data_quality,NEW,2026-09-28 06:41:04,
1298,1298,data_quality,NEW,2026-09-28 06:41:04,
1299,1299,data_quality,NEW,2026-09-28 06:41:04,
1300,1300,data_quality,NEW,2026-09-28 06:41:04,
1301,1301,data_quality,NEW,2026-09-28 06:41:04,
1302,1302,data_quality,NEW,2026-09-28 06:41:04,
1303,1303,data_quality,NEW,2026-09-28 06:41:04,
1304,1304,data_quality,NEW,2026-09-28 06:41:04,
1305,1305,data_quality,NEW,2026-09-28 06:41:04,
1306,1306,data_quality,NEW,2026-09-28 06:41:04,
1307,1307,data_quality,NEW,2026-09-28 06:41:04,
1308,1308,data_quality,NEW,2026-09-28 06:41:04,
1309,1309,data_quality,NEW,2026-09-28 06:41:04,
1310,1310,data_quality,NEW,2026-09-28 06:41:04,
1311,1311,data_quality,NEW,2026-09-28 06:41:04,
1312,1312,data_quality,NEW,2026-09-28 06:41:04,
1313,1313,data_quality,NEW,2026-09-28 06:41:04,
1314,1314,data_quality,NEW,2026-09-28 06:41:04,
1315,1315,data_quality,NEW,2026-09-28 06:41:04,
1316,1316,data_quality,NEW,2026-09-28 06:41:04,
1317,1317,data_quality,NEW,2026-09-28 06:41:04,
1318,1318,data_quality,NEW,2026-09-28 06:41:04,
1319,1319,data_quality,NEW,2026-09-28 06:41:04,
1320,1320,data_quality,NEW,2026-09-28 06:41:04,
1321,1321,data_quality,NEW,2026-09-28 06:41:04,
1322,1322,data_quality,NEW,2026-09-28 06:41:04,
1323,1323,data_quality,NEW,2026-09-28 06:41:04,
1324,1324,data_quality,NEW,2026-09-28 06:41:04,
1325,1325,data_quality,NEW,2026-09-28 06:41:04,
1326,1326,data_quality,NEW,2026-09-28 06:41:04,
1327,1327,data_quality,NEW,2026-09-28 06:41:04,
1328,1328,data_quality,NEW,2026-09-28 06:41:04,
1329,1329,data_quality,NEW,2026-09-28 06:41:04,
1330,1330,data_quality,NEW,2026-09-28 06:41:04,
1331,1331,data_quality,NEW,2026-09-28 06:41:04,
1332,1332,data_quality,NEW,2026-09-28 06:41:04,
1333,1333,data_quality,NEW,2026-09-28 06:41:04,
1334,1334,data_quality,NEW,2026-09-28 06:41:04,
1335,1335,data_quality,NEW,2026-09-28 06:41:04,
1336,1336,data_quality,NEW,2026-09-28 06:41:04,
1337,1337,data_quality,NEW,2026-09-28 06:41:04,
1338,1338,data_quality,NEW,2026-09-28 06:41:04,
1339,1339,data_quality,NEW,2026-09-28 06:41:04,
1340,1340,data_quality,NEW,2026-09-28 06:41:04,
1341,1341,data_quality,NEW,2026-09-28 06:41:04,
1342,1342,data_quality,NEW,2026-09-28 06:41:04,
1343,1343,data_quality,NEW,2026-09-28 06:41:04,
1344,1344,data_quality,NEW,2026-09-28 06:41:04,
1345,1345,data_quality,NEW,2026-09-28 06:41:04,
1346,1346,data_quality,NEW,2026-09-28 06:41:04,
1347,1347,data_quality,NEW,2026-09-28 06:41:04,
1348,1348,data_quality,NEW,2026-09-28 06:41:04,
1349,1349,data_quality,NEW,2026-09-28 06:41:04,
1350,1350,data_quality,NEW,2026-09-28 06:41:04,
1351,1351,data_quality,NEW,2026-09-28 06:41:04,
1352,1352,data_quality,NEW,2026-09-28 06:41:04,
1353,1353,data_quality,NEW,2026-09-28 06:41:04,
1354,1354,data_quality,NEW,2026-09-28 06:41:04,
1355,1355,data_quality,NEW,2026-09-28 06:41:04,
1356,1356,data_quality,NEW,2026-09-28 06:41:04,
1357,1357,data_quality,NEW,2026-09-28 06:41:04,
1358,1358,data_quality,NEW,2026-09-28 06:41:04,
1359,1359,data_quality,NEW,2026-09-28 06:41:04,
1360,1360,data_quality,NEW,2026-09-28 06:41:04,
1361,1361,data_quality,NEW,2026-09-28 06:41:04,
1362,1362,data_quality,NEW,2026-09-28 06:41:04,
1363,1363,data_quality,NEW,2026-09-28 06:41:04,
1364,1364,data_quality,NEW,2026-09-28 06:41:04,
1365,1365,data_quality,NEW,2026-09-28 06:41:04,
1366,1366,data_quality,NEW,2026-09-28 06:41:04,
1367,1367,data_quality,NEW,2026-09-28 06:41:04,
1368,1368,data_quality,NEW,2026-09-28 06:41:04,
1369,1369,data_quality,NEW,2026-09-28 06:41:04,
1370,1370,data_quality,NEW,2026-09-28 06:41:04,
1371,1371,data_quality,NEW,2026-09-28 06:41:04,
1372,1372,data_quality,NEW,2026-09-28 06:41:04,
1373,1373,data_quality,NEW,2026-09-28 06:41:04,
1374,1374,data_quality,NEW,2026-09-28 06:41:04,
1375,1375,data_quality,NEW,2026-09-28 06:41:04,
1376,1376,data_quality,NEW,2026-09-28 06:41:04,
1377,1377,data_quality,NEW,2026-09-28 06:41:04,
1378,1378,data_quality,NEW,2026-09-28 06:41:04,
1379,1379,data_quality,NEW,2026-09-28 06:41:04,
1380,1380,data_quality,NEW,2026-09-28 06:41:04,
1381,1381,data_quality,NEW,2026-09-28 06:41:04,
1382,1382,data_quality,NEW,2026-09-28 06:41:04,
1383,1383,data_quality,NEW,2026-09-28 06:41:04,
1384,1384,data_quality,NEW,2026-09-28 06:41:04,
1385,1385,data_quality,NEW,2026-09-28 06:41:04,
1386,1386,data_quality,NEW,2026-09-28 06:41:04,
1387,1387,data_quality,NEW,2026-09-28 06:41:04,
1388,1388,data_quality,NEW,2026-09-28 06:41:04,
1389,1389,data_quality,NEW,2026-09-28 06:41:04,
1390,1390,data_quality,NEW,2026-09-28 06:41:04,
1391,1391,data_quality,NEW,2026-09-28 06:41:04,
1392,1392,data_quality,NEW,2026-09-28 06:41:04,
1393,1393,data_quality,NEW,2026-09-28 06:41:04,
1394,1394,data_quality,NEW,2026-09-28 06:41:04,
1395,1395,data_quality,NEW,2026-09-28 06:41:04,
1396,1396,data_quality,NEW,2026-09-28 06:41:04,
1397,1397,data_quality,NEW,2026-09-28 06:41:04,
1398,1398,data_quality,NEW,2026-09-28 06:41:04,
1399,1399,data_quality,NEW,2026-09-28 06:41:04,
1400,1400,data_quality,NEW,2026-09-28 06:41:04,
1401,1401,data_quality,NEW,2026-09-28 06:41:04,
1402,1402,data_quality,NEW,2026-09-28 06:41:04,
1403,1403,data_quality,NEW,2026-09-28 06:41:04,
1404,1404,data_quality,NEW,2026-09-28 06:41:04,
1405,1405,data_quality,NEW,2026-09-28 06:41:04,
1406,1406,data_quality,NEW,2026-09-28 06:41:04,
1407,1407,data_quality,NEW,2026-09-28 06:41:04,
1408,1408,data_quality,NEW,2026-09-28 06:41:04,
1409,1409,data_quality,NEW,2026-09-28 06:41:04,
1410,1410,data_quality,NEW,2026-09-28 06:41:04,
1411,1411,data_quality,NEW,2026-09-28 06:41:04,
1412,1412,data_quality,NEW,2026-09-28 06:41:04,
1413,1413,data_quality,NEW,2026-09-28 06:41:04,
1414,1414,data_quality,NEW,2026-09-28 06:41:04,
1415,1415,data_quality,NEW,2026-09-28 06:41:04,
1416,1416,data_quality,NEW,2026-09-28 06:41:04,
1417,1417,data_quality,NEW,2026-09-28 06:41:04,
1418,1418,data_quality,NEW,2026-09-28 06:41:04,
1419,1419,data_quality,NEW,2026-09-28 06:41:04,
1420,1420,data_quality,NEW,2026-09-28 06:41:04,
1421,1421,data_quality,NEW,2026-09-28 06:41:04,
1422,1422,data_quality,NEW,2026-09-28 06:41:04,
1423,1423,data_quality,NEW,2026-09-28 06:41:04,
1424,1424,data_quality,NEW,2026-09-28 06:41:04,
1425,1425,data_quality,NEW,2026-09-28 06:41:04,
1426,1426,data_quality,NEW,2026-09-28 06:41:04,
1427,1427,data_quality,NEW,2026-09-28 06:41:04,
1428,1428,data_quality,NEW,2026-09-28 06:41:04,
1429,1429,data_quality,NEW,2026-09-28 06:41:04,
1430,1430,data_quality,NEW,2026-09-28 06:41:04,
1431,1431,data_quality,NEW,2026-09-28 06:41:04,
1432,1432,data_quality,NEW,2026-09-28 06:41:04,
1433,1433,data_quality,NEW,2026-09-28 06:41:04,
1434,1434,data_quality,NEW,2026-09-28 06:41:04,
1435,1435,data_quality,NEW,2026-09-28 06:41:04,
1436,1436,data_quality,NEW,2026-09-28 06:41:04,
1437,1437,data_quality,NEW,2026-09-28 06:41:04,
1438,1438,data_quality,NEW,2026-09-28 06:41:04,
1439,1439,data_quality,NEW,2026-09-28 06:41:04,
1440,1440,data_quality,NEW,2026-09-28 06:41:04,
1441,1441,data_quality,NEW,2026-09-28 06:41:04,
1442,1442,data_quality,NEW,2026-09-28 06:41:04,
1443,1443,data_quality,NEW,2026-09-28 06:41:04,
1444,1444,data_quality,NEW,2026-09-28 06:41:04,
1445,1445,data_quality,NEW,2026-09-28 06:41:04,
1446,1446,data_quality,NEW,2026-09-28 06:41:04,
1447,1447,data_quality,NEW,2026-09-28 06:41:04,
1448,1448,data_quality,NEW,2026-09-28 06:41:04,
1449,1449,data_quality,NEW,2026-09-28 06:41:04,
1450,1450,data_quality,NEW,2026-09-28 06:41:04,
1451,1451,data_quality,NEW,2026-09-28 06:41:04,
1452,1452,data_quality,NEW,2026-09-28 06:41:04,
1453,1453,data_quality,NEW,2026-09-28 06:41:04,
1454,1454,data_quality,NEW,2026-09-28 06:41:04,
1455,1455,data_quality,NEW,2026-09-28 06:41:04,
1456,1456,data_quality,NEW,2026-09-28 06:41:04,
1457,1457,data_quality,NEW,2026-09-28 06:41:04,
1458,1458,data_quality,NEW,2026-09-28 06:41:04,
1459,1459,data_quality,NEW,2026-09-28 06:41:04,
1460,1460,data_quality,NEW,2026-09-28 06:41:04,
1461,1461,data_quality,NEW,2026-09-28 06:41:04,
1462,1462,data_quality,NEW,2026-09-28 06:41:04,
1463,1463,data_quality,NEW,2026-09-28 06:41:04,
1464,1464,data_quality,NEW,2026-09-28 06:41:04,
1465,1465,data_quality,NEW,2026-09-28 06:41:04,
1466,1466,data_quality,NEW,2026-09-28 06:41:04,
1467,1467,data_quality,NEW,2026-09-28 06:41:04,
1468,1468,data_quality,NEW,2026-09-28 06:41:04,
1469,1469,data_quality,NEW,2026-09-28 06:41:04,
1470,1470,data_quality,NEW,2026-09-28 06:41:04,
1471,1471,data_quality,NEW,2026-09-28 06:41:04,
1472,1472,data_quality,NEW,2026-09-28 06:41:04,
1473,1473,data_quality,NEW,2026-09-28 06:41:04,
1474,1474,data_quality,NEW,2026-09-28 06:41:04,
1475,1475,data_quality,NEW,2026-09-28 06:41:04,
1476,1476,data_quality,NEW,2026-09-28 06:41:04,
1477,1477,data_quality,NEW,2026-09-28 06:41:04,
1478,1478,data_quality,NEW,2026-09-28 06:41:04,
1479,1479,data_quality,NEW,2026-09-28 06:41:04,
1480,1480,data_quality,NEW,2026-09-28 06:41:04,
1481,1481,data_quality,NEW,2026-09-28 06:41:04,
1482,1482,data_quality,NEW,2026-09-28 06:41:04,
1483,1483,data_quality,NEW,2026-09-28 06:41:04,
1484,1484,data_quality,NEW,2026-09-28 06:41:04,
1485,1485,data_quality,NEW,2026-09-28 06:41:04,
1486,1486,data_quality,NEW,2026-09-28 06:41:04,
1487,1487,data_quality,NEW,2026-09-28 06:41:04,
1488,1488,data_quality,NEW,2026-09-28 06:41:04,
1489,1489,data_quality,NEW,2026-09-28 06:41:04,
1490,1490,data_quality,NEW,2026-09-28 06:41:04,
1491,1491,data_quality,NEW,2026-09-28 06:41:04,
1492,1492,data_quality,NEW,2026-09-28 06:41:04,
1493,1493,data_quality,NEW,2026-09-28 06:41:04,
1494,1494,data_quality,NEW,2026-09-28 06:41:04,
1495,1495,data_quality,NEW,2026-09-28 06:41:04,
1496,1496,data_quality,NEW,2026-09-28 06:41:04,
1497,1497,data_quality,NEW,2026-09-28 06:41:04,
1498,1498,data_quality,NEW,2026-09-28 06:41:04,
1499,1499,data_quality,NEW,2026-09-28 06:41:04,
1500,1500,data_quality,NEW,2026-09-28 06:41:04,
1501,1501,data_quality,NEW,2026-09-28 06:41:04,
1502,1502,data_quality,NEW,2026-09-28 06:41:04,
1503,1503,data_quality,NEW,2026-09-28 06:41:04,
1504,1504,data_quality,NEW,2026-09-28 06:41:04,
1505,1505,data_quality,NEW,2026-09-28 06:41:04,
1506,1506,data_quality,NEW,2026-09-28 06:41:04,
1507,1507,data_quality,NEW,2026-09-28 06:41:04,
1508,1508,data_quality,NEW,2026-09-28 06:41:04,
1509,1509,data_quality,NEW,2026-09-28 06:41:04,
1510,1510,data_quality,NEW,2026-09-28 06:41:04,
1511,1511,data_quality,NEW,2026-09-28 06:41:04,
1512,1512,data_quality,NEW,2026-09-28 06:41:04,
1513,1513,data_quality,NEW,2026-09-28 06:41:04,
1514,1514,data_quality,NEW,2026-09-28 06:41:04,
1515,1515,data_quality,NEW,2026-09-28 06:41:04,
1516,1516,data_quality,NEW,2026-09-28 06:41:04,
1517,1517,data_quality,NEW,2026-09-28 06:41:04,
1518,1518,data_quality,NEW,2026-09-28 06:41:04,
1519,1519,data_quality,NEW,2026-09-28 06:41:04,
1520,1520,data_quality,NEW,2026-09-28 06:41:04,
1521,1521,data_quality,NEW,2026-09-28 06:41:04,
1522,1522,data_quality,NEW,2026-09-28 06:41:04,
1523,1523,data_quality,NEW,2026-09-28 06:41:04,
1524,1524,data_quality,NEW,2026-09-28 06:41:04,
1525,1525,data_quality,NEW,2026-09-28 06:41:04,
1526,1526,data_quality,NEW,2026-09-28 06:41:04,
1527,1527,data_quality,NEW,2026-09-28 06:41:04,
1528,1528,data_quality,NEW,2026-09-28 06:41:04,
1529,1529,data_quality,NEW,2026-09-28 06:41:04,
1530,1530,data_quality,NEW,2026-09-28 06:41:04,
1531,1531,data_quality,NEW,2026-09-28 06:41:04,
1532,1532,data_quality,NEW,2026-09-28 06:41:04,
1533,1533,data_quality,NEW,2026-09-28 06:41:04,
1534,1534,data_quality,NEW,2026-09-28 06:41:04,
1535,1535,data_quality,NEW,2026-09-28 06:41:04,
1536,1536,data_quality,NEW,2026-09-28 06:41:04,
1537,1537,data_quality,NEW,2026-09-28 06:41:04,
1538,1538,data_quality,NEW,2026-09-28 06:41:04,
1539,1539,data_quality,NEW,2026-09-28 06:41:04,
1540,1540,data_quality,NEW,2026-09-28 06:41:04,
1541,1541,data_quality,NEW,2026-09-28 06:41:04,
1542,1542,data_quality,NEW,2026-09-28 06:41:04,
1543,1543,data_quality,NEW,2026-09-28 06:41:04,
1544,1544,data_quality,NEW,2026-09-28 06:41:04,
1545,1545,data_quality,NEW,2026-09-28 06:41:04,
1546,1546,data_quality,NEW,2026-09-28 06:41:04,
1547,1547,data_quality,NEW,2026-09-28 06:41:04,
1548,1548,data_quality,NEW,2026-09-28 06:41:04,
1549,1549,data_quality,NEW,2026-09-28 06:41:04,
1550,1550,data_quality,NEW,2026-09-28 06:41:04,
1551,1551,data_quality,NEW,2026-09-28 06:41:04,
1552,1552,data_quality,NEW,2026-09-28 06:41:04,
1553,1553,data_quality,NEW,2026-09-28 06:41:04,
1554,1554,data_quality,NEW,2026-09-28 06:41:04,
1555,1555,data_quality,NEW,2026-09-28 06:41:04,
1556,1556,data_quality,NEW,2026-09-28 06:41:04,
1557,1557,data_quality,NEW,2026-09-28 06:41:04,
1558,1558,data_quality,NEW,2026-09-28 06:41:04,
1559,1559,data_quality,NEW,2026-09-28 06:41:04,
1560,1560,data_quality,NEW,2026-09-28 06:41:04,
1561,1561,data_quality,NEW,2026-09-28 06:41:04,
1562,1562,data_quality,NEW,2026-09-28 06:41:04,
1563,1563,data_quality,NEW,2026-09-28 06:41:04,
1564,1564,data_quality,NEW,2026-09-28 06:41:04,
1565,1565,data_quality,NEW,2026-09-28 06:41:04,
1566,1566,data_quality,NEW,2026-09-28 06:41:04,
1567,1567,data_quality,NEW,2026-09-28 06:41:04,
1568,1568,data_quality,NEW,2026-09-28 06:41:04,
1569,1569,data_quality,NEW,2026-09-28 06:41:04,
1570,1570,data_quality,NEW,2026-09-28 06:41:04,
1571,1571,data_quality,NEW,2026-09-28 06:41:04,
1572,1572,data_quality,NEW,2026-09-28 06:41:04,
1573,1573,data_quality,NEW,2026-09-28 06:41:04,
1574,1574,data_quality,NEW,2026-09-28 06:41:04,
1575,1575,data_quality,NEW,2026-09-28 06:41:04,
1576,1576,data_quality,NEW,2026-09-28 06:41:04,
1577,1577,data_quality,NEW,2026-09-28 06:41:04,
1578,1578,data_quality,NEW,2026-09-28 06:41:04,
1579,1579,data_quality,NEW,2026-09-28 06:41:04,
1580,1580,data_quality,NEW,2026-09-28 06:41:04,
1581,1581,data_quality,NEW,2026-09-28 06:41:04,
1582,1582,data_quality,NEW,2026-09-28 06:41:04,
1583,1583,data_quality,NEW,2026-09-28 06:41:04,
1584,1584,data_quality,NEW,2026-09-28 06:41:04,
1585,1585,data_quality,NEW,2026-09-28 06:41:04,
1586,1586,data_quality,NEW,2026-09-28 06:41:04,
1587,1587,data_quality,NEW,2026-09-28 06:41:04,
1588,1588,data_quality,NEW,2026-09-28 06:41:04,
1589,1589,data_quality,NEW,2026-09-28 06:41:04,
1590,1590,data_quality,NEW,2026-09-28 06:41:04,
1591,1591,data_quality,NEW,2026-09-28 06:41:04,
1592,1592,data_quality,NEW,2026-09-28 06:41:04,
1593,1593,data_quality,NEW,2026-09-28 06:41:04,
1594,1594,data_quality,NEW,2026-09-28 06:41:04,
1595,1595,data_quality,NEW,2026-09-28 06:41:04,
1596,1596,data_quality,NEW,2026-09-28 06:41:04,
1597,1597,data_quality,NEW,2026-09-28 06:41:04,
1598,1598,data_quality,NEW,2026-09-28 06:41:04,
1599,1599,data_quality,NEW,2026-09-28 06:41:04,
1600,1600,data_quality,NEW,2026-09-28 06:41:04,
1601,1601,data_quality,NEW,2026-09-28 06:41:04,
1602,1602,data_quality,NEW,2026-09-28 06:41:04,
1603,1603,data_quality,NEW,2026-09-28 06:41:04,
1604,1604,data_quality,NEW,2026-09-28 06:41:04,
1605,1605,data_quality,NEW,2026-09-28 06:41:04,
1606,1606,data_quality,NEW,2026-09-28 06:41:04,
1607,1607,data_quality,NEW,2026-09-28 06:41:04,
1608,1608,data_quality,NEW,2026-09-28 06:41:04,
1609,1609,data_quality,NEW,2026-09-28 06:41:04,
1610,1610,data_quality,NEW,2026-09-28 06:41:04,
1611,1611,data_quality,NEW,2026-09-28 06:41:04,
1612,1612,data_quality,NEW,2026-09-28 06:41:04,
1613,1613,data_quality,NEW,2026-09-28 06:41:04,
1614,1614,data_quality,NEW,2026-09-28 06:41:04,
1615,1615,data_quality,NEW,2026-09-28 06:41:04,
1616,1616,data_quality,NEW,2026-09-28 06:41:04,
1617,1617,data_quality,NEW,2026-09-28 06:41:04,
1618,1618,data_quality,NEW,2026-09-28 06:41:04,
1619,1619,data_quality,NEW,2026-09-28 06:41:04,
1620,1620,data_quality,NEW,2026-09-28 06:41:04,
1621,1621,data_quality,NEW,2026-09-28 06:41:04,
1622,1622,data_quality,NEW,2026-09-28 06:41:04,
1623,1623,data_quality,NEW,2026-09-28 06:41:04,
1624,1624,data_quality,NEW,2026-09-28 06:41:04,
1625,1625,data_quality,NEW,2026-09-28 06:41:04,
1626,1626,data_quality,NEW,2026-09-28 06:41:04,
1627,1627,data_quality,NEW,2026-09-28 06:41:04,
1628,1628,data_quality,NEW,2026-09-28 06:41:04,
1629,1629,data_quality,NEW,2026-09-28 06:41:04,
1630,1630,data_quality,NEW,2026-09-28 06:41:04,
1631,1631,data_quality,NEW,2026-09-28 06:41:04,
1632,1632,data_quality,NEW,2026-09-28 06:41:04,
1633,1633,data_quality,NEW,2026-09-28 06:41:04,
1634,1634,data_quality,NEW,2026-09-28 06:41:04,
1635,1635,data_quality,NEW,2026-09-28 06:41:04,
1636,1636,data_quality,NEW,2026-09-28 06:41:04,
1637,1637,data_quality,NEW,2026-09-28 06:41:04,
1638,1638,data_quality,NEW,2026-09-28 06:41:04,
1639,1639,data_quality,NEW,2026-09-28 06:41:04,
1640,1640,data_quality,NEW,2026-09-28 06:41:04,
1641,1641,data_quality,NEW,2026-09-28 06:41:04,
1642,1642,data_quality,NEW,2026-09-28 06:41:04,
1643,1643,data_quality,NEW,2026-09-28 06:41:04,
1644,1644,data_quality,NEW,2026-09-28 06:41:04,
1645,1645,data_quality,NEW,2026-09-28 06:41:04,
1646,1646,data_quality,NEW,2026-09-28 06:41:04,
1647,1647,data_quality,NEW,2026-09-28 06:41:04,
1648,1648,data_quality,NEW,2026-09-28 06:41:04,
1649,1649,data_quality,NEW,2026-09-28 06:41:04,
1650,1650,data_quality,NEW,2026-09-28 06:41:04,
1651,1651,data_quality,NEW,2026-09-28 06:41:04,
1652,1652,data_quality,NEW,2026-09-28 06:41:04,
1653,1653,data_quality,NEW,2026-09-28 06:41:04,
1654,1654,data_quality,NEW,2026-09-28 06:41:04,
1655,1655,data_quality,NEW,2026-09-28 06:41:04,
1656,1656,data_quality,NEW,2026-09-28 06:41:04,
1657,1657,data_quality,NEW,2026-09-28 06:41:04,
1658,1658,data_quality,NEW,2026-09-28 06:41:04,
1659,1659,data_quality,NEW,2026-09-28 06:41:04,
1660,1660,data_quality,NEW,2026-09-28 06:41:04,
1661,1661,data_quality,NEW,2026-09-28 06:41:04,
1662,1662,data_quality,NEW,2026-09-28 06:41:04,
1663,1663,data_quality,NEW,2026-09-28 06:41:04,
1664,1664,data_quality,NEW,2026-09-28 06:41:04,
1665,1665,data_quality,NEW,2026-09-28 06:41:04,
1666,1666,data_quality,NEW,2026-09-28 06:41:04,
1667,1667,data_quality,NEW,2026-09-28 06:41:04,
1668,1668,data_quality,NEW,2026-09-28 06:41:04,
1669,1669,data_quality,NEW,2026-09-28 06:41:04,
1670,1670,data_quality,NEW,2026-09-28 06:41:04,
1671,1671,data_quality,NEW,2026-09-28 06:41:04,
1672,1672,data_quality,NEW,2026-09-28 06:41:04,
1673,1673,data_quality,NEW,2026-09-28 06:41:04,
1674,1674,data_quality,NEW,2026-09-28 06:41:04,
1675,1675,data_quality,NEW,2026-09-28 06:41:04,
1676,1676,data_quality,NEW,2026-09-28 06:41:04,
1677,1677,data_quality,NEW,2026-09-28 06:41:04,
1678,1678,data_quality,NEW,2026-09-28 06:41:04,
1679,1679,data_quality,NEW,2026-09-28 06:41:04,
1680,1680,data_quality,NEW,2026-09-28 06:41:04,
1681,1681,data_quality,NEW,2026-09-28 06:41:04,
1682,1682,data_quality,NEW,2026-09-28 06:41:04,
1683,1683,data_quality,NEW,2026-09-28 06:41:04,
1684,1684,data_quality,NEW,2026-09-28 06:41:04,
1685,1685,data_quality,NEW,2026-09-28 06:41:04,
1686,1686,data_quality,NEW,2026-09-28 06:41:04,
1687,1687,data_quality,NEW,2026-09-28 06:41:04,
1688,1688,data_quality,NEW,2026-09-28 06:41:04,
1689,1689,data_quality,NEW,2026-09-28 06:41:04,
1690,1690,data_quality,NEW,2026-09-28 06:41:04,
1691,1691,data_quality,NEW,2026-09-28 06:41:04,
1692,1692,data_quality,NEW,2026-09-28 06:41:04,
1693,1693,data_quality,NEW,2026-09-28 06:41:04,
1694,1694,data_quality,NEW,2026-09-28 06:41:04,
1695,1695,data_quality,NEW,2026-09-28 06:41:04,
1696,1696,data_quality,NEW,2026-09-28 06:41:04,
1697,1697,data_quality,NEW,2026-09-28 06:41:04,
1698,1698,data_quality,NEW,2026-09-28 06:41:04,
1699,1699,data_quality,NEW,2026-09-28 06:41:04,
1700,1700,data_quality,NEW,2026-09-28 06:41:04,
1701,1701,data_quality,NEW,2026-09-28 06:41:04,
1702,1702,data_quality,NEW,2026-09-28 06:41:04,
1703,1703,data_quality,NEW,2026-09-28 06:41:04,
1704,1704,data_quality,NEW,2026-09-28 06:41:04,
1705,1705,data_quality,NEW,2026-09-28 06:41:04,
1706,1706,data_quality,NEW,2026-09-28 06:41:04,
1707,1707,data_quality,NEW,2026-09-28 06:41:04,
1708,1708,data_quality,NEW,2026-09-28 06:41:04,
1709,1709,data_quality,NEW,2026-09-28 06:41:04,
1710,1710,data_quality,NEW,2026-09-28 06:41:04,
1711,1711,data_quality,NEW,2026-09-28 06:41:04,
1712,1712,data_quality,NEW,2026-09-28 06:41:04,
1713,1713,data_quality,NEW,2026-09-28 06:41:04,
1714,1714,data_quality,NEW,2026-09-28 06:41:04,
1715,1715,data_quality,NEW,2026-09-28 06:41:04,
1716,1716,data_quality,NEW,2026-09-28 06:41:04,
1717,1717,data_quality,NEW,2026-09-28 06:41:04,
1718,1718,data_quality,NEW,2026-09-28 06:41:04,
1719,1719,data_quality,NEW,2026-09-28 06:41:04,
1720,1720,data_quality,NEW,2026-09-28 06:41:04,
1721,1721,data_quality,NEW,2026-09-28 06:41:04,
1722,1722,data_quality,NEW,2026-09-28 06:41:04,
1723,1723,data_quality,NEW,2026-09-28 06:41:04,
1724,1724,data_quality,NEW,2026-09-28 06:41:04,
1725,1725,data_quality,NEW,2026-09-28 06:41:04,
1726,1726,data_quality,NEW,2026-09-28 06:41:04,
1727,1727,data_quality,NEW,2026-09-28 06:41:04,
1728,1728,data_quality,NEW,2026-09-28 06:41:04,
1729,1729,data_quality,NEW,2026-09-28 06:41:04,
1730,1730,data_quality,NEW,2026-09-28 06:41:04,
1731,1731,data_quality,NEW,2026-09-28 06:41:04,
1732,1732,data_quality,NEW,2026-09-28 06:41:04,
1733,1733,data_quality,NEW,2026-09-28 06:41:04,
1734,1734,data_quality,NEW,2026-09-28 06:41:04,
1735,1735,data_quality,NEW,2026-09-28 06:41:04,
1736,1736,data_quality,NEW,2026-09-28 06:41:04,
1737,1737,data_quality,NEW,2026-09-28 06:41:04,
1738,1738,data_quality,NEW,2026-09-28 06:41:04,
1739,1739,data_quality,NEW,2026-09-28 06:41:04,
1740,1740,data_quality,NEW,2026-09-28 06:41:04,
1741,1741,data_quality,NEW,2026-09-28 06:41:04,
1742,1742,data_quality,NEW,2026-09-28 06:41:04,
1743,1743,data_quality,NEW,2026-09-28 06:41:04,
1744,1744,data_quality,NEW,2026-09-28 06:41:04,
1745,1745,data_quality,NEW,2026-09-28 06:41:04,
1746,1746,data_quality,NEW,2026-09-28 06:41:04,
1747,1747,data_quality,NEW,2026-09-28 06:41:04,
1748,1748,data_quality,NEW,2026-09-28 06:41:04,
1749,1749,data_quality,NEW,2026-09-28 06:41:04,
1750,1750,data_quality,NEW,2026-09-28 06:41:04,
1751,1751,data_quality,NEW,2026-09-28 06:41:04,
1752,1752,data_quality,NEW,2026-09-28 06:41:04,
1753,1753,data_quality,NEW,2026-09-28 06:41:04,
1754,1754,data_quality,NEW,2026-09-28 06:41:04,
1755,1755,data_quality,NEW,2026-09-28 06:41:04,
1756,1756,data_quality,NEW,2026-09-28 06:41:04,
1757,1757,data_quality,NEW,2026-09-28 06:41:04,
1758,1758,data_quality,NEW,2026-09-28 06:41:04,
1759,1759,data_quality,NEW,2026-09-28 06:41:04,
1760,1760,data_quality,NEW,2026-09-28 06:41:04,
1761,1761,data_quality,NEW,2026-09-28 06:41:04,
1762,1762,data_quality,NEW,2026-09-28 06:41:04,
1763,1763,data_quality,NEW,2026-09-28 06:41:04,
1764,1764,data_quality,NEW,2026-09-28 06:41:04,
1765,1765,data_quality,NEW,2026-09-28 06:41:04,
1766,1766,data_quality,NEW,2026-09-28 06:41:04,
1767,1767,data_quality,NEW,2026-09-28 06:41:04,
1768,1768,data_quality,NEW,2026-09-28 06:41:04,
1769,1769,data_quality,NEW,2026-09-28 06:41:04,
1770,1770,data_quality,NEW,2026-09-28 06:41:04,
1771,1771,data_quality,NEW,2026-09-28 06:41:04,
1772,1772,data_quality,NEW,2026-09-28 06:41:04,
1773,1773,data_quality,NEW,2026-09-28 06:41:04,
1774,1774,data_quality,NEW,2026-09-28 06:41:04,
1775,1775,data_quality,NEW,2026-09-28 06:41:04,
1776,1776,data_quality,NEW,2026-09-28 06:41:04,
1777,1777,data_quality,NEW,2026-09-28 06:41:04,
1778,1778,data_quality,NEW,2026-09-28 06:41:04,
1779,1779,data_quality,NEW,2026-09-28 06:41:04,
1780,1780,data_quality,NEW,2026-09-28 06:41:04,
1781,1781,data_quality,NEW,2026-09-28 06:41:04,
1782,1782,data_quality,NEW,2026-09-28 06:41:04,
1783,1783,data_quality,NEW,2026-09-28 06:41:04,
1784,1784,data_quality,NEW,2026-09-28 06:41:04,
1785,1785,data_quality,NEW,2026-09-28 06:41:04,
1786,1786,data_quality,NEW,2026-09-28 06:41:04,
1787,1787,data_quality,NEW,2026-09-28 06:41:04,
1788,1788,data_quality,NEW,2026-09-28 06:41:04,
1789,1789,data_quality,NEW,2026-09-28 06:41:04,
1790,1790,data_quality,NEW,2026-09-28 06:41:04,
1791,1791,data_quality,NEW,2026-09-28 06:41:04,
1792,1792,data_quality,NEW,2026-09-28 06:41:04,
1793,1793,data_quality,NEW,2026-09-28 06:41:04,
1794,1794,data_quality,NEW,2026-09-28 06:41:04,
1795,1795,data_quality,NEW,2026-09-28 06:41:04,
1796,1796,data_quality,NEW,2026-09-28 06:41:04,
1797,1797,data_quality,NEW,2026-09-28 06:41:04,
1798,1798,data_quality,NEW,2026-09-28 06:41:04,
1799,1799,data_quality,NEW,2026-09-28 06:41:04,
1800,1800,data_quality,NEW,2026-09-28 06:41:04,
1801,1801,data_quality,NEW,2026-09-28 06:41:04,
1802,1802,data_quality,NEW,2026-09-28 06:41:04,
1803,1803,data_quality,NEW,2026-09-28 06:41:04,
1804,1804,data_quality,NEW,2026-09-28 06:41:04,
1805,1805,data_quality,NEW,2026-09-28 06:41:04,
1806,1806,data_quality,NEW,2026-09-28 06:41:04,
1807,1807,data_quality,NEW,2026-09-28 06:41:04,
1808,1808,data_quality,NEW,2026-09-28 06:41:04,
1809,1809,data_quality,NEW,2026-09-28 06:41:04,
1810,1810,data_quality,NEW,2026-09-28 06:41:04,
1811,1811,data_quality,NEW,2026-09-28 06:41:04,
1812,1812,data_quality,NEW,2026-09-28 06:41:04,
1813,1813,data_quality,NEW,2026-09-28 06:41:04,
1814,1814,data_quality,NEW,2026-09-28 06:41:04,
1815,1815,data_quality,NEW,2026-09-28 06:41:04,
1816,1816,data_quality,NEW,2026-09-28 06:41:04,
1817,1817,data_quality,NEW,2026-09-28 06:41:04,
1818,1818,data_quality,NEW,2026-09-28 06:41:04,
1819,1819,data_quality,NEW,2026-09-28 06:41:04,
1820,1820,data_quality,NEW,2026-09-28 06:41:04,
1821,1821,data_quality,NEW,2026-09-28 06:41:04,
1822,1822,data_quality,NEW,2026-09-28 06:41:04,
1823,1823,data_quality,NEW,2026-09-28 06:41:04,
1824,1824,data_quality,NEW,2026-09-28 06:41:04,
1825,1825,data_quality,NEW,2026-09-28 06:41:04,
1826,1826,data_quality,NEW,2026-09-28 06:41:04,
1827,1827,data_quality,NEW,2026-09-28 06:41:04,
1828,1828,data_quality,NEW,2026-09-28 06:41:04,
1829,1829,data_quality,NEW,2026-09-28 06:41:04,
1830,1830,data_quality,NEW,2026-09-28 06:41:04,
1831,1831,data_quality,NEW,2026-09-28 06:41:04,
1832,1832,data_quality,NEW,2026-09-28 06:41:04,
1833,1833,data_quality,NEW,2026-09-28 06:41:04,
1834,1834,data_quality,NEW,2026-09-28 06:41:04,
1835,1835,data_quality,NEW,2026-09-28 06:41:04,
1836,1836,data_quality,NEW,2026-09-28 06:41:04,
1837,1837,data_quality,NEW,2026-09-28 06:41:04,
1838,1838,data_quality,NEW,2026-09-28 06:41:04,
1839,1839,data_quality,NEW,2026-09-28 06:41:04,
1840,1840,data_quality,NEW,2026-09-28 06:41:04,
1841,1841,data_quality,NEW,2026-09-28 06:41:04,
1842,1842,data_quality,NEW,2026-09-28 06:41:04,
1843,1843,data_quality,NEW,2026-09-28 06:41:04,
1844,1844,data_quality,NEW,2026-09-28 06:41:04,
1845,1845,data_quality,NEW,2026-09-28 06:41:04,
1846,1846,data_quality,NEW,2026-09-28 06:41:04,
1847,1847,data_quality,NEW,2026-09-28 06:41:04,
1848,1848,data_quality,NEW,2026-09-28 06:41:04,
1849,1849,data_quality,NEW,2026-09-28 06:41:04,
1850,1850,data_quality,NEW,2026-09-28 06:41:04,
1851,1851,data_quality,NEW,2026-09-28 06:41:04,
1852,1852,data_quality,NEW,2026-09-28 06:41:04,
1853,1853,data_quality,NEW,2026-09-28 06:41:04,
1854,1854,data_quality,NEW,2026-09-28 06:41:04,
1855,1855,data_quality,NEW,2026-09-28 06:41:04,
1856,1856,data_quality,NEW,2026-09-28 06:41:04,
1857,1857,data_quality,NEW,2026-09-28 06:41:04,
1858,1858,data_quality,NEW,2026-09-28 06:41:04,
1859,1859,data_quality,NEW,2026-09-28 06:41:04,
1860,1860,data_quality,NEW,2026-09-28 06:41:04,
1861,1861,data_quality,NEW,2026-09-28 06:41:04,
1862,1862,data_quality,NEW,2026-09-28 06:41:04,
1863,1863,data_quality,NEW,2026-09-28 06:41:04,
1864,1864,data_quality,NEW,2026-09-28 06:41:04,
1865,1865,data_quality,NEW,2026-09-28 06:41:04,
1866,1866,data_quality,NEW,2026-09-28 06:41:04,
1867,1867,data_quality,NEW,2026-09-28 06:41:04,
1868,1868,data_quality,NEW,2026-09-28 06:41:04,
1869,1869,data_quality,NEW,2026-09-28 06:41:04,
1870,1870,data_quality,NEW,2026-09-28 06:41:04,
1871,1871,data_quality,NEW,2026-09-28 06:41:04,
1872,1872,data_quality,NEW,2026-09-28 06:41:04,
1873,1873,data_quality,NEW,2026-09-28 06:41:04,
1874,1874,data_quality,NEW,2026-09-28 06:41:04,
1875,1875,data_quality,NEW,2026-09-28 06:41:04,
1876,1876,data_quality,NEW,2026-09-28 06:41:04,
1877,1877,data_quality,NEW,2026-09-28 06:41:04,
1878,1878,data_quality,NEW,2026-09-28 06:41:04,
1879,1879,data_quality,NEW,2026-09-28 06:41:04,
1880,1880,data_quality,NEW,2026-09-28 06:41:04,
1881,1881,data_quality,NEW,2026-09-28 06:41:04,
1882,1882,data_quality,NEW,2026-09-28 06:41:04,
1883,1883,data_quality,NEW,2026-09-28 06:41:04,
1884,1884,data_quality,NEW,2026-09-28 06:41:04,
1885,1885,data_quality,NEW,2026-09-28 06:41:04,
1886,1886,data_quality,NEW,2026-09-28 06:41:04,
1887,1887,data_quality,NEW,2026-09-28 06:41:04,
1888,1888,data_quality,NEW,2026-09-28 06:41:04,
1889,1889,data_quality,NEW,2026-09-28 06:41:04,
1890,1890,data_quality,NEW,2026-09-28 06:41:04,
1891,1891,data_quality,NEW,2026-09-28 06:41:04,
1892,1892,data_quality,NEW,2026-09-28 06:41:04,
1893,1893,data_quality,NEW,2026-09-28 06:41:04,
1894,1894,data_quality,NEW,2026-09-28 06:41:04,
1895,1895,data_quality,NEW,2026-09-28 06:41:04,
1896,1896,data_quality,NEW,2026-09-28 06:41:04,
1897,1897,data_quality,NEW,2026-09-28 06:41:04,
1898,1898,data_quality,NEW,2026-09-28 06:41:04,
1899,1899,data_quality,NEW,2026-09-28 06:41:04,
1900,1900,data_quality,NEW,2026-09-28 06:41:04,
1901,1901,data_quality,NEW,2026-09-28 06:41:04,
1902,1902,data_quality,NEW,2026-09-28 06:41:04,
1903,1903,data_quality,NEW,2026-09-28 06:41:04,
1904,1904,data_quality,NEW,2026-09-28 06:41:04,
1905,1905,data_quality,NEW,2026-09-28 06:41:04,
1906,1906,data_quality,NEW,2026-09-28 06:41:04,
1907,1907,data_quality,NEW,2026-09-28 06:41:04,
1908,1908,data_quality,NEW,2026-09-28 06:41:04,
1909,1909,data_quality,NEW,2026-09-28 06:41:04,
1910,1910,data_quality,NEW,2026-09-28 06:41:04,
1911,1911,data_quality,NEW,2026-09-28 06:41:04,
1912,1912,data_quality,NEW,2026-09-28 06:41:04,
1913,1913,data_quality,NEW,2026-09-28 06:41:04,
1914,1914,data_quality,NEW,2026-09-28 06:41:04,
1915,1915,data_quality,NEW,2026-09-28 06:41:04,
1916,1916,data_quality,NEW,2026-09-28 06:41:04,
1917,1917,data_quality,NEW,2026-09-28 06:41:04,
1918,1918,data_quality,NEW,2026-09-28 06:41:04,
1919,1919,data_quality,NEW,2026-09-28 06:41:04,
1920,1920,data_quality,NEW,2026-09-28 06:41:04,
1921,1921,data_quality,NEW,2026-09-28 06:41:04,
1922,1922,data_quality,NEW,2026-09-28 06:41:04,
1923,1923,data_quality,NEW,2026-09-28 06:41:04,
1924,1924,data_quality,NEW,2026-09-28 06:41:04,
1925,1925,data_quality,NEW,2026-09-28 06:41:04,
1926,1926,data_quality,NEW,2026-09-28 06:41:04,
1927,1927,data_quality,NEW,2026-09-28 06:41:04,
1928,1928,data_quality,NEW,2026-09-28 06:41:04,
1929,1929,data_quality,NEW,2026-09-28 06:41:04,
1930,1930,data_quality,NEW,2026-09-28 06:41:04,
1931,1931,data_quality,NEW,2026-09-28 06:41:04,
1932,1932,data_quality,NEW,2026-09-28 06:41:04,
1933,1933,data_quality,NEW,2026-09-28 06:41:04,
1934,1934,data_quality,NEW,2026-09-28 06:41:04,
1935,1935,data_quality,NEW,2026-09-28 06:41:04,
1936,1936,data_quality,NEW,2026-09-28 06:41:04,
1937,1937,data_quality,NEW,2026-09-28 06:41:04,
1938,1938,data_quality,NEW,2026-09-28 06:41:04,
1939,1939,data_quality,NEW,2026-09-28 06:41:04,
1940,1940,data_quality,NEW,2026-09-28 06:41:04,
1941,1941,data_quality,NEW,2026-09-28 06:41:04,
1942,1942,data_quality,NEW,2026-09-28 06:41:04,
1943,1943,data_quality,NEW,2026-09-28 06:41:04,
1944,1944,data_quality,NEW,2026-09-28 06:41:04,
1945,1945,data_quality,NEW,2026-09-28 06:41:04,
1946,1946,data_quality,NEW,2026-09-28 06:41:04,
1947,1947,data_quality,NEW,2026-09-28 06:41:04,
1948,1948,data_quality,NEW,2026-09-28 06:41:04,
1949,1949,data_quality,NEW,2026-09-28 06:41:04,
1950,1950,data_quality,NEW,2026-09-28 06:41:04,
1951,1951,data_quality,NEW,2026-09-28 06:41:04,
1952,1952,data_quality,NEW,2026-09-28 06:41:04,
1953,1953,data_quality,NEW,2026-09-28 06:41:04,
1954,1954,data_quality,NEW,2026-09-28 06:41:04,
1955,1955,data_quality,NEW,2026-09-28 06:41:04,
1956,1956,data_quality,NEW,2026-09-28 06:41:04,
1957,1957,data_quality,NEW,2026-09-28 06:41:04,
1958,1958,data_quality,NEW,2026-09-28 06:41:04,
1959,1959,data_quality,NEW,2026-09-28 06:41:04,
1960,1960,data_quality,NEW,2026-09-28 06:41:04,
1961,1961,data_quality,NEW,2026-09-28 06:41:04,
1962,1962,data_quality,NEW,2026-09-28 06:41:04,
1963,1963,data_quality,NEW,2026-09-28 06:41:04,
1964,1964,data_quality,NEW,2026-09-28 06:41:04,
1965,1965,data_quality,NEW,2026-09-28 06:41:04,
1966,1966,data_quality,NEW,2026-09-28 06:41:04,
1967,1967,data_quality,NEW,2026-09-28 06:41:04,
1968,1968,data_quality,NEW,2026-09-28 06:41:04,
1969,1969,data_quality,NEW,2026-09-28 06:41:04,
1970,1970,data_quality,NEW,2026-09-28 06:41:04,
1971,1971,data_quality,NEW,2026-09-28 06:41:04,
1972,1972,data_quality,NEW,2026-09-28 06:41:04,
1973,1973,data_quality,NEW,2026-09-28 06:41:04,
1974,1974,data_quality,NEW,2026-09-28 06:41:04,
1975,1975,data_quality,NEW,2026-09-28 06:41:04,
1976,1976,data_quality,NEW,2026-09-28 06:41:04,
1977,1977,data_quality,NEW,2026-09-28 06:41:04,
1978,1978,data_quality,NEW,2026-09-28 06:41:04,
1979,1979,data_quality,NEW,2026-09-28 06:41:04,
1980,1980,data_quality,NEW,2026-09-28 06:41:04,
1981,1981,data_quality,NEW,2026-09-28 06:41:04,
1982,1982,data_quality,NEW,2026-09-28 06:41:04,
1983,1983,data_quality,NEW,2026-09-28 06:41:04,
1984,1984,data_quality,NEW,2026-09-28 06:41:04,
1985,1985,data_quality,NEW,2026-09-28 06:41:04,
1986,1986,data_quality,NEW,2026-09-28 06:41:04,
1987,1987,data_quality,NEW,2026-09-28 06:41:04,
1988,1988,data_quality,NEW,2026-09-28 06:41:04,
1989,1989,data_quality,NEW,2026-09-28 06:41:04,
1990,1990,data_quality,NEW,2026-09-28 06:41:04,
1991,1991,data_quality,NEW,2026-09-28 06:41:04,
1992,1992,data_quality,NEW,2026-09-28 06:41:04,
1993,1993,data_quality,NEW,2026-09-28 06:41:04,
1994,1994,data_quality,NEW,2026-09-28 06:41:04,
1995,1995,data_quality,NEW,2026-09-28 06:41:04,
1996,1996,data_quality,NEW,2026-09-28 06:41:04,
1997,1997,data_quality,NEW,2026-09-28 06:41:04,
1998,1998,data_quality,NEW,2026-09-28 06:41:04,
1999,1999,data_quality,NEW,2026-09-28 06:41:04,
2000,2000,data_quality,NEW,2026-09-28 06:41:04,
2001,2001,data_quality,NEW,2026-09-28 06:41:04,
2002,2002,data_quality,NEW,2026-09-28 06:41:04,
2003,2003,data_quality,NEW,2026-09-28 06:41:04,
2004,2004,data_quality,NEW,2026-09-28 06:41:04,
2005,2005,data_quality,NEW,2026-09-28 06:41:04,
2006,2006,data_quality,NEW,2026-09-28 06:41:04,
2007,2007,data_quality,NEW,2026-09-28 06:41:04,
2008,2008,data_quality,NEW,2026-09-28 06:41:04,
2009,2009,data_quality,NEW,2026-09-28 06:41:04,
2010,2010,data_quality,NEW,2026-09-28 06:41:04,
2011,2011,data_quality,NEW,2026-09-28 06:41:04,
2012,2012,data_quality,NEW,2026-09-28 06:41:04,
2013,2013,data_quality,NEW,2026-09-28 06:41:04,
2014,2014,data_quality,NEW,2026-09-28 06:41:04,
2015,2015,data_quality,NEW,2026-09-28 06:41:04,
2016,2016,data_quality,NEW,2026-09-28 06:41:04,
2017,2017,data_quality,NEW,2026-09-28 06:41:04,
2018,2018,data_quality,NEW,2026-09-28 06:41:04,
2019,2019,data_quality,NEW,2026-09-28 06:41:04,
2020,2020,data_quality,NEW,2026-09-28 06:41:04,
2021,2021,data_quality,NEW,2026-09-28 06:41:04,
2022,2022,data_quality,NEW,2026-09-28 06:41:04,
2023,2023,data_quality,NEW,2026-09-28 06:41:04,
2024,2024,data_quality,NEW,2026-09-28 06:41:04,
2025,2025,data_quality,NEW,2026-09-28 06:41:04,
2026,2026,data_quality,NEW,2026-09-28 06:41:04,
2027,2027,data_quality,NEW,2026-09-28 06:41:04,
2028,2028,data_quality,NEW,2026-09-28 06:41:04,
2029,2029,data_quality,NEW,2026-09-28 06:41:04,
2030,2030,data_quality,NEW,2026-09-28 06:41:04,
2031,2031,data_quality,NEW,2026-09-28 06:41:04,
2032,2032,data_quality,NEW,2026-09-28 06:41:04,
2033,2033,data_quality,NEW,2026-09-28 06:41:04,
2034,2034,data_quality,NEW,2026-09-28 06:41:04,
2035,2035,data_quality,NEW,2026-09-28 06:41:04,
2036,2036,data_quality,NEW,2026-09-28 06:41:04,
2037,2037,data_quality,NEW,2026-09-28 06:41:04,
2038,2038,data_quality,NEW,2026-09-28 06:41:04,
2039,2039,data_quality,NEW,2026-09-28 06:41:04,
2040,2040,data_quality,NEW,2026-09-28 06:41:04,
2041,2041,data_quality,NEW,2026-09-28 06:41:04,
2042,2042,data_quality,NEW,2026-09-28 06:41:04,
2043,2043,data_quality,NEW,2026-09-28 06:41:04,
2044,2044,data_quality,NEW,2026-09-28 06:41:04,
2045,2045,data_quality,NEW,2026-09-28 06:41:04,
2046,2046,data_quality,NEW,2026-09-28 06:41:04,
2047,2047,data_quality,NEW,2026-09-28 06:41:04,
2048,2048,data_quality,NEW,2026-09-28 06:41:04,
2049,2049,data_quality,NEW,2026-09-28 06:41:04,
2050,2050,data_quality,NEW,2026-09-28 06:41:04,
2051,2051,data_quality,NEW,2026-09-28 06:41:04,
2052,2052,data_quality,NEW,2026-09-28 06:41:04,
2053,2053,data_quality,NEW,2026-09-28 06:41:04,
2054,2054,data_quality,NEW,2026-09-28 06:41:04,
2055,2055,data_quality,NEW,2026-09-28 06:41:04,
2056,2056,data_quality,NEW,2026-09-28 06:41:04,
2057,2057,data_quality,NEW,2026-09-28 06:41:04,
2058,2058,data_quality,NEW,2026-09-28 06:41:04,
2059,2059,data_quality,NEW,2026-09-28 06:41:04,
2060,2060,data_quality,NEW,2026-09-28 06:41:04,
2061,2061,data_quality,NEW,2026-09-28 06:41:04,
2062,2062,data_quality,NEW,2026-09-28 06:41:04,
2063,2063,data_quality,NEW,2026-09-28 06:41:04,
2064,2064,data_quality,NEW,2026-09-28 06:41:04,
2065,2065,data_quality,NEW,2026-09-28 06:41:04,
2066,2066,data_quality,NEW,2026-09-28 06:41:04,
2067,2067,data_quality,NEW,2026-09-28 06:41:04,
2068,2068,data_quality,NEW,2026-09-28 06:41:04,
2069,2069,data_quality,NEW,2026-09-28 06:41:04,
2070,2070,data_quality,NEW,2026-09-28 06:41:04,
2071,2071,data_quality,NEW,2026-09-28 06:41:04,
2072,2072,data_quality,NEW,2026-09-28 06:41:04,
2073,2073,data_quality,NEW,2026-09-28 06:41:04,
2074,2074,data_quality,NEW,2026-09-28 06:41:04,
2075,2075,data_quality,NEW,2026-09-28 06:41:04,
2076,2076,data_quality,NEW,2026-09-28 06:41:04,
2077,2077,data_quality,NEW,2026-09-28 06:41:04,
2078,2078,data_quality,NEW,2026-09-28 06:41:04,
2079,2079,data_quality,NEW,2026-09-28 06:41:04,
2080,2080,data_quality,NEW,2026-09-28 06:41:04,
2081,2081,data_quality,NEW,2026-09-28 06:41:04,
2082,2082,data_quality,NEW,2026-09-28 06:41:04,
2083,2083,data_quality,NEW,2026-09-28 06:41:04,
2084,2084,data_quality,NEW,2026-09-28 06:41:04,
2085,2085,data_quality,NEW,2026-09-28 06:41:04,
2086,2086,data_quality,NEW,2026-09-28 06:41:04,
2087,2087,data_quality,NEW,2026-09-28 06:41:04,
2088,2088,data_quality,NEW,2026-09-28 06:41:04,
2089,2089,data_quality,NEW,2026-09-28 06:41:04,
2090,2090,data_quality,NEW,2026-09-28 06:41:04,
2091,2091,data_quality,NEW,2026-09-28 06:41:04,
2092,2092,data_quality,NEW,2026-09-28 06:41:04,
2093,2093,data_quality,NEW,2026-09-28 06:41:04,
2094,2094,data_quality,NEW,2026-09-28 06:41:04,
2095,2095,data_quality,NEW,2026-09-28 06:41:04,
2096,2096,data_quality,NEW,2026-09-28 06:41:04,
2097,2097,data_quality,NEW,2026-09-28 06:41:04,
2098,2098,data_quality,NEW,2026-09-28 06:41:04,
2099,2099,data_quality,NEW,2026-09-28 06:41:04,
2100,2100,data_quality,NEW,2026-09-28 06:41:04,
2101,2101,data_quality,NEW,2026-09-28 06:41:04,
2102,2102,data_quality,NEW,2026-09-28 06:41:04,
2103,2103,data_quality,NEW,2026-09-28 06:41:04,
2104,2104,data_quality,NEW,2026-09-28 06:41:04,
2105,2105,data_quality,NEW,2026-09-28 06:41:04,
2106,2106,data_quality,NEW,2026-09-28 06:41:04,
2107,2107,data_quality,NEW,2026-09-28 06:41:04,
2108,2108,data_quality,NEW,2026-09-28 06:41:04,
2109,2109,data_quality,NEW,2026-09-28 06:41:04,
2110,2110,data_quality,NEW,2026-09-28 06:41:04,
2111,2111,data_quality,NEW,2026-09-28 06:41:04,
2112,2112,data_quality,NEW,2026-09-28 06:41:04,
2113,2113,data_quality,NEW,2026-09-28 06:41:04,
2114,2114,data_quality,NEW,2026-09-28 06:41:04,
2115,2115,data_quality,NEW,2026-09-28 06:41:04,
2116,2116,data_quality,NEW,2026-09-28 06:41:04,
2117,2117,data_quality,NEW,2026-09-28 06:41:04,
2118,2118,data_quality,NEW,2026-09-28 06:41:04,
2119,2119,data_quality,NEW,2026-09-28 06:41:04,
2120,2120,data_quality,NEW,2026-09-28 06:41:04,
2121,2121,data_quality,NEW,2026-09-28 06:41:04,
2122,2122,data_quality,NEW,2026-09-28 06:41:04,
2123,2123,data_quality,NEW,2026-09-28 06:41:04,
2124,2124,data_quality,NEW,2026-09-28 06:41:04,
2125,2125,data_quality,NEW,2026-09-28 06:41:04,
2126,2126,data_quality,NEW,2026-09-28 06:41:04,
2127,2127,data_quality,NEW,2026-09-28 06:41:04,
2128,2128,data_quality,NEW,2026-09-28 06:41:04,
2129,2129,data_quality,NEW,2026-09-28 06:41:04,
2130,2130,data_quality,NEW,2026-09-28 06:41:04,
2131,2131,data_quality,NEW,2026-09-28 06:41:04,
2132,2132,data_quality,NEW,2026-09-28 06:41:04,
2133,2133,data_quality,NEW,2026-09-28 06:41:04,
2134,2134,data_quality,NEW,2026-09-28 06:41:04,
2135,2135,data_quality,NEW,2026-09-28 06:41:04,
2136,2136,data_quality,NEW,2026-09-28 06:41:04,
2137,2137,data_quality,NEW,2026-09-28 06:41:04,
2138,2138,data_quality,NEW,2026-09-28 06:41:04,
2139,2139,data_quality,NEW,2026-09-28 06:41:04,
2140,2140,data_quality,NEW,2026-09-28 06:41:04,
2141,2141,data_quality,NEW,2026-09-28 06:41:04,
2142,2142,data_quality,NEW,2026-09-28 06:41:04,
2143,2143,data_quality,NEW,2026-09-28 06:41:04,
2144,2144,data_quality,NEW,2026-09-28 06:41:04,
2145,2145,data_quality,NEW,2026-09-28 06:41:04,
2146,2146,data_quality,NEW,2026-09-28 06:41:04,
2147,2147,data_quality,NEW,2026-09-28 06:41:04,
2148,2148,data_quality,NEW,2026-09-28 06:41:04,
2149,2149,data_quality,NEW,2026-09-28 06:41:04,
2150,2150,data_quality,NEW,2026-09-28 06:41:04,
2151,2151,data_quality,NEW,2026-09-28 06:41:04,
2152,2152,data_quality,NEW,2026-09-28 06:41:04,
2153,2153,data_quality,NEW,2026-09-28 06:41:04,
2154,2154,data_quality,NEW,2026-09-28 06:41:04,
2155,2155,data_quality,NEW,2026-09-28 06:41:04,
2156,2156,data_quality,NEW,2026-09-28 06:41:04,
2157,2157,data_quality,NEW,2026-09-28 06:41:04,
2158,2158,data_quality,NEW,2026-09-28 06:41:04,
2159,2159,data_quality,NEW,2026-09-28 06:41:04,
2160,2160,data_quality,NEW,2026-09-28 06:41:04,
2161,2161,data_quality,NEW,2026-09-28 06:41:04,
2162,2162,data_quality,NEW,2026-09-28 06:41:04,
2163,2163,data_quality,NEW,2026-09-28 06:41:04,
2164,2164,data_quality,NEW,2026-09-28 06:41:04,
2165,2165,data_quality,NEW,2026-09-28 06:41:04,
2166,2166,data_quality,NEW,2026-09-28 06:41:04,
2167,2167,data_quality,NEW,2026-09-28 06:41:04,
2168,2168,data_quality,NEW,2026-09-28 06:41:04,
2169,2169,data_quality,NEW,2026-09-28 06:41:04,
2170,2170,data_quality,NEW,2026-09-28 06:41:04,
2171,2171,data_quality,NEW,2026-09-28 06:41:04,
2172,2172,data_quality,NEW,2026-09-28 06:41:04,
2173,2173,data_quality,NEW,2026-09-28 06:41:04,
2174,2174,data_quality,NEW,2026-09-28 06:41:04,
2175,2175,data_quality,NEW,2026-09-28 06:41:04,
2176,2176,data_quality,NEW,2026-09-28 06:41:04,
2177,2177,data_quality,NEW,2026-09-28 06:41:04,
2178,2178,data_quality,NEW,2026-09-28 06:41:04,
2179,2179,data_quality,NEW,2026-09-28 06:41:04,
2180,2180,data_quality,NEW,2026-09-28 06:41:04,
2181,2181,data_quality,NEW,2026-09-28 06:41:04,
2182,2182,data_quality,NEW,2026-09-28 06:41:04,
2183,2183,data_quality,NEW,2026-09-28 06:41:04,
2184,2184,data_quality,NEW,2026-09-28 06:41:04,
2185,2185,data_quality,NEW,2026-09-28 06:41:04,
2186,2186,data_quality,NEW,2026-09-28 06:41:04,
2187,2187,data_quality,NEW,2026-09-28 06:41:04,
2188,2188,data_quality,NEW,2026-09-28 06:41:04,
2189,2189,data_quality,NEW,2026-09-28 06:41:04,
2190,2190,data_quality,NEW,2026-09-28 06:41:04,
2191,2191,data_quality,NEW,2026-09-28 06:41:04,
2192,2192,data_quality,NEW,2026-09-28 06:41:04,
2193,2193,data_quality,NEW,2026-09-28 06:41:04,
2194,2194,data_quality,NEW,2026-09-28 06:41:04,
2195,2195,data_quality,NEW,2026-09-28 06:41:04,
2196,2196,data_quality,NEW,2026-09-28 06:41:04,
2197,2197,data_quality,NEW,2026-09-28 06:41:04,
2198,2198,data_quality,NEW,2026-09-28 06:41:04,
2199,2199,data_quality,NEW,2026-09-28 06:41:04,
2200,2200,data_quality,NEW,2026-09-28 06:41:04,
2201,2201,data_quality,NEW,2026-09-28 06:41:04,
2202,2202,data_quality,NEW,2026-09-28 06:41:04,
2203,2203,data_quality,NEW,2026-09-28 06:41:04,
2204,2204,data_quality,NEW,2026-09-28 06:41:04,
2205,2205,data_quality,NEW,2026-09-28 06:41:04,
2206,2206,data_quality,NEW,2026-09-28 06:41:04,
2207,2207,data_quality,NEW,2026-09-28 06:41:04,
2208,2208,data_quality,NEW,2026-09-28 06:41:04,
2209,2209,data_quality,NEW,2026-09-28 06:41:04,
2210,2210,data_quality,NEW,2026-09-28 06:41:04,
2211,2211,data_quality,NEW,2026-09-28 06:41:04,
2212,2212,data_quality,NEW,2026-09-28 06:41:04,
2213,2213,data_quality,NEW,2026-09-28 06:41:04,
2214,2214,data_quality,NEW,2026-09-28 06:41:04,
2215,2215,data_quality,NEW,2026-09-28 06:41:04,
2216,2216,data_quality,NEW,2026-09-28 06:41:04,
2217,2217,data_quality,NEW,2026-09-28 06:41:04,
2218,2218,data_quality,NEW,2026-09-28 06:41:04,
2219,2219,data_quality,NEW,2026-09-28 06:41:04,
2220,2220,data_quality,NEW,2026-09-28 06:41:04,
2221,2221,data_quality,NEW,2026-09-28 06:41:04,
2222,2222,data_quality,NEW,2026-09-28 06:41:04,
2223,2223,data_quality,NEW,2026-09-28 06:41:04,
2224,2224,data_quality,NEW,2026-09-28 06:41:04,
2225,2225,data_quality,NEW,2026-09-28 06:41:04,
2226,2226,data_quality,NEW,2026-09-28 06:41:04,
2227,2227,data_quality,NEW,2026-09-28 06:41:04,
2228,2228,data_quality,NEW,2026-09-28 06:41:04,
2229,2229,data_quality,NEW,2026-09-28 06:41:04,
2230,2230,data_quality,NEW,2026-09-28 06:41:04,
2231,2231,data_quality,NEW,2026-09-28 06:41:04,
2232,2232,data_quality,NEW,2026-09-28 06:41:04,
2233,2233,data_quality,NEW,2026-09-28 06:41:04,
2234,2234,data_quality,NEW,2026-09-28 06:41:04,
2235,2235,data_quality,NEW,2026-09-28 06:41:04,
2236,2236,data_quality,NEW,2026-09-28 06:41:04,
2237,2237,data_quality,NEW,2026-09-28 06:41:04,
2238,2238,data_quality,NEW,2026-09-28 06:41:04,
2239,2239,data_quality,NEW,2026-09-28 06:41:04,
2240,2240,data_quality,NEW,2026-09-28 06:41:04,
2241,2241,data_quality,NEW,2026-09-28 06:41:04,
2242,2242,data_quality,NEW,2026-09-28 06:41:04,
2243,2243,data_quality,NEW,2026-09-28 06:41:04,
2244,2244,data_quality,NEW,2026-09-28 06:41:04,
2245,2245,data_quality,NEW,2026-09-28 06:41:04,
2246,2246,data_quality,NEW,2026-09-28 06:41:04,
2247,2247,data_quality,NEW,2026-09-28 06:41:04,
2248,2248,data_quality,NEW,2026-09-28 06:41:04,
2249,2249,data_quality,NEW,2026-09-28 06:41:04,
2250,2250,data_quality,NEW,2026-09-28 06:41:04,
2251,2251,data_quality,NEW,2026-09-28 06:41:04,
2252,2252,data_quality,NEW,2026-09-28 06:41:04,
2253,2253,data_quality,NEW,2026-09-28 06:41:04,
2254,2254,data_quality,NEW,2026-09-28 06:41:04,
2255,2255,data_quality,NEW,2026-09-28 06:41:04,
2256,2256,data_quality,NEW,2026-09-28 06:41:04,
2257,2257,data_quality,NEW,2026-09-28 06:41:04,
2258,2258,data_quality,NEW,2026-09-28 06:41:04,
2259,2259,data_quality,NEW,2026-09-28 06:41:04,
2260,2260,data_quality,NEW,2026-09-28 06:41:04,
2261,2261,data_quality,NEW,2026-09-28 06:41:04,
2262,2262,data_quality,NEW,2026-09-28 06:41:04,
2263,2263,data_quality,NEW,2026-09-28 06:41:04,
2264,2264,data_quality,NEW,2026-09-28 06:41:04,
2265,2265,data_quality,NEW,2026-09-28 06:41:04,
2266,2266,data_quality,NEW,2026-09-28 06:41:04,
2267,2267,data_quality,NEW,2026-09-28 06:41:04,
2268,2268,data_quality,NEW,2026-09-28 06:41:04,
2269,2269,data_quality,NEW,2026-09-28 06:41:04,
2270,2270,data_quality,NEW,2026-09-28 06:41:04,
2271,2271,data_quality,NEW,2026-09-28 06:41:04,
2272,2272,data_quality,NEW,2026-09-28 06:41:04,
2273,2273,data_quality,NEW,2026-09-28 06:41:04,
2274,2274,data_quality,NEW,2026-09-28 06:41:04,
2275,2275,data_quality,NEW,2026-09-28 06:41:04,
2276,2276,data_quality,NEW,2026-09-28 06:41:04,
2277,2277,data_quality,NEW,2026-09-28 06:41:04,
2278,2278,data_quality,NEW,2026-09-28 06:41:04,
2279,2279,data_quality,NEW,2026-09-28 06:41:04,
2280,2280,data_quality,NEW,2026-09-28 06:41:04,
2281,2281,data_quality,NEW,2026-09-28 06:41:04,
2282,2282,data_quality,NEW,2026-09-28 06:41:04,
2283,2283,data_quality,NEW,2026-09-28 06:41:04,
2284,2284,data_quality,NEW,2026-09-28 06:41:04,
2285,2285,data_quality,NEW,2026-09-28 06:41:04,
2286,2286,data_quality,NEW,2026-09-28 06:41:04,
2287,2287,data_quality,NEW,2026-09-28 06:41:04,
2288,2288,data_quality,NEW,2026-09-28 06:41:04,
2289,2289,data_quality,NEW,2026-09-28 06:41:04,
2290,2290,data_quality,NEW,2026-09-28 06:41:04,
2291,2291,data_quality,NEW,2026-09-28 06:41:04,
2292,2292,data_quality,NEW,2026-09-28 06:41:04,
2293,2293,data_quality,NEW,2026-09-28 06:41:04,
2294,2294,data_quality,NEW,2026-09-28 06:41:04,
2295,2295,data_quality,NEW,2026-09-28 06:41:04,
2296,2296,data_quality,NEW,2026-09-28 06:41:04,
2297,2297,data_quality,NEW,2026-09-28 06:41:04,
2298,2298,data_quality,NEW,2026-09-28 06:41:04,
2299,2299,data_quality,NEW,2026-09-28 06:41:04,
2300,2300,data_quality,NEW,2026-09-28 06:41:04,
2301,2301,data_quality,NEW,2026-09-28 06:41:04,
2302,2302,data_quality,NEW,2026-09-28 06:41:04,
2303,2303,data_quality,NEW,2026-09-28 06:41:04,
2304,2304,data_quality,NEW,2026-09-28 06:41:04,
2305,2305,data_quality,NEW,2026-09-28 06:41:04,
2306,2306,data_quality,NEW,2026-09-28 06:41:04,
2307,2307,data_quality,NEW,2026-09-28 06:41:04,
2308,2308,data_quality,NEW,2026-09-28 06:41:04,
2309,2309,data_quality,NEW,2026-09-28 06:41:04,
2310,2310,data_quality,NEW,2026-09-28 06:41:04,
2311,2311,data_quality,NEW,2026-09-28 06:41:04,
2312,2312,data_quality,NEW,2026-09-28 06:41:04,
2313,2313,data_quality,NEW,2026-09-28 06:41:04,
2314,2314,data_quality,NEW,2026-09-28 06:41:04,
2315,2315,data_quality,NEW,2026-09-28 06:41:04,
2316,2316,data_quality,NEW,2026-09-28 06:41:04,
2317,2317,data_quality,NEW,2026-09-28 06:41:04,
2318,2318,data_quality,NEW,2026-09-28 06:41:04,
2319,2319,data_quality,NEW,2026-09-28 06:41:04,
2320,2320,data_quality,NEW,2026-09-28 06:41:04,
2321,2321,data_quality,NEW,2026-09-28 06:41:04,
2322,2322,data_quality,NEW,2026-09-28 06:41:04,
2323,2323,data_quality,NEW,2026-09-28 06:41:04,
2324,2324,data_quality,NEW,2026-09-28 06:41:04,
2325,2325,data_quality,NEW,2026-09-28 06:41:04,
2326,2326,data_quality,NEW,2026-09-28 06:41:04,
2327,2327,data_quality,NEW,2026-09-28 06:41:04,
2328,2328,data_quality,NEW,2026-09-28 06:41:04,
2329,2329,data_quality,NEW,2026-09-28 06:41:04,
2330,2330,data_quality,NEW,2026-09-28 06:41:04,
2331,2331,data_quality,NEW,2026-09-28 06:41:04,
2332,2332,data_quality,NEW,2026-09-28 06:41:04,
2333,2333,data_quality,NEW,2026-09-28 06:41:04,
2334,2334,data_quality,NEW,2026-09-28 06:41:04,
2335,2335,data_quality,NEW,2026-09-28 06:41:04,
2336,2336,data_quality,NEW,2026-09-28 06:41:04,
2337,2337,data_quality,NEW,2026-09-28 06:41:04,
2338,2338,data_quality,NEW,2026-09-28 06:41:04,
2339,2339,data_quality,NEW,2026-09-28 06:41:04,
2340,2340,data_quality,NEW,2026-09-28 06:41:04,
2341,2341,data_quality,NEW,2026-09-28 06:41:04,
2342,2342,data_quality,NEW,2026-09-28 06:41:04,
2343,2343,data_quality,NEW,2026-09-28 06:41:04,
2344,2344,data_quality,NEW,2026-09-28 06:41:04,
2345,2345,data_quality,NEW,2026-09-28 06:41:04,
2346,2346,data_quality,NEW,2026-09-28 06:41:04,
2347,2347,data_quality,NEW,2026-09-28 06:41:04,
2348,2348,data_quality,NEW,2026-09-28 06:41:04,
2349,2349,data_quality,NEW,2026-09-28 06:41:04,
2350,2350,data_quality,NEW,2026-09-28 06:41:04,
2351,2351,data_quality,NEW,2026-09-28 06:41:04,
2352,2352,data_quality,NEW,2026-09-28 06:41:04,
2353,2353,data_quality,NEW,2026-09-28 06:41:04,
2354,2354,data_quality,NEW,2026-09-28 06:41:04,
2355,2355,data_quality,NEW,2026-09-28 06:41:04,
2356,2356,data_quality,NEW,2026-09-28 06:41:04,
2357,2357,data_quality,NEW,2026-09-28 06:41:04,
2358,2358,data_quality,NEW,2026-09-28 06:41:04,
2359,2359,data_quality,NEW,2026-09-28 06:41:04,
2360,2360,data_quality,NEW,2026-09-28 06:41:04,
2361,2361,data_quality,NEW,2026-09-28 06:41:04,
2362,2362,data_quality,NEW,2026-09-28 06:41:04,
2363,2363,data_quality,NEW,2026-09-28 06:41:04,
2364,2364,data_quality,NEW,2026-09-28 06:41:04,
2365,2365,data_quality,NEW,2026-09-28 06:41:04,
2366,2366,data_quality,NEW,2026-09-28 06:41:04,
2367,2367,data_quality,NEW,2026-09-28 06:41:04,
2368,2368,data_quality,NEW,2026-09-28 06:41:04,
2369,2369,data_quality,NEW,2026-09-28 06:41:04,
2370,2370,data_quality,NEW,2026-09-28 06:41:04,
2371,2371,data_quality,NEW,2026-09-28 06:41:04,
2372,2372,data_quality,NEW,2026-09-28 06:41:04,
2373,2373,data_quality,NEW,2026-09-28 06:41:04,
2374,2374,data_quality,NEW,2026-09-28 06:41:04,
2375,2375,data_quality,NEW,2026-09-28 06:41:04,
2376,2376,data_quality,NEW,2026-09-28 06:41:04,
2377,2377,data_quality,NEW,2026-09-28 06:41:04,
2378,2378,data_quality,NEW,2026-09-28 06:41:04,
2379,2379,data_quality,NEW,2026-09-28 06:41:04,
2380,2380,data_quality,NEW,2026-09-28 06:41:04,
2381,2381,data_quality,NEW,2026-09-28 06:41:04,
2382,2382,data_quality,NEW,2026-09-28 06:41:04,
2383,2383,data_quality,NEW,2026-09-28 06:41:04,
2384,2384,data_quality,NEW,2026-09-28 06:41:04,
2385,2385,data_quality,NEW,2026-09-28 06:41:04,
2386,2386,data_quality,NEW,2026-09-28 06:41:04,
2387,2387,data_quality,NEW,2026-09-28 06:41:04,
2388,2388,data_quality,NEW,2026-09-28 06:41:04,
2389,2389,data_quality,NEW,2026-09-28 06:41:04,
2390,2390,data_quality,NEW,2026-09-28 06:41:04,
2391,2391,data_quality,NEW,2026-09-28 06:41:04,
2392,2392,data_quality,NEW,2026-09-28 06:41:04,
2393,2393,data_quality,NEW,2026-09-28 06:41:04,
2394,2394,data_quality,NEW,2026-09-28 06:41:04,
2395,2395,data_quality,NEW,2026-09-28 06:41:04,
2396,2396,data_quality,NEW,2026-09-28 06:41:04,
2397,2397,data_quality,NEW,2026-09-28 06:41:04,
2398,2398,data_quality,NEW,2026-09-28 06:41:04,
2399,2399,data_quality,NEW,2026-09-28 06:41:04,
2400,2400,data_quality,NEW,2026-09-28 06:41:04,
2401,2401,data_quality,NEW,2026-09-28 06:41:04,
2402,2402,data_quality,NEW,2026-09-28 06:41:04,
2403,2403,data_quality,NEW,2026-09-28 06:41:04,
2404,2404,data_quality,NEW,2026-09-28 06:41:04,
2405,2405,data_quality,NEW,2026-09-28 06:41:04,
2406,2406,data_quality,NEW,2026-09-28 06:41:04,
2407,2407,data_quality,NEW,2026-09-28 06:41:04,
2408,2408,data_quality,NEW,2026-09-28 06:41:04,
2409,2409,data_quality,NEW,2026-09-28 06:41:04,
2410,2410,data_quality,NEW,2026-09-28 06:41:04,
2411,2411,data_quality,NEW,2026-09-28 06:41:04,
2412,2412,data_quality,NEW,2026-09-28 06:41:04,
2413,2413,data_quality,NEW,2026-09-28 06:41:04,
2414,2414,data_quality,NEW,2026-09-28 06:41:04,
2415,2415,data_quality,NEW,2026-09-28 06:41:04,
2416,2416,data_quality,NEW,2026-09-28 06:41:04,
2417,2417,data_quality,NEW,2026-09-28 06:41:04,
2418,2418,data_quality,NEW,2026-09-28 06:41:04,
2419,2419,data_quality,NEW,2026-09-28 06:41:04,
2420,2420,data_quality,NEW,2026-09-28 06:41:04,
2421,2421,data_quality,NEW,2026-09-28 06:41:04,
2422,2422,data_quality,NEW,2026-09-28 06:41:04,
2423,2423,data_quality,NEW,2026-09-28 06:41:04,
2424,2424,data_quality,NEW,2026-09-28 06:41:04,
2425,2425,data_quality,NEW,2026-09-28 06:41:04,
2426,2426,data_quality,NEW,2026-09-28 06:41:04,
2427,2427,data_quality,NEW,2026-09-28 06:41:04,
2428,2428,data_quality,NEW,2026-09-28 06:41:04,
2429,2429,data_quality,NEW,2026-09-28 06:41:04,
2430,2430,data_quality,NEW,2026-09-28 06:41:04,
2431,2431,data_quality,NEW,2026-09-28 06:41:04,
2432,2432,data_quality,NEW,2026-09-28 06:41:04,
2433,2433,data_quality,NEW,2026-09-28 06:41:04,
2434,2434,data_quality,NEW,2026-09-28 06:41:04,
2435,2435,data_quality,NEW,2026-09-28 06:41:04,
2436,2436,data_quality,NEW,2026-09-28 06:41:04,
2437,2437,data_quality,NEW,2026-09-28 06:41:04,
2438,2438,data_quality,NEW,2026-09-28 06:41:04,
2439,2439,data_quality,NEW,2026-09-28 06:41:04,
2440,2440,data_quality,NEW,2026-09-28 06:41:04,
2441,2441,data_quality,NEW,2026-09-28 06:41:04,
2442,2442,data_quality,NEW,2026-09-28 06:41:04,
2443,2443,data_quality,NEW,2026-09-28 06:41:04,
2444,2444,data_quality,NEW,2026-09-28 06:41:04,
2445,2445,data_quality,NEW,2026-09-28 06:41:04,
2446,2446,data_quality,NEW,2026-09-28 06:41:04,
2447,2447,data_quality,NEW,2026-09-28 06:41:04,
2448,2448,data_quality,NEW,2026-09-28 06:41:04,
2449,2449,data_quality,NEW,2026-09-28 06:41:04,
2450,2450,data_quality,NEW,2026-09-28 06:41:04,
2451,2451,data_quality,NEW,2026-09-28 06:41:04,
2452,2452,data_quality,NEW,2026-09-28 06:41:04,
2453,2453,data_quality,NEW,2026-09-28 06:41:04,
2454,2454,data_quality,NEW,2026-09-28 06:41:04,
2455,2455,data_quality,NEW,2026-09-28 06:41:04,
2456,2456,data_quality,NEW,2026-09-28 06:41:04,
2457,2457,data_quality,NEW,2026-09-28 06:41:04,
2458,2458,data_quality,NEW,2026-09-28 06:41:04,
2459,2459,data_quality,NEW,2026-09-28 06:41:04,
2460,2460,data_quality,NEW,2026-09-28 06:41:04,
2461,2461,data_quality,NEW,2026-09-28 06:41:04,
2462,2462,data_quality,NEW,2026-09-28 06:41:04,
2463,2463,data_quality,NEW,2026-09-28 06:41:04,
2464,2464,data_quality,NEW,2026-09-28 06:41:04,
2465,2465,data_quality,NEW,2026-09-28 06:41:04,
2466,2466,data_quality,NEW,2026-09-28 06:41:04,
2467,2467,data_quality,NEW,2026-09-28 06:41:04,
2468,2468,data_quality,NEW,2026-09-28 06:41:04,
2469,2469,data_quality,NEW,2026-09-28 06:41:04,
2470,2470,data_quality,NEW,2026-09-28 06:41:04,
2471,2471,data_quality,NEW,2026-09-28 06:41:04,
2472,2472,data_quality,NEW,2026-09-28 06:41:04,
2473,2473,data_quality,NEW,2026-09-28 06:41:04,
2474,2474,data_quality,NEW,2026-09-28 06:41:04,
2475,2475,data_quality,NEW,2026-09-28 06:41:04,
2476,2476,data_quality,NEW,2026-09-28 06:41:04,
2477,2477,data_quality,NEW,2026-09-28 06:41:04,
2478,2478,data_quality,NEW,2026-09-28 06:41:04,
2479,2479,data_quality,NEW,2026-09-28 06:41:04,
2480,2480,data_quality,NEW,2026-09-28 06:41:04,
2481,2481,data_quality,NEW,2026-09-28 06:41:04,
2482,2482,data_quality,NEW,2026-09-28 06:41:04,
2483,2483,data_quality,NEW,2026-09-28 06:41:04,
2484,2484,data_quality,NEW,2026-09-28 06:41:04,
2485,2485,data_quality,NEW,2026-09-28 06:41:04,
2486,2486,data_quality,NEW,2026-09-28 06:41:04,
2487,2487,data_quality,NEW,2026-09-28 06:41:04,
2488,2488,data_quality,NEW,2026-09-28 06:41:04,
2489,2489,data_quality,NEW,2026-09-28 06:41:04,
2490,2490,data_quality,NEW,2026-09-28 06:41:04,
2491,2491,data_quality,NEW,2026-09-28 06:41:04,
2492,2492,data_quality,NEW,2026-09-28 06:41:04,
2493,2493,data_quality,NEW,2026-09-28 06:41:04,
2494,2494,data_quality,NEW,2026-09-28 06:41:04,
2495,2495,data_quality,NEW,2026-09-28 06:41:04,
2496,2496,data_quality,NEW,2026-09-28 06:41:04,
2497,2497,data_quality,NEW,2026-09-28 06:41:04,
2498,2498,data_quality,NEW,2026-09-28 06:41:04,
2499,2499,data_quality,NEW,2026-09-28 06:41:04,
2500,2500,data_quality,NEW,2026-09-28 06:41:04,
2501,2501,data_quality,NEW,2026-09-28 06:41:04,
2502,2502,data_quality,NEW,2026-09-28 06:41:04,
2503,2503,data_quality,NEW,2026-09-28 06:41:04,
2504,2504,data_quality,NEW,2026-09-28 06:41:04,
2505,2505,data_quality,NEW,2026-09-28 06:41:04,
2506,2506,data_quality,NEW,2026-09-28 06:41:04,
2507,2507,data_quality,NEW,2026-09-28 06:41:04,
2508,2508,data_quality,NEW,2026-09-28 06:41:04,
2509,2509,data_quality,NEW,2026-09-28 06:41:04,
2510,2510,data_quality,NEW,2026-09-28 06:41:04,
2511,2511,data_quality,NEW,2026-09-28 06:41:04,
2512,2512,data_quality,NEW,2026-09-28 06:41:04,
2513,2513,data_quality,NEW,2026-09-28 06:41:04,
2514,2514,data_quality,NEW,2026-09-28 06:41:04,
2515,2515,data_quality,NEW,2026-09-28 06:41:04,
2516,2516,data_quality,NEW,2026-09-28 06:41:04,
2517,2517,data_quality,NEW,2026-09-28 06:41:04,
2518,2518,data_quality,NEW,2026-09-28 06:41:04,
2519,2519,data_quality,NEW,2026-09-28 06:41:04,
2520,2520,data_quality,NEW,2026-09-28 06:41:04,
2521,2521,data_quality,NEW,2026-09-28 06:41:04,
2522,2522,data_quality,NEW,2026-09-28 06:41:04,
2523,2523,data_quality,NEW,2026-09-28 06:41:04,
2524,2524,data_quality,NEW,2026-09-28 06:41:04,
2525,2525,data_quality,NEW,2026-09-28 06:41:04,
2526,2526,data_quality,NEW,2026-09-28 06:41:04,
2527,2527,data_quality,NEW,2026-09-28 06:41:04,
2528,2528,data_quality,NEW,2026-09-28 06:41:04,
2529,2529,data_quality,NEW,2026-09-28 06:41:04,
2530,2530,data_quality,NEW,2026-09-28 06:41:04,
2531,2531,data_quality,NEW,2026-09-28 06:41:04,
2532,2532,data_quality,NEW,2026-09-28 06:41:04,
2533,2533,data_quality,NEW,2026-09-28 06:41:04,
2534,2534,data_quality,NEW,2026-09-28 06:41:04,
2535,2535,data_quality,NEW,2026-09-28 06:41:04,
2536,2536,data_quality,NEW,2026-09-28 06:41:04,
2537,2537,data_quality,NEW,2026-09-28 06:41:04,
2538,2538,data_quality,NEW,2026-09-28 06:41:04,
2539,2539,data_quality,NEW,2026-09-28 06:41:04,
2540,2540,data_quality,NEW,2026-09-28 06:41:04,
2541,2541,data_quality,NEW,2026-09-28 06:41:04,
2542,2542,data_quality,NEW,2026-09-28 06:41:04,
2543,2543,data_quality,NEW,2026-09-28 06:41:04,
2544,2544,data_quality,NEW,2026-09-28 06:41:04,
2545,2545,data_quality,NEW,2026-09-28 06:41:04,
2546,2546,data_quality,NEW,2026-09-28 06:41:04,
2547,2547,data_quality,NEW,2026-09-28 06:41:04,
2548,2548,data_quality,NEW,2026-09-28 06:41:04,
2549,2549,data_quality,NEW,2026-09-28 06:41:04,
2550,2550,data_quality,NEW,2026-09-28 06:41:04,
2551,2551,data_quality,NEW,2026-09-28 06:41:04,
2552,2552,data_quality,NEW,2026-09-28 06:41:04,
2553,2553,data_quality,NEW,2026-09-28 06:41:04,
2554,2554,data_quality,NEW,2026-09-28 06:41:04,
2555,2555,data_quality,NEW,2026-09-28 06:41:04,
2556,2556,data_quality,NEW,2026-09-28 06:41:04,
2557,2557,data_quality,NEW,2026-09-28 06:41:04,
2558,2558,data_quality,NEW,2026-09-28 06:41:04,
2559,2559,data_quality,NEW,2026-09-28 06:41:04,
2560,2560,data_quality,NEW,2026-09-28 06:41:04,
2561,2561,data_quality,NEW,2026-09-28 06:41:04,
2562,2562,data_quality,NEW,2026-09-28 06:41:04,
2563,2563,data_quality,NEW,2026-09-28 06:41:04,
2564,2564,data_quality,NEW,2026-09-28 06:41:04,
2565,2565,data_quality,NEW,2026-09-28 06:41:04,
2566,2566,data_quality,NEW,2026-09-28 06:41:04,
2567,2567,data_quality,NEW,2026-09-28 06:41:04,
2568,2568,data_quality,NEW,2026-09-28 06:41:04,
2569,2569,data_quality,NEW,2026-09-28 06:41:04,
2570,2570,data_quality,NEW,2026-09-28 06:41:04,
2571,2571,data_quality,NEW,2026-09-28 06:41:04,
2572,2572,data_quality,NEW,2026-09-28 06:41:04,
2573,2573,data_quality,NEW,2026-09-28 06:41:04,
2574,2574,data_quality,NEW,2026-09-28 06:41:04,
2575,2575,data_quality,NEW,2026-09-28 06:41:04,
2576,2576,data_quality,NEW,2026-09-28 06:41:04,
2577,2577,data_quality,NEW,2026-09-28 06:41:04,
2578,2578,data_quality,NEW,2026-09-28 06:41:04,
2579,2579,data_quality,NEW,2026-09-28 06:41:04,
2580,2580,data_quality,NEW,2026-09-28 06:41:04,
2581,2581,data_quality,NEW,2026-09-28 06:41:04,
2582,2582,data_quality,NEW,2026-09-28 06:41:04,
2583,2583,data_quality,NEW,2026-09-28 06:41:04,
2584,2584,data_quality,NEW,2026-09-28 06:41:04,
2585,2585,data_quality,NEW,2026-09-28 06:41:04,
2586,2586,data_quality,NEW,2026-09-28 06:41:04,
2587,2587,data_quality,NEW,2026-09-28 06:41:04,
2588,2588,data_quality,NEW,2026-09-28 06:41:04,
2589,2589,data_quality,NEW,2026-09-28 06:41:04,
2590,2590,data_quality,NEW,2026-09-28 06:41:04,
2591,2591,data_quality,NEW,2026-09-28 06:41:04,
2592,2592,data_quality,NEW,2026-09-28 06:41:04,
2593,2593,data_quality,NEW,2026-09-28 06:41:04,
2594,2594,data_quality,NEW,2026-09-28 06:41:04,
2595,2595,data_quality,NEW,2026-09-28 06:41:04,
2596,2596,data_quality,NEW,2026-09-28 06:41:04,
2597,2597,data_quality,NEW,2026-09-28 06:41:04,
2598,2598,data_quality,NEW,2026-09-28 06:41:04,
2599,2599,data_quality,NEW,2026-09-28 06:41:04,
2600,2600,data_quality,NEW,2026-09-28 06:41:04,
2601,2601,data_quality,NEW,2026-09-28 06:41:04,
2602,2602,data_quality,NEW,2026-09-28 06:41:04,
2603,2603,data_quality,NEW,2026-09-28 06:41:04,
2604,2604,data_quality,NEW,2026-09-28 06:41:04,
2605,2605,data_quality,NEW,2026-09-28 06:41:04,
2606,2606,data_quality,NEW,2026-09-28 06:41:04,
2607,2607,data_quality,NEW,2026-09-28 06:41:04,
2608,2608,data_quality,NEW,2026-09-28 06:41:04,
2609,2609,data_quality,NEW,2026-09-28 06:41:04,
2610,2610,data_quality,NEW,2026-09-28 06:41:04,
2611,2611,data_quality,NEW,2026-09-28 06:41:04,
2612,2612,data_quality,NEW,2026-09-28 06:41:04,
2613,2613,data_quality,NEW,2026-09-28 06:41:04,
2614,2614,data_quality,NEW,2026-09-28 06:41:04,
2615,2615,data_quality,NEW,2026-09-28 06:41:04,
2616,2616,data_quality,NEW,2026-09-28 06:41:04,
2617,2617,data_quality,NEW,2026-09-28 06:41:04,
2618,2618,data_quality,NEW,2026-09-28 06:41:04,
2619,2619,data_quality,NEW,2026-09-28 06:41:04,
2620,2620,data_quality,NEW,2026-09-28 06:41:04,
2621,2621,data_quality,NEW,2026-09-28 06:41:04,
2622,2622,data_quality,NEW,2026-09-28 06:41:04,
2623,2623,data_quality,NEW,2026-09-28 06:41:04,
2624,2624,data_quality,NEW,2026-09-28 06:41:04,
2625,2625,data_quality,NEW,2026-09-28 06:41:04,
2626,2626,data_quality,NEW,2026-09-28 06:41:04,
2627,2627,data_quality,NEW,2026-09-28 06:41:04,
2628,2628,data_quality,NEW,2026-09-28 06:41:04,
2629,2629,data_quality,NEW,2026-09-28 06:41:04,
2630,2630,data_quality,NEW,2026-09-28 06:41:04,
2631,2631,data_quality,NEW,2026-09-28 06:41:04,
2632,2632,data_quality,NEW,2026-09-28 06:41:04,
2633,2633,data_quality,NEW,2026-09-28 06:41:04,
2634,2634,data_quality,NEW,2026-09-28 06:41:04,
2635,2635,data_quality,NEW,2026-09-28 06:41:04,
2636,2636,data_quality,NEW,2026-09-28 06:41:04,
2637,2637,data_quality,NEW,2026-09-28 06:41:04,
2638,2638,data_quality,NEW,2026-09-28 06:41:04,
2639,2639,data_quality,NEW,2026-09-28 06:41:04,
2640,2640,data_quality,NEW,2026-09-28 06:41:04,
2641,2641,data_quality,NEW,2026-09-28 06:41:04,
2642,2642,data_quality,NEW,2026-09-28 06:41:04,
2643,2643,data_quality,NEW,2026-09-28 06:41:04,
2644,2644,data_quality,NEW,2026-09-28 06:41:04,
2645,2645,data_quality,NEW,2026-09-28 06:41:04,
2646,2646,data_quality,NEW,2026-09-28 06:41:04,
2647,2647,data_quality,NEW,2026-09-28 06:41:04,
2648,2648,data_quality,NEW,2026-09-28 06:41:04,
2649,2649,data_quality,NEW,2026-09-28 06:41:04,
2650,2650,data_quality,NEW,2026-09-28 06:41:04,
2651,2651,data_quality,NEW,2026-09-28 06:41:04,
2652,2652,data_quality,NEW,2026-09-28 06:41:04,
2653,2653,data_quality,NEW,2026-09-28 06:41:04,
2654,2654,data_quality,NEW,2026-09-28 06:41:04,
2655,2655,data_quality,NEW,2026-09-28 06:41:04,
2656,2656,data_quality,NEW,2026-09-28 06:41:04,
2657,2657,data_quality,NEW,2026-09-28 06:41:04,
2658,2658,data_quality,NEW,2026-09-28 06:41:04,
2659,2659,data_quality,NEW,2026-09-28 06:41:04,
2660,2660,data_quality,NEW,2026-09-28 06:41:04,
2661,2661,data_quality,NEW,2026-09-28 06:41:04,
2662,2662,data_quality,NEW,2026-09-28 06:41:04,
2663,2663,data_quality,NEW,2026-09-28 06:41:04,
2664,2664,data_quality,NEW,2026-09-28 06:41:04,
2665,2665,data_quality,NEW,2026-09-28 06:41:04,
2666,2666,data_quality,NEW,2026-09-28 06:41:04,
2667,2667,data_quality,NEW,2026-09-28 06:41:04,
2668,2668,data_quality,NEW,2026-09-28 06:41:04,
2669,2669,data_quality,NEW,2026-09-28 06:41:04,
2670,2670,data_quality,NEW,2026-09-28 06:41:04,
2671,2671,data_quality,NEW,2026-09-28 06:41:04,
2672,2672,data_quality,NEW,2026-09-28 06:41:04,
2673,2673,data_quality,NEW,2026-09-28 06:41:04,
2674,2674,data_quality,NEW,2026-09-28 06:41:04,
2675,2675,data_quality,NEW,2026-09-28 06:41:04,
2676,2676,data_quality,NEW,2026-09-28 06:41:04,
2677,2677,data_quality,NEW,2026-09-28 06:41:04,
2678,2678,data_quality,NEW,2026-09-28 06:41:04,
2679,2679,data_quality,NEW,2026-09-28 06:41:04,
2680,2680,data_quality,NEW,2026-09-28 06:41:04,
2681,2681,data_quality,NEW,2026-09-28 06:41:04,
2682,2682,data_quality,NEW,2026-09-28 06:41:04,
2683,2683,data_quality,NEW,2026-09-28 06:41:04,
2684,2684,data_quality,NEW,2026-09-28 06:41:04,
2685,2685,data_quality,NEW,2026-09-28 06:41:04,
2686,2686,data_quality,NEW,2026-09-28 06:41:04,
2687,2687,data_quality,NEW,2026-09-28 06:41:04,
2688,2688,data_quality,NEW,2026-09-28 06:41:04,
2689,2689,data_quality,NEW,2026-09-28 06:41:04,
2690,2690,data_quality,NEW,2026-09-28 06:41:04,
2691,2691,data_quality,NEW,2026-09-28 06:41:04,
2692,2692,data_quality,NEW,2026-09-28 06:41:04,
2693,2693,data_quality,NEW,2026-09-28 06:41:04,
2694,2694,data_quality,NEW,2026-09-28 06:41:04,
2695,2695,data_quality,NEW,2026-09-28 06:41:04,
2696,2696,data_quality,NEW,2026-09-28 06:41:04,
2697,2697,data_quality,NEW,2026-09-28 06:41:04,
2698,2698,data_quality,NEW,2026-09-28 06:41:04,
2699,2699,data_quality,NEW,2026-09-28 06:41:04,
2700,2700,data_quality,NEW,2026-09-28 06:41:04,
2701,2701,data_quality,NEW,2026-09-28 06:41:04,
2702,2702,data_quality,NEW,2026-09-28 06:41:04,
2703,2703,data_quality,NEW,2026-09-28 06:41:04,
2704,2704,data_quality,NEW,2026-09-28 06:41:04,
2705,2705,data_quality,NEW,2026-09-28 06:41:04,
2706,2706,data_quality,NEW,2026-09-28 06:41:04,
2707,2707,data_quality,NEW,2026-09-28 06:41:04,
2708,2708,data_quality,NEW,2026-09-28 06:41:04,
2709,2709,data_quality,NEW,2026-09-28 06:41:04,
2710,2710,data_quality,NEW,2026-09-28 06:41:04,
2711,2711,data_quality,NEW,2026-09-28 06:41:04,
2712,2712,data_quality,NEW,2026-09-28 06:41:04,
2713,2713,data_quality,NEW,2026-09-28 06:41:04,
2714,2714,data_quality,NEW,2026-09-28 06:41:04,
2715,2715,data_quality,NEW,2026-09-28 06:41:04,
2716,2716,data_quality,NEW,2026-09-28 06:41:04,
2717,2717,data_quality,NEW,2026-09-28 06:41:04,
2718,2718,data_quality,NEW,2026-09-28 06:41:04,
2719,2719,data_quality,NEW,2026-09-28 06:41:04,
2720,2720,data_quality,NEW,2026-09-28 06:41:04,
2721,2721,data_quality,NEW,2026-09-28 06:41:04,
2722,2722,data_quality,NEW,2026-09-28 06:41:04,
2723,2723,data_quality,NEW,2026-09-28 06:41:04,
2724,2724,data_quality,NEW,2026-09-28 06:41:04,
2725,2725,data_quality,NEW,2026-09-28 06:41:04,
2726,2726,data_quality,NEW,2026-09-28 06:41:04,
2727,2727,data_quality,NEW,2026-09-28 06:41:04,
2728,2728,data_quality,NEW,2026-09-28 06:41:04,
2729,2729,data_quality,NEW,2026-09-28 06:41:04,
2730,2730,data_quality,NEW,2026-09-28 06:41:04,
2731,2731,data_quality,NEW,2026-09-28 06:41:04,
2732,2732,data_quality,NEW,2026-09-28 06:41:04,
2733,2733,data_quality,NEW,2026-09-28 06:41:04,
2734,2734,data_quality,NEW,2026-09-28 06:41:04,
2735,2735,data_quality,NEW,2026-09-28 06:41:04,
2736,2736,data_quality,NEW,2026-09-28 06:41:04,
2737,2737,data_quality,NEW,2026-09-28 06:41:04,
2738,2738,data_quality,NEW,2026-09-28 06:41:04,
2739,2739,data_quality,NEW,2026-09-28 06:41:04,
2740,2740,data_quality,NEW,2026-09-28 06:41:04,
2741,2741,data_quality,NEW,2026-09-28 06:41:04,
2742,2742,data_quality,NEW,2026-09-28 06:41:04,
2743,2743,data_quality,NEW,2026-09-28 06:41:04,
2744,2744,data_quality,NEW,2026-09-28 06:41:04,
2745,2745,data_quality,NEW,2026-09-28 06:41:04,
2746,2746,data_quality,NEW,2026-09-28 06:41:04,
2747,2747,data_quality,NEW,2026-09-28 06:41:04,
2748,2748,data_quality,NEW,2026-09-28 06:41:04,
2749,2749,data_quality,NEW,2026-09-28 06:41:04,
2750,2750,data_quality,NEW,2026-09-28 06:41:04,
2751,2751,data_quality,NEW,2026-09-28 06:41:04,
2752,2752,data_quality,NEW,2026-09-28 06:41:04,
2753,2753,data_quality,NEW,2026-09-28 06:41:04,
2754,2754,data_quality,NEW,2026-09-28 06:41:04,
2755,2755,data_quality,NEW,2026-09-28 06:41:04,
2756,2756,data_quality,NEW,2026-09-28 06:41:04,
2757,2757,data_quality,NEW,2026-09-28 06:41:04,
2758,2758,data_quality,NEW,2026-09-28 06:41:04,
2759,2759,data_quality,NEW,2026-09-28 06:41:04,
2760,2760,data_quality,NEW,2026-09-28 06:41:04,
2761,2761,data_quality,NEW,2026-09-28 06:41:04,
2762,2762,data_quality,NEW,2026-09-28 06:41:04,
2763,2763,data_quality,NEW,2026-09-28 06:41:04,
2764,2764,data_quality,NEW,2026-09-28 06:41:04,
2765,2765,data_quality,NEW,2026-09-28 06:41:04,
2766,2766,data_quality,NEW,2026-09-28 06:41:04,
2767,2767,data_quality,NEW,2026-09-28 06:41:04,
2768,2768,data_quality,NEW,2026-09-28 06:41:04,
2769,2769,data_quality,NEW,2026-09-28 06:41:04,
2770,2770,data_quality,NEW,2026-09-28 06:41:04,
2771,2771,data_quality,NEW,2026-09-28 06:41:04,
2772,2772,data_quality,NEW,2026-09-28 06:41:04,
2773,2773,data_quality,NEW,2026-09-28 06:41:04,
2774,2774,data_quality,NEW,2026-09-28 06:41:04,
2775,2775,data_quality,NEW,2026-09-28 06:41:04,
2776,2776,data_quality,NEW,2026-09-28 06:41:04,
2777,2777,data_quality,NEW,2026-09-28 06:41:04,
2778,2778,data_quality,NEW,2026-09-28 06:41:04,
2779,2779,data_quality,NEW,2026-09-28 06:41:04,
2780,2780,data_quality,NEW,2026-09-28 06:41:04,
2781,2781,data_quality,NEW,2026-09-28 06:41:04,
2782,2782,data_quality,NEW,2026-09-28 06:41:04,
2783,2783,data_quality,NEW,2026-09-28 06:41:04,
2784,2784,data_quality,NEW,2026-09-28 06:41:04,
2785,2785,data_quality,NEW,2026-09-28 06:41:04,
2786,2786,data_quality,NEW,2026-09-28 06:41:04,
2787,2787,data_quality,NEW,2026-09-28 06:41:04,
2788,2788,data_quality,NEW,2026-09-28 06:41:04,
2789,2789,data_quality,NEW,2026-09-28 06:41:04,
2790,2790,data_quality,NEW,2026-09-28 06:41:04,
2791,2791,data_quality,NEW,2026-09-28 06:41:04,
2792,2792,data_quality,NEW,2026-09-28 06:41:04,
2793,2793,data_quality,NEW,2026-09-28 06:41:04,
2794,2794,data_quality,NEW,2026-09-28 06:41:04,
2795,2795,data_quality,NEW,2026-09-28 06:41:04,
2796,2796,data_quality,NEW,2026-09-28 06:41:04,
2797,2797,data_quality,NEW,2026-09-28 06:41:04,
2798,2798,data_quality,NEW,2026-09-28 06:41:04,
2799,2799,data_quality,NEW,2026-09-28 06:41:04,
2800,2800,data_quality,NEW,2026-09-28 06:41:04,
2801,2801,data_quality,NEW,2026-09-28 06:41:04,
2802,2802,data_quality,NEW,2026-09-28 06:41:04,
2803,2803,data_quality,NEW,2026-09-28 06:41:04,
2804,2804,data_quality,NEW,2026-09-28 06:41:04,
2805,2805,data_quality,NEW,2026-09-28 06:41:04,
2806,2806,data_quality,NEW,2026-09-28 06:41:04,
2807,2807,data_quality,NEW,2026-09-28 06:41:04,
2808,2808,data_quality,NEW,2026-09-28 06:41:04,
2809,2809,data_quality,NEW,2026-09-28 06:41:04,
2810,2810,data_quality,NEW,2026-09-28 06:41:04,
2811,2811,data_quality,NEW,2026-09-28 06:41:04,
2812,2812,data_quality,NEW,2026-09-28 06:41:04,
2813,2813,data_quality,NEW,2026-09-28 06:41:04,
2814,2814,data_quality,NEW,2026-09-28 06:41:04,
2815,2815,data_quality,NEW,2026-09-28 06:41:04,
2816,2816,data_quality,NEW,2026-09-28 06:41:04,
2817,2817,data_quality,NEW,2026-09-28 06:41:04,
2818,2818,data_quality,NEW,2026-09-28 06:41:04,
2819,2819,data_quality,NEW,2026-09-28 06:41:04,
2820,2820,data_quality,NEW,2026-09-28 06:41:04,
2821,2821,data_quality,NEW,2026-09-28 06:41:04,
2822,2822,data_quality,NEW,2026-09-28 06:41:04,
2823,2823,data_quality,NEW,2026-09-28 06:41:04,
2824,2824,data_quality,NEW,2026-09-28 06:41:04,
2825,2825,data_quality,NEW,2026-09-28 06:41:04,
2826,2826,data_quality,NEW,2026-09-28 06:41:04,
2827,2827,data_quality,NEW,2026-09-28 06:41:04,
2828,2828,data_quality,NEW,2026-09-28 06:41:04,
2829,2829,data_quality,NEW,2026-09-28 06:41:04,
2830,2830,data_quality,NEW,2026-09-28 06:41:04,
2831,2831,data_quality,NEW,2026-09-28 06:41:04,
2832,2832,data_quality,NEW,2026-09-28 06:41:04,
2833,2833,data_quality,NEW,2026-09-28 06:41:04,
2834,2834,data_quality,NEW,2026-09-28 06:41:04,
2835,2835,data_quality,NEW,2026-09-28 06:41:04,
2836,2836,data_quality,NEW,2026-09-28 06:41:04,
2837,2837,data_quality,NEW,2026-09-28 06:41:04,
2838,2838,data_quality,NEW,2026-09-28 06:41:04,
2839,2839,data_quality,NEW,2026-09-28 06:41:04,
2840,2840,data_quality,NEW,2026-09-28 06:41:04,
2841,2841,data_quality,NEW,2026-09-28 06:41:04,
2842,2842,data_quality,NEW,2026-09-28 06:41:04,
2843,2843,data_quality,NEW,2026-09-28 06:41:04,
2844,2844,data_quality,NEW,2026-09-28 06:41:04,
2845,2845,data_quality,NEW,2026-09-28 06:41:04,
2846,2846,data_quality,NEW,2026-09-28 06:41:04,
2847,2847,data_quality,NEW,2026-09-28 06:41:04,
2848,2848,data_quality,NEW,2026-09-28 06:41:04,
2849,2849,data_quality,NEW,2026-09-28 06:41:04,
2850,2850,data_quality,NEW,2026-09-28 06:41:04,
2851,2851,data_quality,NEW,2026-09-28 06:41:04,
2852,2852,data_quality,NEW,2026-09-28 06:41:04,
2853,2853,data_quality,NEW,2026-09-28 06:41:04,
2854,2854,data_quality,NEW,2026-09-28 06:41:04,
2855,2855,data_quality,NEW,2026-09-28 06:41:04,
2856,2856,data_quality,NEW,2026-09-28 06:41:04,
2857,2857,data_quality,NEW,2026-09-28 06:41:04,
2858,2858,data_quality,NEW,2026-09-28 06:41:04,
2859,2859,data_quality,NEW,2026-09-28 06:41:04,
2860,2860,data_quality,NEW,2026-09-28 06:41:04,
2861,2861,data_quality,NEW,2026-09-28 06:41:04,
2862,2862,data_quality,NEW,2026-09-28 06:41:04,
2863,2863,data_quality,NEW,2026-09-28 06:41:04,
2864,2864,data_quality,NEW,2026-09-28 06:41:04,
2865,2865,data_quality,NEW,2026-09-28 06:41:04,
2866,2866,data_quality,NEW,2026-09-28 06:41:04,
2867,2867,data_quality,NEW,2026-09-28 06:41:04,
2868,2868,data_quality,NEW,2026-09-28 06:41:04,
2869,2869,data_quality,NEW,2026-09-28 06:41:04,
2870,2870,data_quality,NEW,2026-09-28 06:41:04,
2871,2871,data_quality,NEW,2026-09-28 06:41:04,
2872,2872,data_quality,NEW,2026-09-28 06:41:04,
2873,2873,data_quality,NEW,2026-09-28 06:41:04,
2874,2874,data_quality,NEW,2026-09-28 06:41:04,
2875,2875,data_quality,NEW,2026-09-28 06:41:04,
2876,2876,data_quality,NEW,2026-09-28 06:41:04,
2877,2877,data_quality,NEW,2026-09-28 06:41:04,
2878,2878,data_quality,NEW,2026-09-28 06:41:04,
2879,2879,data_quality,NEW,2026-09-28 06:41:04,
2880,2880,data_quality,NEW,2026-09-28 06:41:04,
2881,2881,data_quality,NEW,2026-09-28 06:41:04,
2882,2882,data_quality,NEW,2026-09-28 06:41:04,
2883,2883,data_quality,NEW,2026-09-28 06:41:04,
2884,2884,data_quality,NEW,2026-09-28 06:41:04,
2885,2885,data_quality,NEW,2026-09-28 06:41:04,
2886,2886,data_quality,NEW,2026-09-28 06:41:04,
2887,2887,data_quality,NEW,2026-09-28 06:41:04,
2888,2888,data_quality,NEW,2026-09-28 06:41:04,
2889,2889,data_quality,NEW,2026-09-28 06:41:04,
2890,2890,data_quality,NEW,2026-09-28 06:41:04,
2891,2891,data_quality,NEW,2026-09-28 06:41:04,
2892,2892,data_quality,NEW,2026-09-28 06:41:04,
2893,2893,data_quality,NEW,2026-09-28 06:41:04,
2894,2894,data_quality,NEW,2026-09-28 06:41:04,
2895,2895,data_quality,NEW,2026-09-28 06:41:04,
2896,2896,data_quality,NEW,2026-09-28 06:41:04,
2897,2897,data_quality,NEW,2026-09-28 06:41:04,
2898,2898,data_quality,NEW,2026-09-28 06:41:04,
2899,2899,data_quality,NEW,2026-09-28 06:41:04,
2900,2900,data_quality,NEW,2026-09-28 06:41:04,
2901,2901,data_quality,NEW,2026-09-28 06:41:04,
2902,2902,data_quality,NEW,2026-09-28 06:41:04,
2903,2903,data_quality,NEW,2026-09-28 06:41:04,
2904,2904,data_quality,NEW,2026-09-28 06:41:04,
2905,2905,data_quality,NEW,2026-09-28 06:41:04,
2906,2906,data_quality,NEW,2026-09-28 06:41:04,
2907,2907,data_quality,NEW,2026-09-28 06:41:04,
2908,2908,data_quality,NEW,2026-09-28 06:41:04,
2909,2909,data_quality,NEW,2026-09-28 06:41:04,
2910,2910,data_quality,NEW,2026-09-28 06:41:04,
2911,2911,data_quality,NEW,2026-09-28 06:41:04,
2912,2912,data_quality,NEW,2026-09-28 06:41:04,
2913,2913,data_quality,NEW,2026-09-28 06:41:04,
2914,2914,data_quality,NEW,2026-09-28 06:41:04,
2915,2915,data_quality,NEW,2026-09-28 06:41:04,
2916,2916,data_quality,NEW,2026-09-28 06:41:04,
2917,2917,data_quality,NEW,2026-09-28 06:41:04,
2918,2918,data_quality,NEW,2026-09-28 06:41:04,
2919,2919,data_quality,NEW,2026-09-28 06:41:04,
2920,2920,data_quality,NEW,2026-09-28 06:41:04,
2921,2921,data_quality,NEW,2026-09-28 06:41:04,
2922,2922,data_quality,NEW,2026-09-28 06:41:04,
2923,2923,data_quality,NEW,2026-09-28 06:41:04,
2924,2924,data_quality,NEW,2026-09-28 06:41:04,
2925,2925,data_quality,NEW,2026-09-28 06:41:04,
2926,2926,data_quality,NEW,2026-09-28 06:41:04,
2927,2927,data_quality,NEW,2026-09-28 06:41:04,
2928,2928,data_quality,NEW,2026-09-28 06:41:04,
2929,2929,data_quality,NEW,2026-09-28 06:41:04,
2930,2930,data_quality,NEW,2026-09-28 06:41:04,
2931,2931,data_quality,NEW,2026-09-28 06:41:04,
2932,2932,data_quality,NEW,2026-09-28 06:41:04,
2933,2933,data_quality,NEW,2026-09-28 06:41:04,
2934,2934,data_quality,NEW,2026-09-28 06:41:04,
2935,2935,data_quality,NEW,2026-09-28 06:41:04,
2936,2936,data_quality,NEW,2026-09-28 06:41:04,
2937,2937,data_quality,NEW,2026-09-28 06:41:04,
2938,2938,data_quality,NEW,2026-09-28 06:41:04,
2939,2939,data_quality,NEW,2026-09-28 06:41:04,
2940,2940,data_quality,NEW,2026-09-28 06:41:04,
2941,2941,data_quality,NEW,2026-09-28 06:41:04,
2942,2942,data_quality,NEW,2026-09-28 06:41:04,
2943,2943,data_quality,NEW,2026-09-28 06:41:04,
2944,2944,data_quality,NEW,2026-09-28 06:41:04,
2945,2945,data_quality,NEW,2026-09-28 06:41:04,
2946,2946,data_quality,NEW,2026-09-28 06:41:04,
2947,2947,data_quality,NEW,2026-09-28 06:41:04,
2948,2948,data_quality,NEW,2026-09-28 06:41:04,
2949,2949,data_quality,NEW,2026-09-28 06:41:04,
2950,2950,data_quality,NEW,2026-09-28 06:41:04,
2951,2951,data_quality,NEW,2026-09-28 06:41:04,
2952,2952,data_quality,NEW,2026-09-28 06:41:04,
2953,2953,data_quality,NEW,2026-09-28 06:41:04,
2954,2954,data_quality,NEW,2026-09-28 06:41:04,
2955,2955,data_quality,NEW,2026-09-28 06:41:04,
2956,2956,data_quality,NEW,2026-09-28 06:41:04,
2957,2957,data_quality,NEW,2026-09-28 06:41:04,
2958,2958,data_quality,NEW,2026-09-28 06:41:04,
2959,2959,data_quality,NEW,2026-09-28 06:41:04,
2960,2960,data_quality,NEW,2026-09-28 06:41:04,
2961,2961,data_quality,NEW,2026-09-28 06:41:04,
2962,2962,data_quality,NEW,2026-09-28 06:41:04,
2963,2963,data_quality,NEW,2026-09-28 06:41:04,
2964,2964,data_quality,NEW,2026-09-28 06:41:04,
2965,2965,data_quality,NEW,2026-09-28 06:41:04,
2966,2966,data_quality,NEW,2026-09-28 06:41:04,
2967,2967,data_quality,NEW,2026-09-28 06:41:04,
2968,2968,data_quality,NEW,2026-09-28 06:41:04,
2969,2969,data_quality,NEW,2026-09-28 06:41:04,
2970,2970,data_quality,NEW,2026-09-28 06:41:04,
2971,2971,data_quality,NEW,2026-09-28 06:41:04,
2972,2972,data_quality,NEW,2026-09-28 06:41:04,
2973,2973,data_quality,NEW,2026-09-28 06:41:04,
2974,2974,data_quality,NEW,2026-09-28 06:41:04,
2975,2975,data_quality,NEW,2026-09-28 06:41:04,
2976,2976,data_quality,NEW,2026-09-28 06:41:04,
2977,2977,data_quality,NEW,2026-09-28 06:41:04,
2978,2978,data_quality,NEW,2026-09-28 06:41:04,
2979,2979,data_quality,NEW,2026-09-28 06:41:04,
2980,2980,data_quality,NEW,2026-09-28 06:41:04,
2981,2981,data_quality,NEW,2026-09-28 06:41:04,
2982,2982,data_quality,NEW,2026-09-28 06:41:04,
2983,2983,data_quality,NEW,2026-09-28 06:41:04,
2984,2984,data_quality,NEW,2026-09-28 06:41:04,
2985,2985,data_quality,NEW,2026-09-28 06:41:04,
2986,2986,data_quality,NEW,2026-09-28 06:41:04,
2987,2987,data_quality,NEW,2026-09-28 06:41:04,
2988,2988,data_quality,NEW,2026-09-28 06:41:04,
2989,2989,data_quality,NEW,2026-09-28 06:41:04,
2990,2990,data_quality,NEW,2026-09-28 06:41:04,
2991,2991,data_quality,NEW,2026-09-28 06:41:04,
2992,2992,data_quality,NEW,2026-09-28 06:41:04,
2993,2993,data_quality,NEW,2026-09-28 06:41:04,
2994,2994,data_quality,NEW,2026-09-28 06:41:04,
2995,2995,data_quality,NEW,2026-09-28 06:41:04,
2996,2996,data_quality,NEW,2026-09-28 06:41:04,
2997,2997,data_quality,NEW,2026-09-28 06:41:04,
2998,2998,data_quality,NEW,2026-09-28 06:41:04,
2999,2999,data_quality,NEW,2026-09-28 06:41:04,
3000,3000,data_quality,NEW,2026-09-28 06:41:04,
3001,3001,data_quality,NEW,2026-09-28 06:41:04,
3002,3002,data_quality,NEW,2026-09-28 06:41:04,
3003,3003,data_quality,NEW,2026-09-28 06:41:04,
3004,3004,data_quality,NEW,2026-09-28 06:41:04,
3005,3005,data_quality,NEW,2026-09-28 06:41:04,
3006,3006,data_quality,NEW,2026-09-28 06:41:04,
3007,3007,data_quality,NEW,2026-09-28 06:41:04,
3008,3008,data_quality,NEW,2026-09-28 06:41:04,
3009,3009,data_quality,NEW,2026-09-28 06:41:04,
3010,3010,data_quality,NEW,2026-09-28 06:41:04,
3011,3011,data_quality,NEW,2026-09-28 06:41:04,
3012,3012,data_quality,NEW,2026-09-28 06:41:04,
3013,3013,data_quality,NEW,2026-09-28 06:41:04,
3014,3014,data_quality,NEW,2026-09-28 06:41:04,
3015,3015,data_quality,NEW,2026-09-28 06:41:04,
3016,3016,data_quality,NEW,2026-09-28 06:41:04,
3017,3017,data_quality,NEW,2026-09-28 06:41:04,
3018,3018,data_quality,NEW,2026-09-28 06:41:04,
3019,3019,data_quality,NEW,2026-09-28 06:41:04,
3020,3020,data_quality,NEW,2026-09-28 06:41:04,
3021,3021,data_quality,NEW,2026-09-28 06:41:04,
3022,3022,data_quality,NEW,2026-09-28 06:41:04,
3023,3023,data_quality,NEW,2026-09-28 06:41:04,
3024,3024,data_quality,NEW,2026-09-28 06:41:04,
3025,3025,data_quality,NEW,2026-09-28 06:41:04,
3026,3026,data_quality,NEW,2026-09-28 06:41:04,
3027,3027,data_quality,NEW,2026-09-28 06:41:04,
3028,3028,data_quality,NEW,2026-09-28 06:41:04,
3029,3029,data_quality,NEW,2026-09-28 06:41:04,
3030,3030,data_quality,NEW,2026-09-28 06:41:04,
3031,3031,data_quality,NEW,2026-09-28 06:41:04,
3032,3032,data_quality,NEW,2026-09-28 06:41:04,
3033,3033,data_quality,NEW,2026-09-28 06:41:04,
3034,3034,data_quality,NEW,2026-09-28 06:41:04,
3035,3035,data_quality,NEW,2026-09-28 06:41:04,
3036,3036,data_quality,NEW,2026-09-28 06:41:04,
3037,3037,data_quality,NEW,2026-09-28 06:41:04,
3038,3038,data_quality,NEW,2026-09-28 06:41:04,
3039,3039,data_quality,NEW,2026-09-28 06:41:04,
3040,3040,data_quality,NEW,2026-09-28 06:41:04,
3041,3041,data_quality,NEW,2026-09-28 06:41:04,
3042,3042,data_quality,NEW,2026-09-28 06:41:04,
3043,3043,data_quality,NEW,2026-09-28 06:41:04,
3044,3044,data_quality,NEW,2026-09-28 06:41:04,
3045,3045,data_quality,NEW,2026-09-28 06:41:04,
3046,3046,data_quality,NEW,2026-09-28 06:41:04,
3047,3047,data_quality,NEW,2026-09-28 06:41:04,
3048,3048,data_quality,NEW,2026-09-28 06:41:04,
3049,3049,data_quality,NEW,2026-09-28 06:41:04,
3050,3050,data_quality,NEW,2026-09-28 06:41:04,
3051,3051,data_quality,NEW,2026-09-28 06:41:04,
3052,3052,data_quality,NEW,2026-09-28 06:41:04,
3053,3053,data_quality,NEW,2026-09-28 06:41:04,
3054,3054,data_quality,NEW,2026-09-28 06:41:04,
3055,3055,data_quality,NEW,2026-09-28 06:41:04,
3056,3056,data_quality,NEW,2026-09-28 06:41:04,
3057,3057,data_quality,NEW,2026-09-28 06:41:04,
3058,3058,data_quality,NEW,2026-09-28 06:41:04,
3059,3059,data_quality,NEW,2026-09-28 06:41:04,
3060,3060,data_quality,NEW,2026-09-28 06:41:04,
3061,3061,data_quality,NEW,2026-09-28 06:41:04,
3062,3062,data_quality,NEW,2026-09-28 06:41:04,
3063,3063,data_quality,NEW,2026-09-28 06:41:04,
3064,3064,data_quality,NEW,2026-09-28 06:41:04,
3065,3065,data_quality,NEW,2026-09-28 06:41:04,
3066,3066,data_quality,NEW,2026-09-28 06:41:04,
3067,3067,data_quality,NEW,2026-09-28 06:41:04,
3068,3068,data_quality,NEW,2026-09-28 06:41:04,
3069,3069,data_quality,NEW,2026-09-28 06:41:04,
3070,3070,data_quality,NEW,2026-09-28 06:41:04,
3071,3071,data_quality,NEW,2026-09-28 06:41:04,
3072,3072,data_quality,NEW,2026-09-28 06:41:04,
3073,3073,data_quality,NEW,2026-09-28 06:41:04,
3074,3074,data_quality,NEW,2026-09-28 06:41:04,
3075,3075,data_quality,NEW,2026-09-28 06:41:04,
3076,3076,data_quality,NEW,2026-09-28 06:41:04,
3077,3077,data_quality,NEW,2026-09-28 06:41:04,
3078,3078,data_quality,NEW,2026-09-28 06:41:04,
3079,3079,data_quality,NEW,2026-09-28 06:41:04,
3080,3080,data_quality,NEW,2026-09-28 06:41:04,
3081,3081,data_quality,NEW,2026-09-28 06:41:04,
3082,3082,data_quality,NEW,2026-09-28 06:41:04,
3083,3083,data_quality,NEW,2026-09-28 06:41:04,
3084,3084,data_quality,NEW,2026-09-28 06:41:04,
3085,3085,data_quality,NEW,2026-09-28 06:41:04,
3086,3086,data_quality,NEW,2026-09-28 06:41:04,
3087,3087,data_quality,NEW,2026-09-28 06:41:04,
3088,3088,data_quality,NEW,2026-09-28 06:41:04,
3089,3089,data_quality,NEW,2026-09-28 06:41:04,
3090,3090,data_quality,NEW,2026-09-28 06:41:04,
3091,3091,data_quality,NEW,2026-09-28 06:41:04,
3092,3092,data_quality,NEW,2026-09-28 06:41:04,
3093,3093,data_quality,NEW,2026-09-28 06:41:04,
3094,3094,data_quality,NEW,2026-09-28 06:41:04,
3095,3095,data_quality,NEW,2026-09-28 06:41:04,
3096,3096,data_quality,NEW,2026-09-28 06:41:04,
3097,3097,data_quality,NEW,2026-09-28 06:41:04,
3098,3098,data_quality,NEW,2026-09-28 06:41:04,
3099,3099,data_quality,NEW,2026-09-28 06:41:04,
3100,3100,data_quality,NEW,2026-09-28 06:41:04,
3101,3101,data_quality,NEW,2026-09-28 06:41:04,
3102,3102,data_quality,NEW,2026-09-28 06:41:04,
3103,3103,data_quality,NEW,2026-09-28 06:41:04,
3104,3104,data_quality,NEW,2026-09-28 06:41:04,
3105,3105,data_quality,NEW,2026-09-28 06:41:04,
3106,3106,data_quality,NEW,2026-09-28 06:41:04,
3107,3107,data_quality,NEW,2026-09-28 06:41:04,
3108,3108,data_quality,NEW,2026-09-28 06:41:04,
3109,3109,data_quality,NEW,2026-09-28 06:41:04,
3110,3110,data_quality,NEW,2026-09-28 06:41:04,
3111,3111,data_quality,NEW,2026-09-28 06:41:04,
3112,3112,data_quality,NEW,2026-09-28 06:41:04,
3113,3113,data_quality,NEW,2026-09-28 06:41:04,
3114,3114,data_quality,NEW,2026-09-28 06:41:04,
3115,3115,data_quality,NEW,2026-09-28 06:41:04,
3116,3116,data_quality,NEW,2026-09-28 06:41:04,
3117,3117,data_quality,NEW,2026-09-28 06:41:04,
3118,3118,data_quality,NEW,2026-09-28 06:41:04,
3119,3119,data_quality,NEW,2026-09-28 06:41:04,
3120,3120,data_quality,NEW,2026-09-28 06:41:04,
3121,3121,data_quality,NEW,2026-09-28 06:41:04,
3122,3122,data_quality,NEW,2026-09-28 06:41:04,
3123,3123,data_quality,NEW,2026-09-28 06:41:04,
3124,3124,data_quality,NEW,2026-09-28 06:41:04,
3125,3125,data_quality,NEW,2026-09-28 06:41:04,
3126,3126,data_quality,NEW,2026-09-28 06:41:04,
3127,3127,data_quality,NEW,2026-09-28 06:41:04,
3128,3128,data_quality,NEW,2026-09-28 06:41:04,
3129,3129,data_quality,NEW,2026-09-28 06:41:04,
3130,3130,data_quality,NEW,2026-09-28 06:41:04,
3131,3131,data_quality,NEW,2026-09-28 06:41:04,
3132,3132,data_quality,NEW,2026-09-28 06:41:04,
3133,3133,data_quality,NEW,2026-09-28 06:41:04,
3134,3134,data_quality,NEW,2026-09-28 06:41:04,
3135,3135,data_quality,NEW,2026-09-28 06:41:04,
3136,3136,data_quality,NEW,2026-09-28 06:41:04,
3137,3137,data_quality,NEW,2026-09-28 06:41:04,
3138,3138,data_quality,NEW,2026-09-28 06:41:04,
3139,3139,data_quality,NEW,2026-09-28 06:41:04,
3140,3140,data_quality,NEW,2026-09-28 06:41:04,
3141,3141,data_quality,NEW,2026-09-28 06:41:04,
3142,3142,data_quality,NEW,2026-09-28 06:41:04,
3143,3143,data_quality,NEW,2026-09-28 06:41:04,
3144,3144,data_quality,NEW,2026-09-28 06:41:04,
3145,3145,data_quality,NEW,2026-09-28 06:41:04,
3146,3146,data_quality,NEW,2026-09-28 06:41:04,
3147,3147,data_quality,NEW,2026-09-28 06:41:04,
3148,3148,data_quality,NEW,2026-09-28 06:41:04,
3149,3149,data_quality,NEW,2026-09-28 06:41:04,
3150,3150,data_quality,NEW,2026-09-28 06:41:04,
3151,3151,data_quality,NEW,2026-09-28 06:41:04,
3152,3152,data_quality,NEW,2026-09-28 06:41:04,
3153,3153,data_quality,NEW,2026-09-28 06:41:04,
3154,3154,data_quality,NEW,2026-09-28 06:41:04,
3155,3155,data_quality,NEW,2026-09-28 06:41:04,
3156,3156,data_quality,NEW,2026-09-28 06:41:04,
3157,3157,data_quality,NEW,2026-09-28 06:41:04,
3158,3158,data_quality,NEW,2026-09-28 06:41:04,
3159,3159,data_quality,NEW,2026-09-28 06:41:04,
3160,3160,data_quality,NEW,2026-09-28 06:41:04,
3161,3161,data_quality,NEW,2026-09-28 06:41:04,
3162,3162,data_quality,NEW,2026-09-28 06:41:04,
3163,3163,data_quality,NEW,2026-09-28 06:41:04,
3164,3164,data_quality,NEW,2026-09-28 06:41:04,
3165,3165,data_quality,NEW,2026-09-28 06:41:04,
3166,3166,data_quality,NEW,2026-09-28 06:41:04,
3167,3167,data_quality,NEW,2026-09-28 06:41:04,
3168,3168,data_quality,NEW,2026-09-28 06:41:04,
3169,3169,data_quality,NEW,2026-09-28 06:41:04,
3170,3170,data_quality,NEW,2026-09-28 06:41:04,
3171,3171,data_quality,NEW,2026-09-28 06:41:04,
3172,3172,data_quality,NEW,2026-09-28 06:41:04,
3173,3173,data_quality,NEW,2026-09-28 06:41:04,
3174,3174,data_quality,NEW,2026-09-28 06:41:04,
3175,3175,data_quality,NEW,2026-09-28 06:41:04,
3176,3176,data_quality,NEW,2026-09-28 06:41:04,
3177,3177,data_quality,NEW,2026-09-28 06:41:04,
3178,3178,data_quality,NEW,2026-09-28 06:41:04,
3179,3179,data_quality,NEW,2026-09-28 06:41:04,
3180,3180,data_quality,NEW,2026-09-28 06:41:04,
3181,3181,data_quality,NEW,2026-09-28 06:41:04,
3182,3182,data_quality,NEW,2026-09-28 06:41:04,
3183,3183,data_quality,NEW,2026-09-28 06:41:04,
3184,3184,data_quality,NEW,2026-09-28 06:41:04,
3185,3185,data_quality,NEW,2026-09-28 06:41:04,
3186,3186,data_quality,NEW,2026-09-28 06:41:04,
3187,3187,data_quality,NEW,2026-09-28 06:41:04,
3188,3188,data_quality,NEW,2026-09-28 06:41:04,
3189,3189,data_quality,NEW,2026-09-28 06:41:04,
3190,3190,data_quality,NEW,2026-09-28 06:41:04,
3191,3191,data_quality,NEW,2026-09-28 06:41:04,
3192,3192,data_quality,NEW,2026-09-28 06:41:04,
3193,3193,data_quality,NEW,2026-09-28 06:41:04,
3194,3194,data_quality,NEW,2026-09-28 06:41:04,
3195,3195,data_quality,NEW,2026-09-28 06:41:04,
3196,3196,data_quality,NEW,2026-09-28 06:41:04,
3197,3197,data_quality,NEW,2026-09-28 06:41:04,
3198,3198,data_quality,NEW,2026-09-28 06:41:04,
3199,3199,data_quality,NEW,2026-09-28 06:41:04,
3200,3200,data_quality,NEW,2026-09-28 06:41:04,
3201,3201,data_quality,NEW,2026-09-28 06:41:04,
3202,3202,data_quality,NEW,2026-09-28 06:41:04,
3203,3203,data_quality,NEW,2026-09-28 06:41:04,
3204,3204,data_quality,NEW,2026-09-28 06:41:04,
3205,3205,data_quality,NEW,2026-09-28 06:41:04,
3206,3206,data_quality,NEW,2026-09-28 06:41:04,
3207,3207,data_quality,NEW,2026-09-28 06:41:04,
3208,3208,data_quality,NEW,2026-09-28 06:41:04,
3209,3209,data_quality,NEW,2026-09-28 06:41:04,
3210,3210,data_quality,NEW,2026-09-28 06:41:04,
3211,3211,data_quality,NEW,2026-09-28 06:41:04,
3212,3212,data_quality,NEW,2026-09-28 06:41:04,
3213,3213,data_quality,NEW,2026-09-28 06:41:04,
3214,3214,data_quality,NEW,2026-09-28 06:41:04,
3215,3215,data_quality,NEW,2026-09-28 06:41:04,
3216,3216,data_quality,NEW,2026-09-28 06:41:04,
3217,3217,data_quality,NEW,2026-09-28 06:41:04,
3218,3218,data_quality,NEW,2026-09-28 06:41:04,
3219,3219,data_quality,NEW,2026-09-28 06:41:04,
3220,3220,data_quality,NEW,2026-09-28 06:41:04,
3221,3221,data_quality,NEW,2026-09-28 06:41:04,
3222,3222,data_quality,NEW,2026-09-28 06:41:04,
3223,3223,data_quality,NEW,2026-09-28 06:41:04,
3224,3224,data_quality,NEW,2026-09-28 06:41:04,
3225,3225,data_quality,NEW,2026-09-28 06:41:04,
3226,3226,data_quality,NEW,2026-09-28 06:41:04,
3227,3227,data_quality,NEW,2026-09-28 06:41:04,
3228,3228,data_quality,NEW,2026-09-28 06:41:04,
3229,3229,data_quality,NEW,2026-09-28 06:41:04,
3230,3230,data_quality,NEW,2026-09-28 06:41:04,
3231,3231,data_quality,NEW,2026-09-28 06:41:04,
3232,3232,data_quality,NEW,2026-09-28 06:41:04,
3233,3233,data_quality,NEW,2026-09-28 06:41:04,
3234,3234,data_quality,NEW,2026-09-28 06:41:04,
3235,3235,data_quality,NEW,2026-09-28 06:41:04,
3236,3236,data_quality,NEW,2026-09-28 06:41:04,
3237,3237,data_quality,NEW,2026-09-28 06:41:04,
3238,3238,data_quality,NEW,2026-09-28 06:41:04,
3239,3239,data_quality,NEW,2026-09-28 06:41:04,
3240,3240,data_quality,NEW,2026-09-28 06:41:04,
3241,3241,data_quality,NEW,2026-09-28 06:41:04,
3242,3242,data_quality,NEW,2026-09-28 06:41:04,
3243,3243,data_quality,NEW,2026-09-28 06:41:04,
3244,3244,data_quality,NEW,2026-09-28 06:41:04,
3245,3245,data_quality,NEW,2026-09-28 06:41:04,
3246,3246,data_quality,NEW,2026-09-28 06:41:04,
3247,3247,data_quality,NEW,2026-09-28 06:41:04,
3248,3248,data_quality,NEW,2026-09-28 06:41:04,
3249,3249,data_quality,NEW,2026-09-28 06:41:04,
3250,3250,data_quality,NEW,2026-09-28 06:41:04,
3251,3251,data_quality,NEW,2026-09-28 06:41:04,
3252,3252,data_quality,NEW,2026-09-28 06:41:04,
3253,3253,data_quality,NEW,2026-09-28 06:41:04,
3254,3254,data_quality,NEW,2026-09-28 06:41:04,
3255,3255,data_quality,NEW,2026-09-28 06:41:04,
3256,3256,data_quality,NEW,2026-09-28 06:41:04,
3257,3257,data_quality,NEW,2026-09-28 06:41:04,
3258,3258,data_quality,NEW,2026-09-28 06:41:04,
3259,3259,data_quality,NEW,2026-09-28 06:41:04,
3260,3260,data_quality,NEW,2026-09-28 06:41:04,
3261,3261,data_quality,NEW,2026-09-28 06:41:04,
3262,3262,data_quality,NEW,2026-09-28 06:41:04,
3263,3263,data_quality,NEW,2026-09-28 06:41:04,
3264,3264,data_quality,NEW,2026-09-28 06:41:04,
3265,3265,data_quality,NEW,2026-09-28 06:41:04,
3266,3266,data_quality,NEW,2026-09-28 06:41:04,
3267,3267,data_quality,NEW,2026-09-28 06:41:04,
3268,3268,data_quality,NEW,2026-09-28 06:41:04,
3269,3269,data_quality,NEW,2026-09-28 06:41:04,
3270,3270,data_quality,NEW,2026-09-28 06:41:04,
3271,3271,data_quality,NEW,2026-09-28 06:41:04,
3272,3272,data_quality,NEW,2026-09-28 06:41:04,
3273,3273,data_quality,NEW,2026-09-28 06:41:04,
3274,3274,data_quality,NEW,2026-09-28 06:41:04,
3275,3275,data_quality,NEW,2026-09-28 06:41:04,
3276,3276,data_quality,NEW,2026-09-28 06:41:04,
3277,3277,data_quality,NEW,2026-09-28 06:41:04,
3278,3278,data_quality,NEW,2026-09-28 06:41:04,
3279,3279,data_quality,NEW,2026-09-28 06:41:04,
3280,3280,data_quality,NEW,2026-09-28 06:41:04,
3281,3281,data_quality,NEW,2026-09-28 06:41:04,
3282,3282,data_quality,NEW,2026-09-28 06:41:04,
3283,3283,data_quality,NEW,2026-09-28 06:41:04,
3284,3284,data_quality,NEW,2026-09-28 06:41:04,
3285,3285,data_quality,NEW,2026-09-28 06:41:04,
3286,3286,data_quality,NEW,2026-09-28 06:41:04,
3287,3287,data_quality,NEW,2026-09-28 06:41:04,
3288,3288,data_quality,NEW,2026-09-28 06:41:04,
3289,3289,data_quality,NEW,2026-09-28 06:41:04,
3290,3290,data_quality,NEW,2026-09-28 06:41:04,
3291,3291,data_quality,NEW,2026-09-28 06:41:04,
3292,3292,data_quality,NEW,2026-09-28 06:41:04,
3293,3293,data_quality,NEW,2026-09-28 06:41:04,
3294,3294,data_quality,NEW,2026-09-28 06:41:04,
3295,3295,data_quality,NEW,2026-09-28 06:41:04,
3296,3296,data_quality,NEW,2026-09-28 06:41:04,
3297,3297,data_quality,NEW,2026-09-28 06:41:04,
3298,3298,data_quality,NEW,2026-09-28 06:41:04,
3299,3299,data_quality,NEW,2026-09-28 06:41:04,
3300,3300,data_quality,NEW,2026-09-28 06:41:04,
3301,3301,data_quality,NEW,2026-09-28 06:41:04,
3302,3302,data_quality,NEW,2026-09-28 06:41:04,
3303,3303,data_quality,NEW,2026-09-28 06:41:04,
3304,3304,data_quality,NEW,2026-09-28 06:41:04,
3305,3305,data_quality,NEW,2026-09-28 06:41:04,
3306,3306,data_quality,NEW,2026-09-28 06:41:04,
3307,3307,data_quality,NEW,2026-09-28 06:41:04,
3308,3308,data_quality,NEW,2026-09-28 06:41:04,
3309,3309,data_quality,NEW,2026-09-28 06:41:04,
3310,3310,data_quality,NEW,2026-09-28 06:41:04,
3311,3311,data_quality,NEW,2026-09-28 06:41:04,
3312,3312,data_quality,NEW,2026-09-28 06:41:04,
3313,3313,data_quality,NEW,2026-09-28 06:41:04,
3314,3314,data_quality,NEW,2026-09-28 06:41:04,
3315,3315,data_quality,NEW,2026-09-28 06:41:04,
3316,3316,data_quality,NEW,2026-09-28 06:41:04,
3317,3317,data_quality,NEW,2026-09-28 06:41:04,
3318,3318,data_quality,NEW,2026-09-28 06:41:04,
3319,3319,data_quality,NEW,2026-09-28 06:41:04,
3320,3320,data_quality,NEW,2026-09-28 06:41:04,
3321,3321,data_quality,NEW,2026-09-28 06:41:04,
3322,3322,data_quality,NEW,2026-09-28 06:41:04,
3323,3323,data_quality,NEW,2026-09-28 06:41:04,
3324,3324,data_quality,NEW,2026-09-28 06:41:04,
3325,3325,data_quality,NEW,2026-09-28 06:41:04,
3326,3326,data_quality,NEW,2026-09-28 06:41:04,
3327,3327,data_quality,NEW,2026-09-28 06:41:04,
3328,3328,data_quality,NEW,2026-09-28 06:41:04,
3329,3329,data_quality,NEW,2026-09-28 06:41:04,
3330,3330,data_quality,NEW,2026-09-28 06:41:04,
3331,3331,data_quality,NEW,2026-09-28 06:41:04,
3332,3332,data_quality,NEW,2026-09-28 06:41:04,
3333,3333,data_quality,NEW,2026-09-28 06:41:04,
3334,3334,data_quality,NEW,2026-09-28 06:41:04,
3335,3335,data_quality,NEW,2026-09-28 06:41:04,
3336,3336,data_quality,NEW,2026-09-28 06:41:04,
3337,3337,data_quality,NEW,2026-09-28 06:41:04,
3338,3338,data_quality,NEW,2026-09-28 06:41:04,
3339,3339,data_quality,NEW,2026-09-28 06:41:04,
3340,3340,data_quality,NEW,2026-09-28 06:41:04,
3341,3341,data_quality,NEW,2026-09-28 06:41:04,
3342,3342,data_quality,NEW,2026-09-28 06:41:04,
3343,3343,data_quality,NEW,2026-09-28 06:41:04,
3344,3344,data_quality,NEW,2026-09-28 06:41:04,
3345,3345,data_quality,NEW,2026-09-28 06:41:04,
3346,3346,data_quality,NEW,2026-09-28 06:41:04,
3347,3347,data_quality,NEW,2026-09-28 06:41:04,
3348,3348,data_quality,NEW,2026-09-28 06:41:04,
3349,3349,data_quality,NEW,2026-09-28 06:41:04,
3350,3350,data_quality,NEW,2026-09-28 06:41:04,
3351,3351,data_quality,NEW,2026-09-28 06:41:04,
3352,3352,data_quality,NEW,2026-09-28 06:41:04,
3353,3353,data_quality,NEW,2026-09-28 06:41:04,
3354,3354,data_quality,NEW,2026-09-28 06:41:04,
3355,3355,data_quality,NEW,2026-09-28 06:41:04,
3356,3356,data_quality,NEW,2026-09-28 06:41:04,
3357,3357,data_quality,NEW,2026-09-28 06:41:04,
3358,3358,data_quality,NEW,2026-09-28 06:41:04,
3359,3359,data_quality,NEW,2026-09-28 06:41:04,
3360,3360,data_quality,NEW,2026-09-28 06:41:04,
3361,3361,data_quality,NEW,2026-09-28 06:41:04,
3362,3362,data_quality,NEW,2026-09-28 06:41:04,
3363,3363,data_quality,NEW,2026-09-28 06:41:04,
3364,3364,data_quality,NEW,2026-09-28 06:41:04,
3365,3365,data_quality,NEW,2026-09-28 06:41:04,
3366,3366,data_quality,NEW,2026-09-28 06:41:04,
3367,3367,data_quality,NEW,2026-09-28 06:41:04,
3368,3368,data_quality,NEW,2026-09-28 06:41:04,
3369,3369,data_quality,NEW,2026-09-28 06:41:04,
3370,3370,data_quality,NEW,2026-09-28 06:41:04,
3371,3371,data_quality,NEW,2026-09-28 06:41:04,
3372,3372,data_quality,NEW,2026-09-28 06:41:04,
3373,3373,data_quality,NEW,2026-09-28 06:41:04,
3374,3374,data_quality,NEW,2026-09-28 06:41:04,
3375,3375,data_quality,NEW,2026-09-28 06:41:04,
3376,3376,data_quality,NEW,2026-09-28 06:41:04,
3377,3377,data_quality,NEW,2026-09-28 06:41:04,
3378,3378,data_quality,NEW,2026-09-28 06:41:04,
3379,3379,data_quality,NEW,2026-09-28 06:41:04,
3380,3380,data_quality,NEW,2026-09-28 06:41:04,
3381,3381,data_quality,NEW,2026-09-28 06:41:04,
3382,3382,data_quality,NEW,2026-09-28 06:41:04,
3383,3383,data_quality,NEW,2026-09-28 06:41:04,
3384,3384,data_quality,NEW,2026-09-28 06:41:04,
3385,3385,data_quality,NEW,2026-09-28 06:41:04,
3386,3386,data_quality,NEW,2026-09-28 06:41:04,
3387,3387,data_quality,NEW,2026-09-28 06:41:04,
3388,3388,data_quality,NEW,2026-09-28 06:41:04,
3389,3389,data_quality,NEW,2026-09-28 06:41:04,
3390,3390,data_quality,NEW,2026-09-28 06:41:04,
3391,3391,data_quality,NEW,2026-09-28 06:41:04,
3392,3392,data_quality,NEW,2026-09-28 06:41:04,
3393,3393,data_quality,NEW,2026-09-28 06:41:04,
3394,3394,data_quality,NEW,2026-09-28 06:41:04,
3395,3395,data_quality,NEW,2026-09-28 06:41:04,
3396,3396,data_quality,NEW,2026-09-28 06:41:04,
3397,3397,data_quality,NEW,2026-09-28 06:41:04,
3398,3398,data_quality,NEW,2026-09-28 06:41:04,
3399,3399,data_quality,NEW,2026-09-28 06:41:04,
3400,3400,data_quality,NEW,2026-09-28 06:41:04,
3401,3401,data_quality,NEW,2026-09-28 06:41:04,
3402,3402,data_quality,NEW,2026-09-28 06:41:04,
3403,3403,data_quality,NEW,2026-09-28 06:41:04,
3404,3404,data_quality,NEW,2026-09-28 06:41:04,
3405,3405,data_quality,NEW,2026-09-28 06:41:04,
3406,3406,data_quality,NEW,2026-09-28 06:41:04,
3407,3407,data_quality,NEW,2026-09-28 06:41:04,
3408,3408,data_quality,NEW,2026-09-28 06:41:04,
3409,3409,data_quality,NEW,2026-09-28 06:41:04,
3410,3410,data_quality,NEW,2026-09-28 06:41:04,
3411,3411,data_quality,NEW,2026-09-28 06:41:04,
3412,3412,data_quality,NEW,2026-09-28 06:41:04,
3413,3413,data_quality,NEW,2026-09-28 06:41:04,
3414,3414,data_quality,NEW,2026-09-28 06:41:04,
3415,3415,data_quality,NEW,2026-09-28 06:41:04,
3416,3416,data_quality,NEW,2026-09-28 06:41:04,
3417,3417,data_quality,NEW,2026-09-28 06:41:04,
3418,3418,data_quality,NEW,2026-09-28 06:41:04,
3419,3419,data_quality,NEW,2026-09-28 06:41:04,
3420,3420,data_quality,NEW,2026-09-28 06:41:04,
3421,3421,data_quality,NEW,2026-09-28 06:41:04,
3422,3422,data_quality,NEW,2026-09-28 06:41:04,
3423,3423,data_quality,NEW,2026-09-28 06:41:04,
3424,3424,data_quality,NEW,2026-09-28 06:41:04,
3425,3425,data_quality,NEW,2026-09-28 06:41:04,
3426,3426,data_quality,NEW,2026-09-28 06:41:04,
3427,3427,data_quality,NEW,2026-09-28 06:41:04,
3428,3428,data_quality,NEW,2026-09-28 06:41:04,
3429,3429,data_quality,NEW,2026-09-28 06:41:04,
3430,3430,data_quality,NEW,2026-09-28 06:41:04,
3431,3431,data_quality,NEW,2026-09-28 06:41:04,
3432,3432,data_quality,NEW,2026-09-28 06:41:04,
3433,3433,data_quality,NEW,2026-09-28 06:41:04,
3434,3434,data_quality,NEW,2026-09-28 06:41:04,
3435,3435,data_quality,NEW,2026-09-28 06:41:04,
3436,3436,data_quality,NEW,2026-09-28 06:41:04,
3437,3437,data_quality,NEW,2026-09-28 06:41:04,
3438,3438,data_quality,NEW,2026-09-28 06:41:04,
3439,3439,data_quality,NEW,2026-09-28 06:41:04,
3440,3440,data_quality,NEW,2026-09-28 06:41:04,
3441,3441,data_quality,NEW,2026-09-28 06:41:04,
3442,3442,data_quality,NEW,2026-09-28 06:41:04,
3443,3443,data_quality,NEW,2026-09-28 06:41:04,
3444,3444,data_quality,NEW,2026-09-28 06:41:04,
3445,3445,data_quality,NEW,2026-09-28 06:41:04,
3446,3446,data_quality,NEW,2026-09-28 06:41:04,
3447,3447,data_quality,NEW,2026-09-28 06:41:04,
3448,3448,data_quality,NEW,2026-09-28 06:41:04,
3449,3449,data_quality,NEW,2026-09-28 06:41:04,
3450,3450,data_quality,NEW,2026-09-28 06:41:04,
3451,3451,data_quality,NEW,2026-09-28 06:41:04,
3452,3452,data_quality,NEW,2026-09-28 06:41:04,
3453,3453,data_quality,NEW,2026-09-28 06:41:04,
3454,3454,data_quality,NEW,2026-09-28 06:41:04,
3455,3455,data_quality,NEW,2026-09-28 06:41:04,
3456,3456,data_quality,NEW,2026-09-28 06:41:04,
3457,3457,data_quality,NEW,2026-09-28 06:41:04,
3458,3458,data_quality,NEW,2026-09-28 06:41:04,
3459,3459,data_quality,NEW,2026-09-28 06:41:04,
3460,3460,data_quality,NEW,2026-09-28 06:41:04,
3461,3461,data_quality,NEW,2026-09-28 06:41:04,
3462,3462,data_quality,NEW,2026-09-28 06:41:04,
3463,3463,data_quality,NEW,2026-09-28 06:41:04,
3464,3464,data_quality,NEW,2026-09-28 06:41:04,
3465,3465,data_quality,NEW,2026-09-28 06:41:04,
3466,3466,data_quality,NEW,2026-09-28 06:41:04,
3467,3467,data_quality,NEW,2026-09-28 06:41:04,
3468,3468,data_quality,NEW,2026-09-28 06:41:04,
3469,3469,data_quality,NEW,2026-09-28 06:41:04,
3470,3470,data_quality,NEW,2026-09-28 06:41:04,
3471,3471,data_quality,NEW,2026-09-28 06:41:04,
3472,3472,data_quality,NEW,2026-09-28 06:41:04,
3473,3473,data_quality,NEW,2026-09-28 06:41:04,
3474,3474,data_quality,NEW,2026-09-28 06:41:04,
3475,3475,data_quality,NEW,2026-09-28 06:41:04,
3476,3476,data_quality,NEW,2026-09-28 06:41:04,
3477,3477,data_quality,NEW,2026-09-28 06:41:04,
3478,3478,data_quality,NEW,2026-09-28 06:41:04,
3479,3479,data_quality,NEW,2026-09-28 06:41:04,
3480,3480,data_quality,NEW,2026-09-28 06:41:04,
3481,3481,data_quality,NEW,2026-09-28 06:41:04,
3482,3482,data_quality,NEW,2026-09-28 06:41:04,
3483,3483,data_quality,NEW,2026-09-28 06:41:04,
3484,3484,data_quality,NEW,2026-09-28 06:41:04,
3485,3485,data_quality,NEW,2026-09-28 06:41:04,
3486,3486,data_quality,NEW,2026-09-28 06:41:04,
3487,3487,data_quality,NEW,2026-09-28 06:41:04,
3488,3488,data_quality,NEW,2026-09-28 06:41:04,
3489,3489,data_quality,NEW,2026-09-28 06:41:04,
3490,3490,data_quality,NEW,2026-09-28 06:41:04,
3491,3491,data_quality,NEW,2026-09-28 06:41:04,
3492,3492,data_quality,NEW,2026-09-28 06:41:04,
3493,3493,data_quality,NEW,2026-09-28 06:41:04,
3494,3494,data_quality,NEW,2026-09-28 06:41:04,
3495,3495,data_quality,NEW,2026-09-28 06:41:04,
3496,3496,data_quality,NEW,2026-09-28 06:41:04,
3497,3497,data_quality,NEW,2026-09-28 06:41:04,
3498,3498,data_quality,NEW,2026-09-28 06:41:04,
3499,3499,data_quality,NEW,2026-09-28 06:41:04,
3500,3500,data_quality,NEW,2026-09-28 06:41:04,
3501,3501,data_quality,NEW,2026-09-28 06:41:04,
3502,3502,data_quality,NEW,2026-09-28 06:41:04,
3503,3503,data_quality,NEW,2026-09-28 06:41:04,
3504,3504,data_quality,NEW,2026-09-28 06:41:04,
3505,3505,data_quality,NEW,2026-09-28 06:41:04,
3506,3506,data_quality,NEW,2026-09-28 06:41:04,
3507,3507,data_quality,NEW,2026-09-28 06:41:04,
3508,3508,data_quality,NEW,2026-09-28 06:41:04,
3509,3509,data_quality,NEW,2026-09-28 06:41:04,
3510,3510,data_quality,NEW,2026-09-28 06:41:04,
3511,3511,data_quality,NEW,2026-09-28 06:41:04,
3512,3512,data_quality,NEW,2026-09-28 06:41:04,
3513,3513,data_quality,NEW,2026-09-28 06:41:04,
3514,3514,data_quality,NEW,2026-09-28 06:41:04,
3515,3515,data_quality,NEW,2026-09-28 06:41:04,
3516,3516,data_quality,NEW,2026-09-28 06:41:04,
3517,3517,data_quality,NEW,2026-09-28 06:41:04,
3518,3518,data_quality,NEW,2026-09-28 06:41:04,
3519,3519,data_quality,NEW,2026-09-28 06:41:04,
3520,3520,data_quality,NEW,2026-09-28 06:41:04,
3521,3521,data_quality,NEW,2026-09-28 06:41:04,
3522,3522,data_quality,NEW,2026-09-28 06:41:04,
3523,3523,data_quality,NEW,2026-09-28 06:41:04,
3524,3524,data_quality,NEW,2026-09-28 06:41:04,
3525,3525,data_quality,NEW,2026-09-28 06:41:04,
3526,3526,data_quality,NEW,2026-09-28 06:41:04,
3527,3527,data_quality,NEW,2026-09-28 06:41:04,
3528,3528,data_quality,NEW,2026-09-28 06:41:04,
3529,3529,data_quality,NEW,2026-09-28 06:41:04,
3530,3530,data_quality,NEW,2026-09-28 06:41:04,
3531,3531,data_quality,NEW,2026-09-28 06:41:04,
3532,3532,data_quality,NEW,2026-09-28 06:41:04,
3533,3533,data_quality,NEW,2026-09-28 06:41:04,
3534,3534,data_quality,NEW,2026-09-28 06:41:04,
3535,3535,data_quality,NEW,2026-09-28 06:41:04,
3536,3536,data_quality,NEW,2026-09-28 06:41:04,
3537,3537,data_quality,NEW,2026-09-28 06:41:04,
3538,3538,data_quality,NEW,2026-09-28 06:41:04,
3539,3539,data_quality,NEW,2026-09-28 06:41:04,
3540,3540,data_quality,NEW,2026-09-28 06:41:04,
3541,3541,data_quality,NEW,2026-09-28 06:41:04,
3542,3542,data_quality,NEW,2026-09-28 06:41:04,
3543,3543,data_quality,NEW,2026-09-28 06:41:04,
3544,3544,data_quality,NEW,2026-09-28 06:41:04,
3545,3545,data_quality,NEW,2026-09-28 06:41:04,
3546,3546,data_quality,NEW,2026-09-28 06:41:04,
3547,3547,data_quality,NEW,2026-09-28 06:41:04,
3548,3548,data_quality,NEW,2026-09-28 06:41:04,
3549,3549,data_quality,NEW,2026-09-28 06:41:04,
3550,3550,data_quality,NEW,2026-09-28 06:41:04,
3551,3551,data_quality,NEW,2026-09-28 06:41:04,
3552,3552,data_quality,NEW,2026-09-28 06:41:04,
3553,3553,data_quality,NEW,2026-09-28 06:41:04,
3554,3554,data_quality,NEW,2026-09-28 06:41:04,
3555,3555,data_quality,NEW,2026-09-28 06:41:04,
3556,3556,data_quality,NEW,2026-09-28 06:41:04,
3557,3557,data_quality,NEW,2026-09-28 06:41:04,
3558,3558,data_quality,NEW,2026-09-28 06:41:04,
3559,3559,data_quality,NEW,2026-09-28 06:41:04,
3560,3560,data_quality,NEW,2026-09-28 06:41:04,
3561,3561,data_quality,NEW,2026-09-28 06:41:04,
3562,3562,data_quality,NEW,2026-09-28 06:41:04,
3563,3563,data_quality,NEW,2026-09-28 06:41:04,
3564,3564,data_quality,NEW,2026-09-28 06:41:04,
3565,3565,data_quality,NEW,2026-09-28 06:41:04,
3566,3566,data_quality,NEW,2026-09-28 06:41:04,
3567,3567,data_quality,NEW,2026-09-28 06:41:04,
3568,3568,data_quality,NEW,2026-09-28 06:41:04,
3569,3569,data_quality,NEW,2026-09-28 06:41:04,
3570,3570,data_quality,NEW,2026-09-28 06:41:04,
3571,3571,data_quality,NEW,2026-09-28 06:41:04,
3572,3572,data_quality,NEW,2026-09-28 06:41:04,
3573,3573,data_quality,NEW,2026-09-28 06:41:04,
3574,3574,data_quality,NEW,2026-09-28 06:41:04,
3575,3575,data_quality,NEW,2026-09-28 06:41:04,
3576,3576,data_quality,NEW,2026-09-28 06:41:04,
3577,3577,data_quality,NEW,2026-09-28 06:41:04,
3578,3578,data_quality,NEW,2026-09-28 06:41:04,
3579,3579,data_quality,NEW,2026-09-28 06:41:04,
3580,3580,data_quality,NEW,2026-09-28 06:41:04,
3581,3581,data_quality,NEW,2026-09-28 06:41:04,
3582,3582,data_quality,NEW,2026-09-28 06:41:04,
3583,3583,data_quality,NEW,2026-09-28 06:41:04,
3584,3584,data_quality,NEW,2026-09-28 06:41:04,
3585,3585,data_quality,NEW,2026-09-28 06:41:04,
3586,3586,data_quality,NEW,2026-09-28 06:41:04,
3587,3587,data_quality,NEW,2026-09-28 06:41:04,
3588,3588,data_quality,NEW,2026-09-28 06:41:04,
3589,3589,data_quality,NEW,2026-09-28 06:41:04,
3590,3590,data_quality,NEW,2026-09-28 06:41:04,
3591,3591,data_quality,NEW,2026-09-28 06:41:04,
3592,3592,data_quality,NEW,2026-09-28 06:41:04,
3593,3593,data_quality,NEW,2026-09-28 06:41:04,
3594,3594,data_quality,NEW,2026-09-28 06:41:04,
3595,3595,data_quality,NEW,2026-09-28 06:41:04,
3596,3596,data_quality,NEW,2026-09-28 06:41:04,
3597,3597,data_quality,NEW,2026-09-28 06:41:04,
3598,3598,data_quality,NEW,2026-09-28 06:41:04,
3599,3599,data_quality,NEW,2026-09-28 06:41:04,
3600,3600,data_quality,NEW,2026-09-28 06:41:04,
3601,3601,data_quality,NEW,2026-09-28 06:41:04,
3602,3602,data_quality,NEW,2026-09-28 06:41:04,
3603,3603,data_quality,NEW,2026-09-28 06:41:04,
3604,3604,data_quality,NEW,2026-09-28 06:41:04,
3605,3605,data_quality,NEW,2026-09-28 06:41:04,
3606,3606,data_quality,NEW,2026-09-28 06:41:04,
3607,3607,data_quality,NEW,2026-09-28 06:41:04,
3608,3608,data_quality,NEW,2026-09-28 06:41:04,
3609,3609,data_quality,NEW,2026-09-28 06:41:04,
3610,3610,data_quality,NEW,2026-09-28 06:41:04,
3611,3611,data_quality,NEW,2026-09-28 06:41:04,
3612,3612,data_quality,NEW,2026-09-28 06:41:04,
3613,3613,data_quality,NEW,2026-09-28 06:41:04,
3614,3614,data_quality,NEW,2026-09-28 06:41:04,
3615,3615,data_quality,NEW,2026-09-28 06:41:04,
3616,3616,data_quality,NEW,2026-09-28 06:41:04,
3617,3617,data_quality,NEW,2026-09-28 06:41:04,
3618,3618,data_quality,NEW,2026-09-28 06:41:04,
3619,3619,data_quality,NEW,2026-09-28 06:41:04,
3620,3620,data_quality,NEW,2026-09-28 06:41:04,
3621,3621,data_quality,NEW,2026-09-28 06:41:04,
3622,3622,data_quality,NEW,2026-09-28 06:41:04,
3623,3623,data_quality,NEW,2026-09-28 06:41:04,
3624,3624,data_quality,NEW,2026-09-28 06:41:04,
3625,3625,data_quality,NEW,2026-09-28 06:41:04,
3626,3626,data_quality,NEW,2026-09-28 06:41:04,
3627,3627,data_quality,NEW,2026-09-28 06:41:04,
3628,3628,data_quality,NEW,2026-09-28 06:41:04,
3629,3629,data_quality,NEW,2026-09-28 06:41:04,
3630,3630,data_quality,NEW,2026-09-28 06:41:04,
3631,3631,data_quality,NEW,2026-09-28 06:41:04,
3632,3632,data_quality,NEW,2026-09-28 06:41:04,
3633,3633,data_quality,NEW,2026-09-28 06:41:04,
3634,3634,data_quality,NEW,2026-09-28 06:41:04,
3635,3635,data_quality,NEW,2026-09-28 06:41:04,
3636,3636,data_quality,NEW,2026-09-28 06:41:04,
3637,3637,data_quality,NEW,2026-09-28 06:41:04,
3638,3638,data_quality,NEW,2026-09-28 06:41:04,
3639,3639,data_quality,NEW,2026-09-28 06:41:04,
3640,3640,data_quality,NEW,2026-09-28 06:41:04,
3641,3641,data_quality,NEW,2026-09-28 06:41:04,
3642,3642,data_quality,NEW,2026-09-28 06:41:04,
3643,3643,data_quality,NEW,2026-09-28 06:41:04,
3644,3644,data_quality,NEW,2026-09-28 06:41:04,
3645,3645,data_quality,NEW,2026-09-28 06:41:04,
3646,3646,data_quality,NEW,2026-09-28 06:41:04,
3647,3647,data_quality,NEW,2026-09-28 06:41:04,
3648,3648,data_quality,NEW,2026-09-28 06:41:04,
3649,3649,data_quality,NEW,2026-09-28 06:41:04,
3650,3650,data_quality,NEW,2026-09-28 06:41:04,
3651,3651,data_quality,NEW,2026-09-28 06:41:04,
3652,3652,data_quality,NEW,2026-09-28 06:41:04,
3653,3653,data_quality,NEW,2026-09-28 06:41:04,
3654,3654,data_quality,NEW,2026-09-28 06:41:04,
3655,3655,data_quality,NEW,2026-09-28 06:41:04,
3656,3656,data_quality,NEW,2026-09-28 06:41:04,
3657,3657,data_quality,NEW,2026-09-28 06:41:04,
3658,3658,data_quality,NEW,2026-09-28 06:41:04,
3659,3659,data_quality,NEW,2026-09-28 06:41:04,
3660,3660,data_quality,NEW,2026-09-28 06:41:04,
3661,3661,data_quality,NEW,2026-09-28 06:41:04,
3662,3662,data_quality,NEW,2026-09-28 06:41:04,
3663,3663,data_quality,NEW,2026-09-28 06:41:04,
3664,3664,data_quality,NEW,2026-09-28 06:41:04,
3665,3665,data_quality,NEW,2026-09-28 06:41:04,
3666,3666,data_quality,NEW,2026-09-28 06:41:04,
3667,3667,data_quality,NEW,2026-09-28 06:41:04,
3668,3668,data_quality,NEW,2026-09-28 06:41:04,
3669,3669,data_quality,NEW,2026-09-28 06:41:04,
3670,3670,data_quality,NEW,2026-09-28 06:41:04,
3671,3671,data_quality,NEW,2026-09-28 06:41:04,
3672,3672,data_quality,NEW,2026-09-28 06:41:04,
3673,3673,data_quality,NEW,2026-09-28 06:41:04,
3674,3674,data_quality,NEW,2026-09-28 06:41:04,
3675,3675,data_quality,NEW,2026-09-28 06:41:04,
3676,3676,data_quality,NEW,2026-09-28 06:41:04,
3677,3677,data_quality,NEW,2026-09-28 06:41:04,
3678,3678,data_quality,NEW,2026-09-28 06:41:04,
3679,3679,data_quality,NEW,2026-09-28 06:41:04,
3680,3680,data_quality,NEW,2026-09-28 06:41:04,
3681,3681,data_quality,NEW,2026-09-28 06:41:04,
3682,3682,data_quality,NEW,2026-09-28 06:41:04,
3683,3683,data_quality,NEW,2026-09-28 06:41:04,
3684,3684,data_quality,NEW,2026-09-28 06:41:04,
3685,3685,data_quality,NEW,2026-09-28 06:41:04,
3686,3686,data_quality,NEW,2026-09-28 06:41:04,
3687,3687,data_quality,NEW,2026-09-28 06:41:04,
3688,3688,data_quality,NEW,2026-09-28 06:41:04,
3689,3689,data_quality,NEW,2026-09-28 06:41:04,
3690,3690,data_quality,NEW,2026-09-28 06:41:04,
3691,3691,data_quality,NEW,2026-09-28 06:41:04,
3692,3692,data_quality,NEW,2026-09-28 06:41:04,
3693,3693,data_quality,NEW,2026-09-28 06:41:04,
3694,3694,data_quality,NEW,2026-09-28 06:41:04,
3695,3695,data_quality,NEW,2026-09-28 06:41:04,
3696,3696,data_quality,NEW,2026-09-28 06:41:04,
3697,3697,data_quality,NEW,2026-09-28 06:41:04,
3698,3698,data_quality,NEW,2026-09-28 06:41:04,
3699,3699,data_quality,NEW,2026-09-28 06:41:04,
3700,3700,data_quality,NEW,2026-09-28 06:41:04,
3701,3701,data_quality,NEW,2026-09-28 06:41:04,
3702,3702,data_quality,NEW,2026-09-28 06:41:04,
3703,3703,data_quality,NEW,2026-09-28 06:41:04,
3704,3704,data_quality,NEW,2026-09-28 06:41:04,
3705,3705,data_quality,NEW,2026-09-28 06:41:04,
3706,3706,data_quality,NEW,2026-09-28 06:41:04,
3707,3707,data_quality,NEW,2026-09-28 06:41:04,
3708,3708,data_quality,NEW,2026-09-28 06:41:04,
3709,3709,data_quality,NEW,2026-09-28 06:41:04,
3710,3710,data_quality,NEW,2026-09-28 06:41:04,
3711,3711,data_quality,NEW,2026-09-28 06:41:04,
3712,3712,data_quality,NEW,2026-09-28 06:41:04,
3713,3713,data_quality,NEW,2026-09-28 06:41:04,
3714,3714,data_quality,NEW,2026-09-28 06:41:04,
3715,3715,data_quality,NEW,2026-09-28 06:41:04,
3716,3716,data_quality,NEW,2026-09-28 06:41:04,
3717,3717,data_quality,NEW,2026-09-28 06:41:04,
3718,3718,data_quality,NEW,2026-09-28 06:41:04,
3719,3719,data_quality,NEW,2026-09-28 06:41:04,
3720,3720,data_quality,NEW,2026-09-28 06:41:04,
3721,3721,data_quality,NEW,2026-09-28 06:41:04,
3722,3722,data_quality,NEW,2026-09-28 06:41:04,
3723,3723,data_quality,NEW,2026-09-28 06:41:04,
3724,3724,data_quality,NEW,2026-09-28 06:41:04,
3725,3725,data_quality,NEW,2026-09-28 06:41:04,
3726,3726,data_quality,NEW,2026-09-28 06:41:04,
3727,3727,data_quality,NEW,2026-09-28 06:41:04,
3728,3728,data_quality,NEW,2026-09-28 06:41:04,
3729,3729,data_quality,NEW,2026-09-28 06:41:04,
3730,3730,data_quality,NEW,2026-09-28 06:41:04,
3731,3731,data_quality,NEW,2026-09-28 06:41:04,
3732,3732,data_quality,NEW,2026-09-28 06:41:04,
3733,3733,data_quality,NEW,2026-09-28 06:41:04,
3734,3734,data_quality,NEW,2026-09-28 06:41:04,
3735,3735,data_quality,NEW,2026-09-28 06:41:04,
3736,3736,data_quality,NEW,2026-09-28 06:41:04,
3737,3737,data_quality,NEW,2026-09-28 06:41:04,
3738,3738,data_quality,NEW,2026-09-28 06:41:04,
3739,3739,data_quality,NEW,2026-09-28 06:41:04,
3740,3740,data_quality,NEW,2026-09-28 06:41:04,
3741,3741,data_quality,NEW,2026-09-28 06:41:04,
3742,3742,data_quality,NEW,2026-09-28 06:41:04,
3743,3743,data_quality,NEW,2026-09-28 06:41:04,
3744,3744,data_quality,NEW,2026-09-28 06:41:04,
3745,3745,data_quality,NEW,2026-09-28 06:41:04,
3746,3746,data_quality,NEW,2026-09-28 06:41:04,
3747,3747,data_quality,NEW,2026-09-28 06:41:04,
3748,3748,data_quality,NEW,2026-09-28 06:41:04,
3749,3749,data_quality,NEW,2026-09-28 06:41:04,
3750,3750,data_quality,NEW,2026-09-28 06:41:04,
3751,3751,data_quality,NEW,2026-09-28 06:41:04,
3752,3752,data_quality,NEW,2026-09-28 06:41:04,
3753,3753,data_quality,NEW,2026-09-28 06:41:04,
3754,3754,data_quality,NEW,2026-09-28 06:41:04,
3755,3755,data_quality,NEW,2026-09-28 06:41:04,
3756,3756,data_quality,NEW,2026-09-28 06:41:04,
3757,3757,data_quality,NEW,2026-09-28 06:41:04,
3758,3758,data_quality,NEW,2026-09-28 06:41:04,
3759,3759,data_quality,NEW,2026-09-28 06:41:04,
3760,3760,data_quality,NEW,2026-09-28 06:41:04,
3761,3761,data_quality,NEW,2026-09-28 06:41:04,
3762,3762,data_quality,NEW,2026-09-28 06:41:04,
3763,3763,data_quality,NEW,2026-09-28 06:41:04,
3764,3764,data_quality,NEW,2026-09-28 06:41:04,
3765,3765,data_quality,NEW,2026-09-28 06:41:04,
3766,3766,data_quality,NEW,2026-09-28 06:41:04,
3767,3767,data_quality,NEW,2026-09-28 06:41:04,
3768,3768,data_quality,NEW,2026-09-28 06:41:04,
3769,3769,data_quality,NEW,2026-09-28 06:41:04,
3770,3770,data_quality,NEW,2026-09-28 06:41:04,
3771,3771,data_quality,NEW,2026-09-28 06:41:04,
3772,3772,data_quality,NEW,2026-09-28 06:41:04,
3773,3773,data_quality,NEW,2026-09-28 06:41:04,
3774,3774,data_quality,NEW,2026-09-28 06:41:04,
3775,3775,data_quality,NEW,2026-09-28 06:41:04,
3776,3776,data_quality,NEW,2026-09-28 06:41:04,
3777,3777,data_quality,NEW,2026-09-28 06:41:04,
3778,3778,data_quality,NEW,2026-09-28 06:41:04,
3779,3779,data_quality,NEW,2026-09-28 06:41:04,
3780,3780,data_quality,NEW,2026-09-28 06:41:04,
3781,3781,data_quality,NEW,2026-09-28 06:41:04,
3782,3782,data_quality,NEW,2026-09-28 06:41:04,
3783,3783,data_quality,NEW,2026-09-28 06:41:04,
3784,3784,data_quality,NEW,2026-09-28 06:41:04,
3785,3785,data_quality,NEW,2026-09-28 06:41:04,
3786,3786,data_quality,NEW,2026-09-28 06:41:04,
3787,3787,data_quality,NEW,2026-09-28 06:41:04,
3788,3788,data_quality,NEW,2026-09-28 06:41:04,
3789,3789,data_quality,NEW,2026-09-28 06:41:04,
3790,3790,data_quality,NEW,2026-09-28 06:41:04,
3791,3791,data_quality,NEW,2026-09-28 06:41:04,
3792,3792,data_quality,NEW,2026-09-28 06:41:04,
3793,3793,data_quality,NEW,2026-09-28 06:41:04,
3794,3794,data_quality,NEW,2026-09-28 06:41:04,
3795,3795,data_quality,NEW,2026-09-28 06:41:04,
3796,3796,data_quality,NEW,2026-09-28 06:41:04,
3797,3797,data_quality,NEW,2026-09-28 06:41:04,
3798,3798,data_quality,NEW,2026-09-28 06:41:04,
3799,3799,data_quality,NEW,2026-09-28 06:41:04,
3800,3800,data_quality,NEW,2026-09-28 06:41:04,
3801,3801,data_quality,NEW,2026-09-28 06:41:04,
3802,3802,data_quality,NEW,2026-09-28 06:41:04,
3803,3803,data_quality,NEW,2026-09-28 06:41:04,
3804,3804,data_quality,NEW,2026-09-28 06:41:04,
3805,3805,data_quality,NEW,2026-09-28 06:41:04,
3806,3806,data_quality,NEW,2026-09-28 06:41:04,
3807,3807,data_quality,NEW,2026-09-28 06:41:04,
3808,3808,data_quality,NEW,2026-09-28 06:41:04,
3809,3809,data_quality,NEW,2026-09-28 06:41:04,
3810,3810,data_quality,NEW,2026-09-28 06:41:04,
3811,3811,data_quality,NEW,2026-09-28 06:41:04,
3812,3812,data_quality,NEW,2026-09-28 06:41:04,
3813,3813,data_quality,NEW,2026-09-28 06:41:04,
3814,3814,data_quality,NEW,2026-09-28 06:41:04,
3815,3815,data_quality,NEW,2026-09-28 06:41:04,
3816,3816,data_quality,NEW,2026-09-28 06:41:04,
3817,3817,data_quality,NEW,2026-09-28 06:41:04,
3818,3818,data_quality,NEW,2026-09-28 06:41:04,
3819,3819,data_quality,NEW,2026-09-28 06:41:04,
3820,3820,data_quality,NEW,2026-09-28 06:41:04,
3821,3821,data_quality,NEW,2026-09-28 06:41:04,
3822,3822,data_quality,NEW,2026-09-28 06:41:04,
3823,3823,data_quality,NEW,2026-09-28 06:41:04,
3824,3824,data_quality,NEW,2026-09-28 06:41:04,
3825,3825,data_quality,NEW,2026-09-28 06:41:04,
3826,3826,data_quality,NEW,2026-09-28 06:41:04,
3827,3827,data_quality,NEW,2026-09-28 06:41:04,
3828,3828,data_quality,NEW,2026-09-28 06:41:04,
3829,3829,data_quality,NEW,2026-09-28 06:41:04,
3830,3830,data_quality,NEW,2026-09-28 06:41:04,
3831,3831,data_quality,NEW,2026-09-28 06:41:04,
3832,3832,data_quality,NEW,2026-09-28 06:41:04,
3833,3833,data_quality,NEW,2026-09-28 06:41:04,
3834,3834,data_quality,NEW,2026-09-28 06:41:04,
3835,3835,data_quality,NEW,2026-09-28 06:41:04,
3836,3836,data_quality,NEW,2026-09-28 06:41:04,
3837,3837,data_quality,NEW,2026-09-28 06:41:04,
3838,3838,data_quality,NEW,2026-09-28 06:41:04,
3839,3839,data_quality,NEW,2026-09-28 06:41:04,
3840,3840,data_quality,NEW,2026-09-28 06:41:04,
3841,3841,data_quality,NEW,2026-09-28 06:41:04,
3842,3842,data_quality,NEW,2026-09-28 06:41:04,
3843,3843,data_quality,NEW,2026-09-28 06:41:04,
3844,3844,data_quality,NEW,2026-09-28 06:41:04,
3845,3845,data_quality,NEW,2026-09-28 06:41:04,
3846,3846,data_quality,NEW,2026-09-28 06:41:04,
3847,3847,data_quality,NEW,2026-09-28 06:41:04,
3848,3848,data_quality,NEW,2026-09-28 06:41:04,
3849,3849,data_quality,NEW,2026-09-28 06:41:04,
3850,3850,data_quality,NEW,2026-09-28 06:41:04,
3851,3851,data_quality,NEW,2026-09-28 06:41:04,
3852,3852,data_quality,NEW,2026-09-28 06:41:04,
3853,3853,data_quality,NEW,2026-09-28 06:41:04,
3854,3854,data_quality,NEW,2026-09-28 06:41:04,
3855,3855,data_quality,NEW,2026-09-28 06:41:04,
3856,3856,data_quality,NEW,2026-09-28 06:41:04,
3857,3857,data_quality,NEW,2026-09-28 06:41:04,
3858,3858,data_quality,NEW,2026-09-28 06:41:04,
3859,3859,data_quality,NEW,2026-09-28 06:41:04,
3860,3860,data_quality,NEW,2026-09-28 06:41:04,
3861,3861,data_quality,NEW,2026-09-28 06:41:04,
3862,3862,data_quality,NEW,2026-09-28 06:41:04,
3863,3863,data_quality,NEW,2026-09-28 06:41:04,
3864,3864,data_quality,NEW,2026-09-28 06:41:04,
3865,3865,data_quality,NEW,2026-09-28 06:41:04,
3866,3866,data_quality,NEW,2026-09-28 06:41:04,
3867,3867,data_quality,NEW,2026-09-28 06:41:04,
3868,3868,data_quality,NEW,2026-09-28 06:41:04,
3869,3869,data_quality,NEW,2026-09-28 06:41:04,
3870,3870,data_quality,NEW,2026-09-28 06:41:04,
3871,3871,data_quality,NEW,2026-09-28 06:41:04,
3872,3872,data_quality,NEW,2026-09-28 06:41:04,
3873,3873,data_quality,NEW,2026-09-28 06:41:04,
3874,3874,data_quality,NEW,2026-09-28 06:41:04,
3875,3875,data_quality,NEW,2026-09-28 06:41:04,
3876,3876,data_quality,NEW,2026-09-28 06:41:04,
3877,3877,data_quality,NEW,2026-09-28 06:41:04,
3878,3878,data_quality,NEW,2026-09-28 06:41:04,
3879,3879,data_quality,NEW,2026-09-28 06:41:04,
3880,3880,data_quality,NEW,2026-09-28 06:41:04,
3881,3881,data_quality,NEW,2026-09-28 06:41:04,
3882,3882,data_quality,NEW,2026-09-28 06:41:04,
3883,3883,data_quality,NEW,2026-09-28 06:41:04,
3884,3884,data_quality,NEW,2026-09-28 06:41:04,
3885,3885,data_quality,NEW,2026-09-28 06:41:04,
3886,3886,data_quality,NEW,2026-09-28 06:41:04,
3887,3887,data_quality,NEW,2026-09-28 06:41:04,
3888,3888,data_quality,NEW,2026-09-28 06:41:04,
3889,3889,data_quality,NEW,2026-09-28 06:41:04,
3890,3890,data_quality,NEW,2026-09-28 06:41:04,
3891,3891,data_quality,NEW,2026-09-28 06:41:04,
3892,3892,data_quality,NEW,2026-09-28 06:41:04,
3893,3893,data_quality,NEW,2026-09-28 06:41:04,
3894,3894,data_quality,NEW,2026-09-28 06:41:04,
3895,3895,data_quality,NEW,2026-09-28 06:41:04,
3896,3896,data_quality,NEW,2026-09-28 06:41:04,
3897,3897,data_quality,NEW,2026-09-28 06:41:04,
3898,3898,data_quality,NEW,2026-09-28 06:41:04,
3899,3899,data_quality,NEW,2026-09-28 06:41:04,
3900,3900,data_quality,NEW,2026-09-28 06:41:04,
3901,3901,data_quality,NEW,2026-09-28 06:41:04,
3902,3902,data_quality,NEW,2026-09-28 06:41:04,
3903,3903,data_quality,NEW,2026-09-28 06:41:04,
3904,3904,data_quality,NEW,2026-09-28 06:41:04,
3905,3905,data_quality,NEW,2026-09-28 06:41:04,
3906,3906,data_quality,NEW,2026-09-28 06:41:04,
3907,3907,data_quality,NEW,2026-09-28 06:41:04,
3908,3908,data_quality,NEW,2026-09-28 06:41:04,
3909,3909,data_quality,NEW,2026-09-28 06:41:04,
3910,3910,data_quality,NEW,2026-09-28 06:41:04,
3911,3911,data_quality,NEW,2026-09-28 06:41:04,
3912,3912,data_quality,NEW,2026-09-28 06:41:04,
3913,3913,data_quality,NEW,2026-09-28 06:41:04,
3914,3914,data_quality,NEW,2026-09-28 06:41:04,
3915,3915,data_quality,NEW,2026-09-28 06:41:04,
3916,3916,data_quality,NEW,2026-09-28 06:41:04,
3917,3917,data_quality,NEW,2026-09-28 06:41:04,
3918,3918,data_quality,NEW,2026-09-28 06:41:04,
3919,3919,data_quality,NEW,2026-09-28 06:41:04,
3920,3920,data_quality,NEW,2026-09-28 06:41:04,
3921,3921,data_quality,NEW,2026-09-28 06:41:04,
3922,3922,data_quality,NEW,2026-09-28 06:41:04,
3923,3923,data_quality,NEW,2026-09-28 06:41:04,
3924,3924,data_quality,NEW,2026-09-28 06:41:04,
3925,3925,data_quality,NEW,2026-09-28 06:41:04,
3926,3926,data_quality,NEW,2026-09-28 06:41:04,
3927,3927,data_quality,NEW,2026-09-28 06:41:04,
3928,3928,data_quality,NEW,2026-09-28 06:41:04,
3929,3929,data_quality,NEW,2026-09-28 06:41:04,
3930,3930,data_quality,NEW,2026-09-28 06:41:04,
3931,3931,data_quality,NEW,2026-09-28 06:41:04,
3932,3932,data_quality,NEW,2026-09-28 06:41:04,
3933,3933,data_quality,NEW,2026-09-28 06:41:04,
3934,3934,data_quality,NEW,2026-09-28 06:41:04,
3935,3935,data_quality,NEW,2026-09-28 06:41:04,
3936,3936,data_quality,NEW,2026-09-28 06:41:04,
3937,3937,data_quality,NEW,2026-09-28 06:41:04,
3938,3938,data_quality,NEW,2026-09-28 06:41:04,
3939,3939,data_quality,NEW,2026-09-28 06:41:04,
3940,3940,data_quality,NEW,2026-09-28 06:41:04,
3941,3941,data_quality,NEW,2026-09-28 06:41:04,
3942,3942,data_quality,NEW,2026-09-28 06:41:04,
3943,3943,data_quality,NEW,2026-09-28 06:41:04,
3944,3944,data_quality,NEW,2026-09-28 06:41:04,
3945,3945,data_quality,NEW,2026-09-28 06:41:04,
3946,3946,data_quality,NEW,2026-09-28 06:41:04,
3947,3947,data_quality,NEW,2026-09-28 06:41:04,
3948,3948,data_quality,NEW,2026-09-28 06:41:04,
3949,3949,data_quality,NEW,2026-09-28 06:41:04,
3950,3950,data_quality,NEW,2026-09-28 06:41:04,
3951,3951,data_quality,NEW,2026-09-28 06:41:04,
3952,3952,data_quality,NEW,2026-09-28 06:41:04,
3953,3953,data_quality,NEW,2026-09-28 06:41:04,
3954,3954,data_quality,NEW,2026-09-28 06:41:04,
3955,3955,data_quality,NEW,2026-09-28 06:41:04,
3956,3956,data_quality,NEW,2026-09-28 06:41:04,
3957,3957,data_quality,NEW,2026-09-28 06:41:04,
3958,3958,data_quality,NEW,2026-09-28 06:41:04,
3959,3959,data_quality,NEW,2026-09-28 06:41:04,
3960,3960,data_quality,NEW,2026-09-28 06:41:04,
3961,3961,data_quality,NEW,2026-09-28 06:41:04,
3962,3962,data_quality,NEW,2026-09-28 06:41:04,
3963,3963,data_quality,NEW,2026-09-28 06:41:04,
3964,3964,data_quality,NEW,2026-09-28 06:41:04,
3965,3965,data_quality,NEW,2026-09-28 06:41:04,
3966,3966,data_quality,NEW,2026-09-28 06:41:04,
3967,3967,data_quality,NEW,2026-09-28 06:41:04,
3968,3968,data_quality,NEW,2026-09-28 06:41:04,
3969,3969,data_quality,NEW,2026-09-28 06:41:04,
3970,3970,data_quality,NEW,2026-09-28 06:41:04,
3971,3971,data_quality,NEW,2026-09-28 06:41:04,
3972,3972,data_quality,NEW,2026-09-28 06:41:04,
3973,3973,data_quality,NEW,2026-09-28 06:41:04,
3974,3974,data_quality,NEW,2026-09-28 06:41:04,
3975,3975,data_quality,NEW,2026-09-28 06:41:04,
3976,3976,data_quality,NEW,2026-09-28 06:41:04,
3977,3977,data_quality,NEW,2026-09-28 06:41:04,
3978,3978,data_quality,NEW,2026-09-28 06:41:04,
3979,3979,data_quality,NEW,2026-09-28 06:41:04,
3980,3980,data_quality,NEW,2026-09-28 06:41:04,
3981,3981,data_quality,NEW,2026-09-28 06:41:04,
3982,3982,data_quality,NEW,2026-09-28 06:41:04,
3983,3983,data_quality,NEW,2026-09-28 06:41:04,
3984,3984,data_quality,NEW,2026-09-28 06:41:04,
3985,3985,data_quality,NEW,2026-09-28 06:41:04,
3986,3986,data_quality,NEW,2026-09-28 06:41:04,
3987,3987,data_quality,NEW,2026-09-28 06:41:04,
3988,3988,data_quality,NEW,2026-09-28 06:41:04,
3989,3989,data_quality,NEW,2026-09-28 06:41:04,
3990,3990,data_quality,NEW,2026-09-28 06:41:04,
3991,3991,data_quality,NEW,2026-09-28 06:41:04,
3992,3992,data_quality,NEW,2026-09-28 06:41:04,
3993,3993,data_quality,NEW,2026-09-28 06:41:04,
3994,3994,data_quality,NEW,2026-09-28 06:41:04,
3995,3995,data_quality,NEW,2026-09-28 06:41:04,
3996,3996,data_quality,NEW,2026-09-28 06:41:04,
3997,3997,data_quality,NEW,2026-09-28 06:41:04,
3998,3998,data_quality,NEW,2026-09-28 06:41:04,
3999,3999,data_quality,NEW,2026-09-28 06:41:04,
4000,4000,data_quality,NEW,2026-09-28 06:41:04,
4001,4001,data_quality,NEW,2026-09-28 06:41:04,
4002,4002,data_quality,NEW,2026-09-28 06:41:04,
4003,4003,data_quality,NEW,2026-09-28 06:41:04,
4004,4004,data_quality,NEW,2026-09-28 06:41:04,
4005,4005,data_quality,NEW,2026-09-28 06:41:04,
4006,4006,data_quality,NEW,2026-09-28 06:41:04,
4007,4007,data_quality,NEW,2026-09-28 06:41:04,
4008,4008,data_quality,NEW,2026-09-28 06:41:04,
4009,4009,data_quality,NEW,2026-09-28 06:41:04,
4010,4010,data_quality,NEW,2026-09-28 06:41:04,
4011,4011,data_quality,NEW,2026-09-28 06:41:04,
4012,4012,data_quality,NEW,2026-09-28 06:41:04,
4013,4013,data_quality,NEW,2026-09-28 06:41:04,
4014,4014,data_quality,NEW,2026-09-28 06:41:04,
4015,4015,data_quality,NEW,2026-09-28 06:41:04,
4016,4016,data_quality,NEW,2026-09-28 06:41:04,
4017,4017,data_quality,NEW,2026-09-28 06:41:04,
4018,4018,data_quality,NEW,2026-09-28 06:41:04,
4019,4019,data_quality,NEW,2026-09-28 06:41:04,
4020,4020,data_quality,NEW,2026-09-28 06:41:04,
4021,4021,data_quality,NEW,2026-09-28 06:41:04,
4022,4022,data_quality,NEW,2026-09-28 06:41:04,
4023,4023,data_quality,NEW,2026-09-28 06:41:04,
4024,4024,data_quality,NEW,2026-09-28 06:41:04,
4025,4025,data_quality,NEW,2026-09-28 06:41:04,
4026,4026,data_quality,NEW,2026-09-28 06:41:04,
4027,4027,data_quality,NEW,2026-09-28 06:41:04,
4028,4028,data_quality,NEW,2026-09-28 06:41:04,
4029,4029,data_quality,NEW,2026-09-28 06:41:04,
4030,4030,data_quality,NEW,2026-09-28 06:41:04,
4031,4031,data_quality,NEW,2026-09-28 06:41:04,
4032,4032,data_quality,NEW,2026-09-28 06:41:04,
4033,4033,data_quality,NEW,2026-09-28 06:41:04,
4034,4034,data_quality,NEW,2026-09-28 06:41:04,
4035,4035,data_quality,NEW,2026-09-28 06:41:04,
4036,4036,data_quality,NEW,2026-09-28 06:41:04,
4037,4037,data_quality,NEW,2026-09-28 06:41:04,
4038,4038,data_quality,NEW,2026-09-28 06:41:04,
4039,4039,data_quality,NEW,2026-09-28 06:41:04,
4040,4040,data_quality,NEW,2026-09-28 06:41:04,
4041,4041,data_quality,NEW,2026-09-28 06:41:04,
4042,4042,data_quality,NEW,2026-09-28 06:41:04,
4043,4043,data_quality,NEW,2026-09-28 06:41:04,
4044,4044,data_quality,NEW,2026-09-28 06:41:04,
4045,4045,data_quality,NEW,2026-09-28 06:41:04,
4046,4046,data_quality,NEW,2026-09-28 06:41:04,
4047,4047,data_quality,NEW,2026-09-28 06:41:04,
4048,4048,data_quality,NEW,2026-09-28 06:41:04,
4049,4049,data_quality,NEW,2026-09-28 06:41:04,
4050,4050,data_quality,NEW,2026-09-28 06:41:04,
4051,4051,data_quality,NEW,2026-09-28 06:41:04,
4052,4052,data_quality,NEW,2026-09-28 06:41:04,
4053,4053,data_quality,NEW,2026-09-28 06:41:04,
4054,4054,data_quality,NEW,2026-09-28 06:41:04,
4055,4055,data_quality,NEW,2026-09-28 06:41:04,
4056,4056,data_quality,NEW,2026-09-28 06:41:04,
4057,4057,data_quality,NEW,2026-09-28 06:41:04,
4058,4058,data_quality,NEW,2026-09-28 06:41:04,
4059,4059,data_quality,NEW,2026-09-28 06:41:04,
4060,4060,data_quality,NEW,2026-09-28 06:41:04,
4061,4061,data_quality,NEW,2026-09-28 06:41:04,
4062,4062,data_quality,NEW,2026-09-28 06:41:04,
4063,4063,data_quality,NEW,2026-09-28 06:41:04,
4064,4064,data_quality,NEW,2026-09-28 06:41:04,
4065,4065,data_quality,NEW,2026-09-28 06:41:04,
4066,4066,data_quality,NEW,2026-09-28 06:41:04,
4067,4067,data_quality,NEW,2026-09-28 06:41:04,
4068,4068,data_quality,NEW,2026-09-28 06:41:04,
4069,4069,data_quality,NEW,2026-09-28 06:41:04,
4070,4070,data_quality,NEW,2026-09-28 06:41:04,
4071,4071,data_quality,NEW,2026-09-28 06:41:04,
4072,4072,data_quality,NEW,2026-09-28 06:41:04,
4073,4073,data_quality,NEW,2026-09-28 06:41:04,
4074,4074,data_quality,NEW,2026-09-28 06:41:04,
4075,4075,data_quality,NEW,2026-09-28 06:41:04,
4076,4076,data_quality,NEW,2026-09-28 06:41:04,
4077,4077,data_quality,NEW,2026-09-28 06:41:04,
4078,4078,data_quality,NEW,2026-09-28 06:41:04,
4079,4079,data_quality,NEW,2026-09-28 06:41:04,
4080,4080,data_quality,NEW,2026-09-28 06:41:04,
4081,4081,data_quality,NEW,2026-09-28 06:41:04,
4082,4082,data_quality,NEW,2026-09-28 06:41:04,
4083,4083,data_quality,NEW,2026-09-28 06:41:04,
4084,4084,data_quality,NEW,2026-09-28 06:41:04,
4085,4085,data_quality,NEW,2026-09-28 06:41:04,
4086,4086,data_quality,NEW,2026-09-28 06:41:04,
4087,4087,data_quality,NEW,2026-09-28 06:41:04,
4088,4088,data_quality,NEW,2026-09-28 06:41:04,
4089,4089,data_quality,NEW,2026-09-28 06:41:04,
4090,4090,data_quality,NEW,2026-09-28 06:41:04,
4091,4091,data_quality,NEW,2026-09-28 06:41:04,
4092,4092,data_quality,NEW,2026-09-28 06:41:04,
4093,4093,data_quality,NEW,2026-09-28 06:41:04,
4094,4094,data_quality,NEW,2026-09-28 06:41:04,
4095,4095,data_quality,NEW,2026-09-28 06:41:04,
4096,4096,data_quality,NEW,2026-09-28 06:41:04,
4097,4097,data_quality,NEW,2026-09-28 06:41:04,
4098,4098,data_quality,NEW,2026-09-28 06:41:04,
4099,4099,data_quality,NEW,2026-09-28 06:41:04,
4100,4100,data_quality,NEW,2026-09-28 06:41:04,
4101,4101,data_quality,NEW,2026-09-28 06:41:04,
4102,4102,data_quality,NEW,2026-09-28 06:41:04,
4103,4103,data_quality,NEW,2026-09-28 06:41:04,
4104,4104,data_quality,NEW,2026-09-28 06:41:04,
4105,4105,data_quality,NEW,2026-09-28 06:41:04,
4106,4106,data_quality,NEW,2026-09-28 06:41:04,
4107,4107,data_quality,NEW,2026-09-28 06:41:04,
4108,4108,data_quality,NEW,2026-09-28 06:41:04,
4109,4109,data_quality,NEW,2026-09-28 06:41:04,
4110,4110,data_quality,NEW,2026-09-28 06:41:04,
4111,4111,data_quality,NEW,2026-09-28 06:41:04,
4112,4112,data_quality,NEW,2026-09-28 06:41:04,
4113,4113,data_quality,NEW,2026-09-28 06:41:04,
4114,4114,data_quality,NEW,2026-09-28 06:41:04,
4115,4115,data_quality,NEW,2026-09-28 06:41:04,
4116,4116,data_quality,NEW,2026-09-28 06:41:04,
4117,4117,data_quality,NEW,2026-09-28 06:41:04,
4118,4118,data_quality,NEW,2026-09-28 06:41:04,
4119,4119,data_quality,NEW,2026-09-28 06:41:04,
4120,4120,data_quality,NEW,2026-09-28 06:41:04,
4121,4121,data_quality,NEW,2026-09-28 06:41:04,
4122,4122,data_quality,NEW,2026-09-28 06:41:04,
4123,4123,data_quality,NEW,2026-09-28 06:41:04,
4124,4124,data_quality,NEW,2026-09-28 06:41:04,
4125,4125,data_quality,NEW,2026-09-28 06:41:04,
4126,4126,data_quality,NEW,2026-09-28 06:41:04,
4127,4127,data_quality,NEW,2026-09-28 06:41:04,
4128,4128,data_quality,NEW,2026-09-28 06:41:04,
4129,4129,data_quality,NEW,2026-09-28 06:41:04,
4130,4130,data_quality,NEW,2026-09-28 06:41:04,
4131,4131,data_quality,NEW,2026-09-28 06:41:04,
4132,4132,data_quality,NEW,2026-09-28 06:41:04,
4133,4133,data_quality,NEW,2026-09-28 06:41:04,
4134,4134,data_quality,NEW,2026-09-28 06:41:04,
4135,4135,data_quality,NEW,2026-09-28 06:41:04,
4136,4136,data_quality,NEW,2026-09-28 06:41:04,
4137,4137,data_quality,NEW,2026-09-28 06:41:04,
4138,4138,data_quality,NEW,2026-09-28 06:41:04,
4139,4139,data_quality,NEW,2026-09-28 06:41:04,
4140,4140,data_quality,NEW,2026-09-28 06:41:04,
4141,4141,data_quality,NEW,2026-09-28 06:41:04,
4142,4142,data_quality,NEW,2026-09-28 06:41:04,
4143,4143,data_quality,NEW,2026-09-28 06:41:04,
4144,4144,data_quality,NEW,2026-09-28 06:41:04,
4145,4145,data_quality,NEW,2026-09-28 06:41:04,
4146,4146,data_quality,NEW,2026-09-28 06:41:04,
4147,4147,data_quality,NEW,2026-09-28 06:41:04,
4148,4148,data_quality,NEW,2026-09-28 06:41:04,
4149,4149,data_quality,NEW,2026-09-28 06:41:04,
4150,4150,data_quality,NEW,2026-09-28 06:41:04,
4151,4151,data_quality,NEW,2026-09-28 06:41:04,
4152,4152,data_quality,NEW,2026-09-28 06:41:04,
4153,4153,data_quality,NEW,2026-09-28 06:41:04,
4154,4154,data_quality,NEW,2026-09-28 06:41:04,
4155,4155,data_quality,NEW,2026-09-28 06:41:04,
4156,4156,data_quality,NEW,2026-09-28 06:41:04,
4157,4157,data_quality,NEW,2026-09-28 06:41:04,
4158,4158,data_quality,NEW,2026-09-28 06:41:04,
4159,4159,data_quality,NEW,2026-09-28 06:41:04,
4160,4160,data_quality,NEW,2026-09-28 06:41:04,
4161,4161,data_quality,NEW,2026-09-28 06:41:04,
4162,4162,data_quality,NEW,2026-09-28 06:41:04,
4163,4163,data_quality,NEW,2026-09-28 06:41:04,
4164,4164,data_quality,NEW,2026-09-28 06:41:04,
4165,4165,data_quality,NEW,2026-09-28 06:41:04,
4166,4166,data_quality,NEW,2026-09-28 06:41:04,
4167,4167,data_quality,NEW,2026-09-28 06:41:04,
4168,4168,data_quality,NEW,2026-09-28 06:41:04,
4169,4169,data_quality,NEW,2026-09-28 06:41:04,
4170,4170,data_quality,NEW,2026-09-28 06:41:04,
4171,4171,data_quality,NEW,2026-09-28 06:41:04,
4172,4172,data_quality,NEW,2026-09-28 06:41:04,
4173,4173,data_quality,NEW,2026-09-28 06:41:04,
4174,4174,data_quality,NEW,2026-09-28 06:41:04,
4175,4175,data_quality,NEW,2026-09-28 06:41:04,
4176,4176,data_quality,NEW,2026-09-28 06:41:04,
4177,4177,data_quality,NEW,2026-09-28 06:41:04,
4178,4178,data_quality,NEW,2026-09-28 06:41:04,
4179,4179,data_quality,NEW,2026-09-28 06:41:04,
4180,4180,data_quality,NEW,2026-09-28 06:41:04,
4181,4181,data_quality,NEW,2026-09-28 06:41:04,
4182,4182,data_quality,NEW,2026-09-28 06:41:04,
4183,4183,data_quality,NEW,2026-09-28 06:41:04,
4184,4184,data_quality,NEW,2026-09-28 06:41:04,
4185,4185,data_quality,NEW,2026-09-28 06:41:04,
4186,4186,data_quality,NEW,2026-09-28 06:41:04,
4187,4187,data_quality,NEW,2026-09-28 06:41:04,
4188,4188,data_quality,NEW,2026-09-28 06:41:04,
4189,4189,data_quality,NEW,2026-09-28 06:41:04,
4190,4190,data_quality,NEW,2026-09-28 06:41:04,
4191,4191,data_quality,NEW,2026-09-28 06:41:04,
4192,4192,data_quality,NEW,2026-09-28 06:41:04,
4193,4193,data_quality,NEW,2026-09-28 06:41:04,
4194,4194,data_quality,NEW,2026-09-28 06:41:04,
4195,4195,data_quality,NEW,2026-09-28 06:41:04,
4196,4196,data_quality,NEW,2026-09-28 06:41:04,
4197,4197,data_quality,NEW,2026-09-28 06:41:04,
4198,4198,data_quality,NEW,2026-09-28 06:41:04,
4199,4199,data_quality,NEW,2026-09-28 06:41:04,
4200,4200,data_quality,NEW,2026-09-28 06:41:04,
4201,4201,data_quality,NEW,2026-09-28 06:41:04,
4202,4202,data_quality,NEW,2026-09-28 06:41:04,
4203,4203,data_quality,NEW,2026-09-28 06:41:04,
4204,4204,data_quality,NEW,2026-09-28 06:41:04,
4205,4205,data_quality,NEW,2026-09-28 06:41:04,
4206,4206,data_quality,NEW,2026-09-28 06:41:04,
4207,4207,data_quality,NEW,2026-09-28 06:41:04,
4208,4208,data_quality,NEW,2026-09-28 06:41:04,
4209,4209,data_quality,NEW,2026-09-28 06:41:04,
4210,4210,data_quality,NEW,2026-09-28 06:41:04,
4211,4211,data_quality,NEW,2026-09-28 06:41:04,
4212,4212,data_quality,NEW,2026-09-28 06:41:04,
4213,4213,data_quality,NEW,2026-09-28 06:41:04,
4214,4214,data_quality,NEW,2026-09-28 06:41:04,
4215,4215,data_quality,NEW,2026-09-28 06:41:04,
4216,4216,data_quality,NEW,2026-09-28 06:41:04,
4217,4217,data_quality,NEW,2026-09-28 06:41:04,
4218,4218,data_quality,NEW,2026-09-28 06:41:04,
4219,4219,data_quality,NEW,2026-09-28 06:41:04,
4220,4220,data_quality,NEW,2026-09-28 06:41:04,
4221,4221,data_quality,NEW,2026-09-28 06:41:04,
4222,4222,data_quality,NEW,2026-09-28 06:41:04,
4223,4223,data_quality,NEW,2026-09-28 06:41:04,
4224,4224,data_quality,NEW,2026-09-28 06:41:04,
4225,4225,data_quality,NEW,2026-09-28 06:41:04,
4226,4226,data_quality,NEW,2026-09-28 06:41:04,
4227,4227,data_quality,NEW,2026-09-28 06:41:04,
4228,4228,data_quality,NEW,2026-09-28 06:41:04,
4229,4229,data_quality,NEW,2026-09-28 06:41:04,
4230,4230,data_quality,NEW,2026-09-28 06:41:04,
4231,4231,data_quality,NEW,2026-09-28 06:41:04,
4232,4232,data_quality,NEW,2026-09-28 06:41:04,
4233,4233,data_quality,NEW,2026-09-28 06:41:04,
4234,4234,data_quality,NEW,2026-09-28 06:41:04,
4235,4235,data_quality,NEW,2026-09-28 06:41:04,
4236,4236,data_quality,NEW,2026-09-28 06:41:04,
4237,4237,data_quality,NEW,2026-09-28 06:41:04,
4238,4238,data_quality,NEW,2026-09-28 06:41:04,
4239,4239,data_quality,NEW,2026-09-28 06:41:04,
4240,4240,data_quality,NEW,2026-09-28 06:41:04,
4241,4241,data_quality,NEW,2026-09-28 06:41:04,
4242,4242,data_quality,NEW,2026-09-28 06:41:04,
4243,4243,data_quality,NEW,2026-09-28 06:41:04,
4244,4244,data_quality,NEW,2026-09-28 06:41:04,
4245,4245,data_quality,NEW,2026-09-28 06:41:04,
4246,4246,data_quality,NEW,2026-09-28 06:41:04,
4247,4247,data_quality,NEW,2026-09-28 06:41:04,
4248,4248,data_quality,NEW,2026-09-28 06:41:04,
4249,4249,data_quality,NEW,2026-09-28 06:41:04,
4250,4250,data_quality,NEW,2026-09-28 06:41:04,
4251,4251,data_quality,NEW,2026-09-28 06:41:04,
4252,4252,data_quality,NEW,2026-09-28 06:41:04,
4253,4253,data_quality,NEW,2026-09-28 06:41:04,
4254,4254,data_quality,NEW,2026-09-28 06:41:04,
4255,4255,data_quality,NEW,2026-09-28 06:41:04,
4256,4256,data_quality,NEW,2026-09-28 06:41:04,
4257,4257,data_quality,NEW,2026-09-28 06:41:04,
4258,4258,data_quality,NEW,2026-09-28 06:41:04,
4259,4259,data_quality,NEW,2026-09-28 06:41:04,
4260,4260,data_quality,NEW,2026-09-28 06:41:04,
4261,4261,data_quality,NEW,2026-09-28 06:41:04,
4262,4262,data_quality,NEW,2026-09-28 06:41:04,
4263,4263,data_quality,NEW,2026-09-28 06:41:04,
4264,4264,data_quality,NEW,2026-09-28 06:41:04,
4265,4265,data_quality,NEW,2026-09-28 06:41:04,
4266,4266,data_quality,NEW,2026-09-28 06:41:04,
4267,4267,data_quality,NEW,2026-09-28 06:41:04,
4268,4268,data_quality,NEW,2026-09-28 06:41:04,
4269,4269,data_quality,NEW,2026-09-28 06:41:04,
4270,4270,data_quality,NEW,2026-09-28 06:41:04,
4271,4271,data_quality,NEW,2026-09-28 06:41:04,
4272,4272,data_quality,NEW,2026-09-28 06:41:04,
4273,4273,data_quality,NEW,2026-09-28 06:41:04,
4274,4274,data_quality,NEW,2026-09-28 06:41:04,
4275,4275,data_quality,NEW,2026-09-28 06:41:04,
4276,4276,data_quality,NEW,2026-09-28 06:41:04,
4277,4277,data_quality,NEW,2026-09-28 06:41:04,
4278,4278,data_quality,NEW,2026-09-28 06:41:04,
4279,4279,data_quality,NEW,2026-09-28 06:41:04,
4280,4280,data_quality,NEW,2026-09-28 06:41:04,
4281,4281,data_quality,NEW,2026-09-28 06:41:04,
4282,4282,data_quality,NEW,2026-09-28 06:41:04,
4283,4283,data_quality,NEW,2026-09-28 06:41:04,
4284,4284,data_quality,NEW,2026-09-28 06:41:04,
4285,4285,data_quality,NEW,2026-09-28 06:41:04,
4286,4286,data_quality,NEW,2026-09-28 06:41:04,
4287,4287,data_quality,NEW,2026-09-28 06:41:04,
4288,4288,data_quality,NEW,2026-09-28 06:41:04,
4289,4289,data_quality,NEW,2026-09-28 06:41:04,
4290,4290,data_quality,NEW,2026-09-28 06:41:04,
4291,4291,data_quality,NEW,2026-09-28 06:41:04,
4292,4292,data_quality,NEW,2026-09-28 06:41:04,
4293,4293,data_quality,NEW,2026-09-28 06:41:04,
4294,4294,data_quality,NEW,2026-09-28 06:41:04,
4295,4295,data_quality,NEW,2026-09-28 06:41:04,
4296,4296,data_quality,NEW,2026-09-28 06:41:04,
4297,4297,data_quality,NEW,2026-09-28 06:41:04,
4298,4298,data_quality,NEW,2026-09-28 06:41:04,
4299,4299,data_quality,NEW,2026-09-28 06:41:04,
4300,4300,data_quality,NEW,2026-09-28 06:41:04,
4301,4301,data_quality,NEW,2026-09-28 06:41:04,
4302,4302,data_quality,NEW,2026-09-28 06:41:04,
4303,4303,data_quality,NEW,2026-09-28 06:41:04,
4304,4304,data_quality,NEW,2026-09-28 06:41:04,
4305,4305,data_quality,NEW,2026-09-28 06:41:04,
4306,4306,data_quality,NEW,2026-09-28 06:41:04,
4307,4307,data_quality,NEW,2026-09-28 06:41:04,
4308,4308,data_quality,NEW,2026-09-28 06:41:04,
4309,4309,data_quality,NEW,2026-09-28 06:41:04,
4310,4310,data_quality,NEW,2026-09-28 06:41:04,
4311,4311,data_quality,NEW,2026-09-28 06:41:04,
4312,4312,data_quality,NEW,2026-09-28 06:41:04,
4313,4313,data_quality,NEW,2026-09-28 06:41:04,
4314,4314,data_quality,NEW,2026-09-28 06:41:04,
4315,4315,data_quality,NEW,2026-09-28 06:41:04,
4316,4316,data_quality,NEW,2026-09-28 06:41:04,
4317,4317,data_quality,NEW,2026-09-28 06:41:04,
4318,4318,data_quality,NEW,2026-09-28 06:41:04,
4319,4319,data_quality,NEW,2026-09-28 06:41:04,
4320,4320,data_quality,NEW,2026-09-28 06:41:04,
4321,4321,data_quality,NEW,2026-09-28 06:41:04,
4322,4322,data_quality,NEW,2026-09-28 06:41:04,
4323,4323,data_quality,NEW,2026-09-28 06:41:04,
4324,4324,data_quality,NEW,2026-09-28 06:41:04,
4325,4325,data_quality,NEW,2026-09-28 06:41:04,
4326,4326,data_quality,NEW,2026-09-28 06:41:04,
4327,4327,data_quality,NEW,2026-09-28 06:41:04,
4328,4328,data_quality,NEW,2026-09-28 06:41:04,
4329,4329,data_quality,NEW,2026-09-28 06:41:04,
4330,4330,data_quality,NEW,2026-09-28 06:41:04,
4331,4331,data_quality,NEW,2026-09-28 06:41:04,
4332,4332,data_quality,NEW,2026-09-28 06:41:04,
4333,4333,data_quality,NEW,2026-09-28 06:41:04,
4334,4334,data_quality,NEW,2026-09-28 06:41:04,
4335,4335,data_quality,NEW,2026-09-28 06:41:04,
4336,4336,data_quality,NEW,2026-09-28 06:41:04,
4337,4337,data_quality,NEW,2026-09-28 06:41:04,
4338,4338,data_quality,NEW,2026-09-28 06:41:04,
4339,4339,data_quality,NEW,2026-09-28 06:41:04,
4340,4340,data_quality,NEW,2026-09-28 06:41:04,
4341,4341,data_quality,NEW,2026-09-28 06:41:04,
4342,4342,data_quality,NEW,2026-09-28 06:41:04,
4343,4343,data_quality,NEW,2026-09-28 06:41:04,
4344,4344,data_quality,NEW,2026-09-28 06:41:04,
4345,4345,data_quality,NEW,2026-09-28 06:41:04,
4346,4346,data_quality,NEW,2026-09-28 06:41:04,
4347,4347,data_quality,NEW,2026-09-28 06:41:04,
4348,4348,data_quality,NEW,2026-09-28 06:41:04,
4349,4349,data_quality,NEW,2026-09-28 06:41:04,
4350,4350,data_quality,NEW,2026-09-28 06:41:04,
4351,4351,data_quality,NEW,2026-09-28 06:41:04,
4352,4352,data_quality,NEW,2026-09-28 06:41:04,
4353,4353,data_quality,NEW,2026-09-28 06:41:04,
4354,4354,data_quality,NEW,2026-09-28 06:41:04,
4355,4355,data_quality,NEW,2026-09-28 06:41:04,
4356,4356,data_quality,NEW,2026-09-28 06:41:04,
4357,4357,data_quality,NEW,2026-09-28 06:41:04,
4358,4358,data_quality,NEW,2026-09-28 06:41:04,
4359,4359,data_quality,NEW,2026-09-28 06:41:04,
4360,4360,data_quality,NEW,2026-09-28 06:41:04,
4361,4361,data_quality,NEW,2026-09-28 06:41:04,
4362,4362,data_quality,NEW,2026-09-28 06:41:04,
4363,4363,data_quality,NEW,2026-09-28 06:41:04,
4364,4364,data_quality,NEW,2026-09-28 06:41:04,
4365,4365,data_quality,NEW,2026-09-28 06:41:04,
4366,4366,data_quality,NEW,2026-09-28 06:41:04,
4367,4367,data_quality,NEW,2026-09-28 06:41:04,
4368,4368,data_quality,NEW,2026-09-28 06:41:04,
4369,4369,data_quality,NEW,2026-09-28 06:41:04,
4370,4370,data_quality,NEW,2026-09-28 06:41:04,
4371,4371,data_quality,NEW,2026-09-28 06:41:04,
4372,4372,data_quality,NEW,2026-09-28 06:41:04,
4373,4373,data_quality,NEW,2026-09-28 06:41:04,
4374,4374,data_quality,NEW,2026-09-28 06:41:04,
4375,4375,data_quality,NEW,2026-09-28 06:41:04,
4376,4376,data_quality,NEW,2026-09-28 06:41:04,
4377,4377,data_quality,NEW,2026-09-28 06:41:04,
4378,4378,data_quality,NEW,2026-09-28 06:41:04,
4379,4379,data_quality,NEW,2026-09-28 06:41:04,
4380,4380,data_quality,NEW,2026-09-28 06:41:04,
4381,4381,data_quality,NEW,2026-09-28 06:41:04,
4382,4382,data_quality,NEW,2026-09-28 06:41:04,
4383,4383,data_quality,NEW,2026-09-28 06:41:04,
4384,4384,data_quality,NEW,2026-09-28 06:41:04,
4385,4385,data_quality,NEW,2026-09-28 06:41:04,
4386,4386,data_quality,NEW,2026-09-28 06:41:04,
4387,4387,data_quality,NEW,2026-09-28 06:41:04,
4388,4388,data_quality,NEW,2026-09-28 06:41:04,
4389,4389,data_quality,NEW,2026-09-28 06:41:04,
4390,4390,data_quality,NEW,2026-09-28 06:41:04,
4391,4391,data_quality,NEW,2026-09-28 06:41:04,
4392,4392,data_quality,NEW,2026-09-28 06:41:04,
4393,4393,data_quality,NEW,2026-09-28 06:41:04,
4394,4394,data_quality,NEW,2026-09-28 06:41:04,
4395,4395,data_quality,NEW,2026-09-28 06:41:04,
4396,4396,data_quality,NEW,2026-09-28 06:41:04,
4397,4397,data_quality,NEW,2026-09-28 06:41:04,
4398,4398,data_quality,NEW,2026-09-28 06:41:04,
4399,4399,data_quality,NEW,2026-09-28 06:41:04,
4400,4400,data_quality,NEW,2026-09-28 06:41:04,
4401,4401,data_quality,NEW,2026-09-28 06:41:04,
4402,4402,data_quality,NEW,2026-09-28 06:41:04,
4403,4403,data_quality,NEW,2026-09-28 06:41:04,
4404,4404,data_quality,NEW,2026-09-28 06:41:04,
4405,4405,data_quality,NEW,2026-09-28 06:41:04,
4406,4406,data_quality,NEW,2026-09-28 06:41:04,
4407,4407,data_quality,NEW,2026-09-28 06:41:04,
4408,4408,data_quality,NEW,2026-09-28 06:41:04,
4409,4409,data_quality,NEW,2026-09-28 06:41:04,
4410,4410,data_quality,NEW,2026-09-28 06:41:04,
4411,4411,data_quality,NEW,2026-09-28 06:41:04,
4412,4412,data_quality,NEW,2026-09-28 06:41:04,
4413,4413,data_quality,NEW,2026-09-28 06:41:04,
4414,4414,data_quality,NEW,2026-09-28 06:41:04,
4415,4415,data_quality,NEW,2026-09-28 06:41:04,
4416,4416,data_quality,NEW,2026-09-28 06:41:04,
4417,4417,data_quality,NEW,2026-09-28 06:41:04,
4418,4418,data_quality,NEW,2026-09-28 06:41:04,
4419,4419,data_quality,NEW,2026-09-28 06:41:04,
4420,4420,data_quality,NEW,2026-09-28 06:41:04,
4421,4421,data_quality,NEW,2026-09-28 06:41:04,
4422,4422,data_quality,NEW,2026-09-28 06:41:04,
4423,4423,data_quality,NEW,2026-09-28 06:41:04,
4424,4424,data_quality,NEW,2026-09-28 06:41:04,
4425,4425,data_quality,NEW,2026-09-28 06:41:04,
4426,4426,data_quality,NEW,2026-09-28 06:41:04,
4427,4427,data_quality,NEW,2026-09-28 06:41:04,
4428,4428,data_quality,NEW,2026-09-28 06:41:04,
4429,4429,data_quality,NEW,2026-09-28 06:41:04,
4430,4430,data_quality,NEW,2026-09-28 06:41:04,
4431,4431,data_quality,NEW,2026-09-28 06:41:04,
4432,4432,data_quality,NEW,2026-09-28 06:41:04,
4433,4433,data_quality,NEW,2026-09-28 06:41:04,
4434,4434,data_quality,NEW,2026-09-28 06:41:04,
4435,4435,data_quality,NEW,2026-09-28 06:41:04,
4436,4436,data_quality,NEW,2026-09-28 06:41:04,
4437,4437,data_quality,NEW,2026-09-28 06:41:04,
4438,4438,data_quality,NEW,2026-09-28 06:41:04,
4439,4439,data_quality,NEW,2026-09-28 06:41:04,
4440,4440,data_quality,NEW,2026-09-28 06:41:04,
4441,4441,data_quality,NEW,2026-09-28 06:41:04,
4442,4442,data_quality,NEW,2026-09-28 06:41:04,
4443,4443,data_quality,NEW,2026-09-28 06:41:04,
4444,4444,data_quality,NEW,2026-09-28 06:41:04,
4445,4445,data_quality,NEW,2026-09-28 06:41:04,
4446,4446,data_quality,NEW,2026-09-28 06:41:04,
4447,4447,data_quality,NEW,2026-09-28 06:41:04,
4448,4448,data_quality,NEW,2026-09-28 06:41:04,
4449,4449,data_quality,NEW,2026-09-28 06:41:04,
4450,4450,data_quality,NEW,2026-09-28 06:41:04,
4451,4451,data_quality,NEW,2026-09-28 06:41:04,
4452,4452,data_quality,NEW,2026-09-28 06:41:04,
4453,4453,data_quality,NEW,2026-09-28 06:41:04,
4454,4454,data_quality,NEW,2026-09-28 06:41:04,
4455,4455,data_quality,NEW,2026-09-28 06:41:04,
4456,4456,data_quality,NEW,2026-09-28 06:41:04,
4457,4457,data_quality,NEW,2026-09-28 06:41:04,
4458,4458,data_quality,NEW,2026-09-28 06:41:04,
4459,4459,data_quality,NEW,2026-09-28 06:41:04,
4460,4460,data_quality,NEW,2026-09-28 06:41:04,
4461,4461,data_quality,NEW,2026-09-28 06:41:04,
4462,4462,data_quality,NEW,2026-09-28 06:41:04,
4463,4463,data_quality,NEW,2026-09-28 06:41:04,
4464,4464,data_quality,NEW,2026-09-28 06:41:04,
4465,4465,data_quality,NEW,2026-09-28 06:41:04,
4466,4466,data_quality,NEW,2026-09-28 06:41:04,
4467,4467,data_quality,NEW,2026-09-28 06:41:04,
4468,4468,data_quality,NEW,2026-09-28 06:41:04,
4469,4469,data_quality,NEW,2026-09-28 06:41:04,
4470,4470,data_quality,NEW,2026-09-28 06:41:04,
4471,4471,data_quality,NEW,2026-09-28 06:41:04,
4472,4472,data_quality,NEW,2026-09-28 06:41:04,
4473,4473,data_quality,NEW,2026-09-28 06:41:04,
4474,4474,data_quality,NEW,2026-09-28 06:41:04,
4475,4475,data_quality,NEW,2026-09-28 06:41:04,
4476,4476,data_quality,NEW,2026-09-28 06:41:04,
4477,4477,data_quality,NEW,2026-09-28 06:41:04,
4478,4478,data_quality,NEW,2026-09-28 06:41:04,
4479,4479,data_quality,NEW,2026-09-28 06:41:04,
4480,4480,data_quality,NEW,2026-09-28 06:41:04,
4481,4481,data_quality,NEW,2026-09-28 06:41:04,
4482,4482,data_quality,NEW,2026-09-28 06:41:04,
4483,4483,data_quality,NEW,2026-09-28 06:41:04,
4484,4484,data_quality,NEW,2026-09-28 06:41:04,
4485,4485,data_quality,NEW,2026-09-28 06:41:04,
4486,4486,data_quality,NEW,2026-09-28 06:41:04,
4487,4487,data_quality,NEW,2026-09-28 06:41:04,
4488,4488,data_quality,NEW,2026-09-28 06:41:04,
4489,4489,data_quality,NEW,2026-09-28 06:41:04,
4490,4490,data_quality,NEW,2026-09-28 06:41:04,
4491,4491,data_quality,NEW,2026-09-28 06:41:04,
4492,4492,data_quality,NEW,2026-09-28 06:41:04,
4493,4493,data_quality,NEW,2026-09-28 06:41:04,
4494,4494,data_quality,NEW,2026-09-28 06:41:04,
4495,4495,data_quality,NEW,2026-09-28 06:41:04,
4496,4496,data_quality,NEW,2026-09-28 06:41:04,
4497,4497,data_quality,NEW,2026-09-28 06:41:04,
4498,4498,data_quality,NEW,2026-09-28 06:41:04,
4499,4499,data_quality,NEW,2026-09-28 06:41:04,
4500,4500,data_quality,NEW,2026-09-28 06:41:04,
4501,4501,data_quality,NEW,2026-09-28 06:41:04,
4502,4502,data_quality,NEW,2026-09-28 06:41:04,
4503,4503,data_quality,NEW,2026-09-28 06:41:04,
4504,4504,data_quality,NEW,2026-09-28 06:41:04,
4505,4505,data_quality,NEW,2026-09-28 06:41:04,
4506,4506,data_quality,NEW,2026-09-28 06:41:04,
4507,4507,data_quality,NEW,2026-09-28 06:41:04,
4508,4508,data_quality,NEW,2026-09-28 06:41:04,
4509,4509,data_quality,NEW,2026-09-28 06:41:04,
4510,4510,data_quality,NEW,2026-09-28 06:41:04,
4511,4511,data_quality,NEW,2026-09-28 06:41:04,
4512,4512,data_quality,NEW,2026-09-28 06:41:04,
4513,4513,data_quality,NEW,2026-09-28 06:41:04,
4514,4514,data_quality,NEW,2026-09-28 06:41:04,
4515,4515,data_quality,NEW,2026-09-28 06:41:04,
4516,4516,data_quality,NEW,2026-09-28 06:41:04,
4517,4517,data_quality,NEW,2026-09-28 06:41:04,
4518,4518,data_quality,NEW,2026-09-28 06:41:04,
4519,4519,data_quality,NEW,2026-09-28 06:41:04,
4520,4520,data_quality,NEW,2026-09-28 06:41:04,
4521,4521,data_quality,NEW,2026-09-28 06:41:04,
4522,4522,data_quality,NEW,2026-09-28 06:41:04,
4523,4523,data_quality,NEW,2026-09-28 06:41:04,
4524,4524,data_quality,NEW,2026-09-28 06:41:04,
4525,4525,data_quality,NEW,2026-09-28 06:41:04,
4526,4526,data_quality,NEW,2026-09-28 06:41:04,
4527,4527,data_quality,NEW,2026-09-28 06:41:04,
4528,4528,data_quality,NEW,2026-09-28 06:41:04,
4529,4529,data_quality,NEW,2026-09-28 06:41:04,
4530,4530,data_quality,NEW,2026-09-28 06:41:04,
4531,4531,data_quality,NEW,2026-09-28 06:41:04,
4532,4532,data_quality,NEW,2026-09-28 06:41:04,
4533,4533,data_quality,NEW,2026-09-28 06:41:04,
4534,4534,data_quality,NEW,2026-09-28 06:41:04,
4535,4535,data_quality,NEW,2026-09-28 06:41:04,
4536,4536,data_quality,NEW,2026-09-28 06:41:04,
4537,4537,data_quality,NEW,2026-09-28 06:41:04,
4538,4538,data_quality,NEW,2026-09-28 06:41:04,
4539,4539,data_quality,NEW,2026-09-28 06:41:04,
4540,4540,data_quality,NEW,2026-09-28 06:41:04,
4541,4541,data_quality,NEW,2026-09-28 06:41:04,
4542,4542,data_quality,NEW,2026-09-28 06:41:04,
4543,4543,data_quality,NEW,2026-09-28 06:41:04,
4544,4544,data_quality,NEW,2026-09-28 06:41:04,
4545,4545,data_quality,NEW,2026-09-28 06:41:04,
4546,4546,data_quality,NEW,2026-09-28 06:41:04,
4547,4547,data_quality,NEW,2026-09-28 06:41:04,
4548,4548,data_quality,NEW,2026-09-28 06:41:04,
4549,4549,data_quality,NEW,2026-09-28 06:41:04,
4550,4550,data_quality,NEW,2026-09-28 06:41:04,
4551,4551,data_quality,NEW,2026-09-28 06:41:04,
4552,4552,data_quality,NEW,2026-09-28 06:41:04,
4553,4553,data_quality,NEW,2026-09-28 06:41:04,
4554,4554,data_quality,NEW,2026-09-28 06:41:04,
4555,4555,data_quality,NEW,2026-09-28 06:41:04,
4556,4556,data_quality,NEW,2026-09-28 06:41:04,
4557,4557,data_quality,NEW,2026-09-28 06:41:04,
4558,4558,data_quality,NEW,2026-09-28 06:41:04,
4559,4559,data_quality,NEW,2026-09-28 06:41:04,
4560,4560,data_quality,NEW,2026-09-28 06:41:04,
4561,4561,data_quality,NEW,2026-09-28 06:41:04,
4562,4562,data_quality,NEW,2026-09-28 06:41:04,
4563,4563,data_quality,NEW,2026-09-28 06:41:04,
4564,4564,data_quality,NEW,2026-09-28 06:41:04,
4565,4565,data_quality,NEW,2026-09-28 06:41:04,
4566,4566,data_quality,NEW,2026-09-28 06:41:04,
4567,4567,data_quality,NEW,2026-09-28 06:41:04,
4568,4568,data_quality,NEW,2026-09-28 06:41:04,
4569,4569,data_quality,NEW,2026-09-28 06:41:04,
4570,4570,data_quality,NEW,2026-09-28 06:41:04,
4571,4571,data_quality,NEW,2026-09-28 06:41:04,
4572,4572,data_quality,NEW,2026-09-28 06:41:04,
4573,4573,data_quality,NEW,2026-09-28 06:41:04,
4574,4574,data_quality,NEW,2026-09-28 06:41:04,
4575,4575,data_quality,NEW,2026-09-28 06:41:04,
4576,4576,data_quality,NEW,2026-09-28 06:41:04,
4577,4577,data_quality,NEW,2026-09-28 06:41:04,
4578,4578,data_quality,NEW,2026-09-28 06:41:04,
4579,4579,data_quality,NEW,2026-09-28 06:41:04,
4580,4580,data_quality,NEW,2026-09-28 06:41:04,
4581,4581,data_quality,NEW,2026-09-28 06:41:04,
4582,4582,data_quality,NEW,2026-09-28 06:41:04,
4583,4583,data_quality,NEW,2026-09-28 06:41:04,
4584,4584,data_quality,NEW,2026-09-28 06:41:04,
4585,4585,data_quality,NEW,2026-09-28 06:41:04,
4586,4586,data_quality,NEW,2026-09-28 06:41:04,
4587,4587,data_quality,NEW,2026-09-28 06:41:04,
4588,4588,data_quality,NEW,2026-09-28 06:41:04,
4589,4589,data_quality,NEW,2026-09-28 06:41:04,
4590,4590,data_quality,NEW,2026-09-28 06:41:04,
4591,4591,data_quality,NEW,2026-09-28 06:41:04,
4592,4592,data_quality,NEW,2026-09-28 06:41:04,
4593,4593,data_quality,NEW,2026-09-28 06:41:04,
4594,4594,data_quality,NEW,2026-09-28 06:41:04,
4595,4595,data_quality,NEW,2026-09-28 06:41:04,
4596,4596,data_quality,NEW,2026-09-28 06:41:04,
4597,4597,data_quality,NEW,2026-09-28 06:41:04,
4598,4598,data_quality,NEW,2026-09-28 06:41:04,
4599,4599,data_quality,NEW,2026-09-28 06:41:04,
4600,4600,data_quality,NEW,2026-09-28 06:41:04,
4601,4601,data_quality,NEW,2026-09-28 06:41:04,
4602,4602,data_quality,NEW,2026-09-28 06:41:04,
4603,4603,data_quality,NEW,2026-09-28 06:41:04,
4604,4604,data_quality,NEW,2026-09-28 06:41:04,
4605,4605,data_quality,NEW,2026-09-28 06:41:04,
4606,4606,data_quality,NEW,2026-09-28 06:41:04,
4607,4607,data_quality,NEW,2026-09-28 06:41:04,
4608,4608,data_quality,NEW,2026-09-28 06:41:04,
4609,4609,data_quality,NEW,2026-09-28 06:41:04,
4610,4610,data_quality,NEW,2026-09-28 06:41:04,
4611,4611,data_quality,NEW,2026-09-28 06:41:04,
4612,4612,data_quality,NEW,2026-09-28 06:41:04,
4613,4613,data_quality,NEW,2026-09-28 06:41:04,
4614,4614,data_quality,NEW,2026-09-28 06:41:04,
4615,4615,data_quality,NEW,2026-09-28 06:41:04,
4616,4616,data_quality,NEW,2026-09-28 06:41:04,
4617,4617,data_quality,NEW,2026-09-28 06:41:04,
4618,4618,data_quality,NEW,2026-09-28 06:41:04,
4619,4619,data_quality,NEW,2026-09-28 06:41:04,
4620,4620,data_quality,NEW,2026-09-28 06:41:04,
4621,4621,data_quality,NEW,2026-09-28 06:41:04,
4622,4622,data_quality,NEW,2026-09-28 06:41:04,
4623,4623,data_quality,NEW,2026-09-28 06:41:04,
4624,4624,data_quality,NEW,2026-09-28 06:41:04,
4625,4625,data_quality,NEW,2026-09-28 06:41:04,
4626,4626,data_quality,NEW,2026-09-28 06:41:04,
4627,4627,data_quality,NEW,2026-09-28 06:41:04,
4628,4628,data_quality,NEW,2026-09-28 06:41:04,
4629,4629,data_quality,NEW,2026-09-28 06:41:04,
4630,4630,data_quality,NEW,2026-09-28 06:41:04,
4631,4631,data_quality,NEW,2026-09-28 06:41:04,
4632,4632,data_quality,NEW,2026-09-28 06:41:04,
4633,4633,data_quality,NEW,2026-09-28 06:41:04,
4634,4634,data_quality,NEW,2026-09-28 06:41:04,
4635,4635,data_quality,NEW,2026-09-28 06:41:04,
4636,4636,data_quality,NEW,2026-09-28 06:41:04,
4637,4637,data_quality,NEW,2026-09-28 06:41:04,
4638,4638,data_quality,NEW,2026-09-28 06:41:04,
4639,4639,data_quality,NEW,2026-09-28 06:41:04,
4640,4640,data_quality,NEW,2026-09-28 06:41:04,
4641,4641,data_quality,NEW,2026-09-28 06:41:04,
4642,4642,data_quality,NEW,2026-09-28 06:41:04,
4643,4643,data_quality,NEW,2026-09-28 06:41:04,
4644,4644,data_quality,NEW,2026-09-28 06:41:04,
4645,4645,data_quality,NEW,2026-09-28 06:41:04,
4646,4646,data_quality,NEW,2026-09-28 06:41:04,
4647,4647,data_quality,NEW,2026-09-28 06:41:04,
4648,4648,data_quality,NEW,2026-09-28 06:41:04,
4649,4649,data_quality,NEW,2026-09-28 06:41:04,
4650,4650,data_quality,NEW,2026-09-28 06:41:04,
4651,4651,data_quality,NEW,2026-09-28 06:41:04,
4652,4652,data_quality,NEW,2026-09-28 06:41:04,
4653,4653,data_quality,NEW,2026-09-28 06:41:04,
4654,4654,data_quality,NEW,2026-09-28 06:41:04,
4655,4655,data_quality,NEW,2026-09-28 06:41:04,
4656,4656,data_quality,NEW,2026-09-28 06:41:04,
4657,4657,data_quality,NEW,2026-09-28 06:41:04,
4658,4658,data_quality,NEW,2026-09-28 06:41:04,
4659,4659,data_quality,NEW,2026-09-28 06:41:04,
4660,4660,data_quality,NEW,2026-09-28 06:41:04,
4661,4661,data_quality,NEW,2026-09-28 06:41:04,
4662,4662,data_quality,NEW,2026-09-28 06:41:04,
4663,4663,data_quality,NEW,2026-09-28 06:41:04,
4664,4664,data_quality,NEW,2026-09-28 06:41:04,
4665,4665,data_quality,NEW,2026-09-28 06:41:04,
4666,4666,data_quality,NEW,2026-09-28 06:41:04,
4667,4667,data_quality,NEW,2026-09-28 06:41:04,
4668,4668,data_quality,NEW,2026-09-28 06:41:04,
4669,4669,data_quality,NEW,2026-09-28 06:41:04,
4670,4670,data_quality,NEW,2026-09-28 06:41:04,
4671,4671,data_quality,NEW,2026-09-28 06:41:04,
4672,4672,data_quality,NEW,2026-09-28 06:41:04,
4673,4673,data_quality,NEW,2026-09-28 06:41:04,
4674,4674,data_quality,NEW,2026-09-28 06:41:04,
4675,4675,data_quality,NEW,2026-09-28 06:41:04,
4676,4676,data_quality,NEW,2026-09-28 06:41:04,
4677,4677,data_quality,NEW,2026-09-28 06:41:04,
4678,4678,data_quality,NEW,2026-09-28 06:41:04,
4679,4679,data_quality,NEW,2026-09-28 06:41:04,
4680,4680,data_quality,NEW,2026-09-28 06:41:04,
4681,4681,data_quality,NEW,2026-09-28 06:41:04,
4682,4682,data_quality,NEW,2026-09-28 06:41:04,
4683,4683,data_quality,NEW,2026-09-28 06:41:04,
4684,4684,data_quality,NEW,2026-09-28 06:41:04,
4685,4685,data_quality,NEW,2026-09-28 06:41:04,
4686,4686,data_quality,NEW,2026-09-28 06:41:04,
4687,4687,data_quality,NEW,2026-09-28 06:41:04,
4688,4688,data_quality,NEW,2026-09-28 06:41:04,
4689,4689,data_quality,NEW,2026-09-28 06:41:04,
4690,4690,data_quality,NEW,2026-09-28 06:41:04,
4691,4691,data_quality,NEW,2026-09-28 06:41:04,
4692,4692,data_quality,NEW,2026-09-28 06:41:04,
4693,4693,data_quality,NEW,2026-09-28 06:41:04,
4694,4694,data_quality,NEW,2026-09-28 06:41:04,
4695,4695,data_quality,NEW,2026-09-28 06:41:04,
4696,4696,data_quality,NEW,2026-09-28 06:41:04,
4697,4697,data_quality,NEW,2026-09-28 06:41:04,
4698,4698,data_quality,NEW,2026-09-28 06:41:04,
4699,4699,data_quality,NEW,2026-09-28 06:41:04,
4700,4700,data_quality,NEW,2026-09-28 06:41:04,
4701,4701,data_quality,NEW,2026-09-28 06:41:04,
4702,4702,data_quality,NEW,2026-09-28 06:41:04,
4703,4703,data_quality,NEW,2026-09-28 06:41:04,
4704,4704,data_quality,NEW,2026-09-28 06:41:04,
4705,4705,data_quality,NEW,2026-09-28 06:41:04,
4706,4706,data_quality,NEW,2026-09-28 06:41:04,
4707,4707,data_quality,NEW,2026-09-28 06:41:04,
4708,4708,data_quality,NEW,2026-09-28 06:41:04,
4709,4709,data_quality,NEW,2026-09-28 06:41:04,
4710,4710,data_quality,NEW,2026-09-28 06:41:04,
4711,4711,data_quality,NEW,2026-09-28 06:41:04,
4712,4712,data_quality,NEW,2026-09-28 06:41:04,
4713,4713,data_quality,NEW,2026-09-28 06:41:04,
4714,4714,data_quality,NEW,2026-09-28 06:41:04,
4715,4715,data_quality,NEW,2026-09-28 06:41:04,
4716,4716,data_quality,NEW,2026-09-28 06:41:04,
4717,4717,data_quality,NEW,2026-09-28 06:41:04,
4718,4718,data_quality,NEW,2026-09-28 06:41:04,
4719,4719,data_quality,NEW,2026-09-28 06:41:04,
4720,4720,data_quality,NEW,2026-09-28 06:41:04,
4721,4721,data_quality,NEW,2026-09-28 06:41:04,
4722,4722,data_quality,NEW,2026-09-28 06:41:04,
4723,4723,data_quality,NEW,2026-09-28 06:41:04,
4724,4724,data_quality,NEW,2026-09-28 06:41:04,
4725,4725,data_quality,NEW,2026-09-28 06:41:04,
4726,4726,data_quality,NEW,2026-09-28 06:41:04,
4727,4727,data_quality,NEW,2026-09-28 06:41:04,
4728,4728,data_quality,NEW,2026-09-28 06:41:04,
4729,4729,data_quality,NEW,2026-09-28 06:41:04,
4730,4730,data_quality,NEW,2026-09-28 06:41:04,
4731,4731,data_quality,NEW,2026-09-28 06:41:04,
4732,4732,data_quality,NEW,2026-09-28 06:41:04,
4733,4733,data_quality,NEW,2026-09-28 06:41:04,
4734,4734,data_quality,NEW,2026-09-28 06:41:04,
4735,4735,data_quality,NEW,2026-09-28 06:41:04,
4736,4736,data_quality,NEW,2026-09-28 06:41:04,
4737,4737,data_quality,NEW,2026-09-28 06:41:04,
4738,4738,data_quality,NEW,2026-09-28 06:41:04,
4739,4739,data_quality,NEW,2026-09-28 06:41:04,
4740,4740,data_quality,NEW,2026-09-28 06:41:04,
4741,4741,data_quality,NEW,2026-09-28 06:41:04,
4742,4742,data_quality,NEW,2026-09-28 06:41:04,
4743,4743,data_quality,NEW,2026-09-28 06:41:04,
4744,4744,data_quality,NEW,2026-09-28 06:41:04,
4745,4745,data_quality,NEW,2026-09-28 06:41:04,
4746,4746,data_quality,NEW,2026-09-28 06:41:04,
4747,4747,data_quality,NEW,2026-09-28 06:41:04,
4748,4748,data_quality,NEW,2026-09-28 06:41:04,
4749,4749,data_quality,NEW,2026-09-28 06:41:04,
4750,4750,data_quality,NEW,2026-09-28 06:41:04,
4751,4751,data_quality,NEW,2026-09-28 06:41:04,
4752,4752,data_quality,NEW,2026-09-28 06:41:04,
4753,4753,data_quality,NEW,2026-09-28 06:41:04,
4754,4754,data_quality,NEW,2026-09-28 06:41:04,
4755,4755,data_quality,NEW,2026-09-28 06:41:04,
4756,4756,data_quality,NEW,2026-09-28 06:41:04,
4757,4757,data_quality,NEW,2026-09-28 06:41:04,
4758,4758,data_quality,NEW,2026-09-28 06:41:04,
4759,4759,data_quality,NEW,2026-09-28 06:41:04,
4760,4760,data_quality,NEW,2026-09-28 06:41:04,
4761,4761,data_quality,NEW,2026-09-28 06:41:04,
4762,4762,data_quality,NEW,2026-09-28 06:41:04,
4763,4763,data_quality,NEW,2026-09-28 06:41:04,
4764,4764,data_quality,NEW,2026-09-28 06:41:04,
4765,4765,data_quality,NEW,2026-09-28 06:41:04,
4766,4766,data_quality,NEW,2026-09-28 06:41:04,
4767,4767,data_quality,NEW,2026-09-28 06:41:04,
4768,4768,data_quality,NEW,2026-09-28 06:41:04,
4769,4769,data_quality,NEW,2026-09-28 06:41:04,
4770,4770,data_quality,NEW,2026-09-28 06:41:04,
4771,4771,data_quality,NEW,2026-09-28 06:41:04,
4772,4772,data_quality,NEW,2026-09-28 06:41:04,
4773,4773,data_quality,NEW,2026-09-28 06:41:04,
4774,4774,data_quality,NEW,2026-09-28 06:41:04,
4775,4775,data_quality,NEW,2026-09-28 06:41:04,
4776,4776,data_quality,NEW,2026-09-28 06:41:04,
4777,4777,data_quality,NEW,2026-09-28 06:41:04,
4778,4778,data_quality,NEW,2026-09-28 06:41:04,
4779,4779,data_quality,NEW,2026-09-28 06:41:04,
4780,4780,data_quality,NEW,2026-09-28 06:41:04,
4781,4781,data_quality,NEW,2026-09-28 06:41:04,
4782,4782,data_quality,NEW,2026-09-28 06:41:04,
4783,4783,data_quality,NEW,2026-09-28 06:41:04,
4784,4784,data_quality,NEW,2026-09-28 06:41:04,
4785,4785,data_quality,NEW,2026-09-28 06:41:04,
4786,4786,data_quality,NEW,2026-09-28 06:41:04,
4787,4787,data_quality,NEW,2026-09-28 06:41:04,
4788,4788,data_quality,NEW,2026-09-28 06:41:04,
4789,4789,data_quality,NEW,2026-09-28 06:41:04,
4790,4790,data_quality,NEW,2026-09-28 06:41:04,
4791,4791,data_quality,NEW,2026-09-28 06:41:04,
4792,4792,data_quality,NEW,2026-09-28 06:41:04,
4793,4793,data_quality,NEW,2026-09-28 06:41:04,
4794,4794,data_quality,NEW,2026-09-28 06:41:04,
4795,4795,data_quality,NEW,2026-09-28 06:41:04,
4796,4796,data_quality,NEW,2026-09-28 06:41:04,
4797,4797,data_quality,NEW,2026-09-28 06:41:04,
4798,4798,data_quality,NEW,2026-09-28 06:41:04,
4799,4799,data_quality,NEW,2026-09-28 06:41:04,
4800,4800,data_quality,NEW,2026-09-28 06:41:04,
4801,4801,data_quality,NEW,2026-09-28 06:41:04,
4802,4802,data_quality,NEW,2026-09-28 06:41:04,
4803,4803,data_quality,NEW,2026-09-28 06:41:04,
4804,4804,data_quality,NEW,2026-09-28 06:41:04,
4805,4805,data_quality,NEW,2026-09-28 06:41:04,
4806,4806,data_quality,NEW,2026-09-28 06:41:04,
4807,4807,data_quality,NEW,2026-09-28 06:41:04,
4808,4808,data_quality,NEW,2026-09-28 06:41:04,
4809,4809,data_quality,NEW,2026-09-28 06:41:04,
4810,4810,data_quality,NEW,2026-09-28 06:41:04,
4811,4811,data_quality,NEW,2026-09-28 06:41:04,
4812,4812,data_quality,NEW,2026-09-28 06:41:04,
4813,4813,data_quality,NEW,2026-09-28 06:41:04,
4814,4814,data_quality,NEW,2026-09-28 06:41:04,
4815,4815,data_quality,NEW,2026-09-28 06:41:04,
4816,4816,data_quality,NEW,2026-09-28 06:41:04,
4817,4817,data_quality,NEW,2026-09-28 06:41:04,
4818,4818,data_quality,NEW,2026-09-28 06:41:04,
4819,4819,data_quality,NEW,2026-09-28 06:41:04,
4820,4820,data_quality,NEW,2026-09-28 06:41:04,
4821,4821,data_quality,NEW,2026-09-28 06:41:04,
4822,4822,data_quality,NEW,2026-09-28 06:41:04,
4823,4823,data_quality,NEW,2026-09-28 06:41:04,
4824,4824,data_quality,NEW,2026-09-28 06:41:04,
4825,4825,data_quality,NEW,2026-09-28 06:41:04,
4826,4826,data_quality,NEW,2026-09-28 06:41:04,
4827,4827,data_quality,NEW,2026-09-28 06:41:04,
4828,4828,data_quality,NEW,2026-09-28 06:41:04,
4829,4829,data_quality,NEW,2026-09-28 06:41:04,
4830,4830,data_quality,NEW,2026-09-28 06:41:04,
4831,4831,data_quality,NEW,2026-09-28 06:41:04,
4832,4832,data_quality,NEW,2026-09-28 06:41:04,
4833,4833,data_quality,NEW,2026-09-28 06:41:04,
4834,4834,data_quality,NEW,2026-09-28 06:41:04,
4835,4835,data_quality,NEW,2026-09-28 06:41:04,
4836,4836,data_quality,NEW,2026-09-28 06:41:04,
4837,4837,data_quality,NEW,2026-09-28 06:41:04,
4838,4838,data_quality,NEW,2026-09-28 06:41:04,
4839,4839,data_quality,NEW,2026-09-28 06:41:04,
4840,4840,data_quality,NEW,2026-09-28 06:41:04,
4841,4841,data_quality,NEW,2026-09-28 06:41:04,
4842,4842,data_quality,NEW,2026-09-28 06:41:04,
4843,4843,data_quality,NEW,2026-09-28 06:41:04,
4844,4844,data_quality,NEW,2026-09-28 06:41:04,
4845,4845,data_quality,NEW,2026-09-28 06:41:04,
4846,4846,data_quality,NEW,2026-09-28 06:41:04,
4847,4847,data_quality,NEW,2026-09-28 06:41:04,
4848,4848,data_quality,NEW,2026-09-28 06:41:04,
4849,4849,data_quality,NEW,2026-09-28 06:41:04,
4850,4850,data_quality,NEW,2026-09-28 06:41:04,
4851,4851,data_quality,NEW,2026-09-28 06:41:04,
4852,4852,data_quality,NEW,2026-09-28 06:41:04,
4853,4853,data_quality,NEW,2026-09-28 06:41:04,
4854,4854,data_quality,NEW,2026-09-28 06:41:04,
4855,4855,data_quality,NEW,2026-09-28 06:41:04,
4856,4856,data_quality,NEW,2026-09-28 06:41:04,
4857,4857,data_quality,NEW,2026-09-28 06:41:04,
4858,4858,data_quality,NEW,2026-09-28 06:41:04,
4859,4859,data_quality,NEW,2026-09-28 06:41:04,
4860,4860,data_quality,NEW,2026-09-28 06:41:04,
4861,4861,data_quality,NEW,2026-09-28 06:41:04,
4862,4862,data_quality,NEW,2026-09-28 06:41:04,
4863,4863,data_quality,NEW,2026-09-28 06:41:04,
4864,4864,data_quality,NEW,2026-09-28 06:41:04,
4865,4865,data_quality,NEW,2026-09-28 06:41:04,
4866,4866,data_quality,NEW,2026-09-28 06:41:04,
4867,4867,data_quality,NEW,2026-09-28 06:41:04,
4868,4868,data_quality,NEW,2026-09-28 06:41:04,
4869,4869,data_quality,NEW,2026-09-28 06:41:04,
4870,4870,data_quality,NEW,2026-09-28 06:41:04,
4871,4871,data_quality,NEW,2026-09-28 06:41:04,
4872,4872,data_quality,NEW,2026-09-28 06:41:04,
4873,4873,data_quality,NEW,2026-09-28 06:41:04,
4874,4874,data_quality,NEW,2026-09-28 06:41:04,
4875,4875,data_quality,NEW,2026-09-28 06:41:04,
4876,4876,data_quality,NEW,2026-09-28 06:41:04,
4877,4877,data_quality,NEW,2026-09-28 06:41:04,
4878,4878,data_quality,NEW,2026-09-28 06:41:04,
4879,4879,data_quality,NEW,2026-09-28 06:41:04,
4880,4880,data_quality,NEW,2026-09-28 06:41:04,
4881,4881,data_quality,NEW,2026-09-28 06:41:04,
4882,4882,data_quality,NEW,2026-09-28 06:41:04,
4883,4883,data_quality,NEW,2026-09-28 06:41:04,
4884,4884,data_quality,NEW,2026-09-28 06:41:04,
4885,4885,data_quality,NEW,2026-09-28 06:41:04,
4886,4886,data_quality,NEW,2026-09-28 06:41:04,
4887,4887,data_quality,NEW,2026-09-28 06:41:04,
4888,4888,data_quality,NEW,2026-09-28 06:41:04,
4889,4889,data_quality,NEW,2026-09-28 06:41:04,
4890,4890,data_quality,NEW,2026-09-28 06:41:04,
4891,4891,data_quality,NEW,2026-09-28 06:41:04,
4892,4892,data_quality,NEW,2026-09-28 06:41:04,
4893,4893,data_quality,NEW,2026-09-28 06:41:04,
4894,4894,data_quality,NEW,2026-09-28 06:41:04,
4895,4895,data_quality,NEW,2026-09-28 06:41:04,
4896,4896,data_quality,NEW,2026-09-28 06:41:04,
4897,4897,data_quality,NEW,2026-09-28 06:41:04,
4898,4898,data_quality,NEW,2026-09-28 06:41:04,
4899,4899,data_quality,NEW,2026-09-28 06:41:04,
4900,4900,data_quality,NEW,2026-09-28 06:41:04,
4901,4901,data_quality,NEW,2026-09-28 06:41:04,
4902,4902,data_quality,NEW,2026-09-28 06:41:04,
4903,4903,data_quality,NEW,2026-09-28 06:41:04,
4904,4904,data_quality,NEW,2026-09-28 06:41:04,
4905,4905,data_quality,NEW,2026-09-28 06:41:04,
4906,4906,data_quality,NEW,2026-09-28 06:41:04,
4907,4907,data_quality,NEW,2026-09-28 06:41:04,
4908,4908,data_quality,NEW,2026-09-28 06:41:04,
4909,4909,data_quality,NEW,2026-09-28 06:41:04,
4910,4910,data_quality,NEW,2026-09-28 06:41:04,
4911,4911,data_quality,NEW,2026-09-28 06:41:04,
4912,4912,data_quality,NEW,2026-09-28 06:41:04,
4913,4913,data_quality,NEW,2026-09-28 06:41:04,
4914,4914,data_quality,NEW,2026-09-28 06:41:04,
4915,4915,data_quality,NEW,2026-09-28 06:41:04,
4916,4916,data_quality,NEW,2026-09-28 06:41:04,
4917,4917,data_quality,NEW,2026-09-28 06:41:04,
4918,4918,data_quality,NEW,2026-09-28 06:41:04,
4919,4919,data_quality,NEW,2026-09-28 06:41:04,
4920,4920,data_quality,NEW,2026-09-28 06:41:04,
4921,4921,data_quality,NEW,2026-09-28 06:41:04,
4922,4922,data_quality,NEW,2026-09-28 06:41:04,
4923,4923,data_quality,NEW,2026-09-28 06:41:04,
4924,4924,data_quality,NEW,2026-09-28 06:41:04,
4925,4925,data_quality,NEW,2026-09-28 06:41:04,
4926,4926,data_quality,NEW,2026-09-28 06:41:04,
4927,4927,data_quality,NEW,2026-09-28 06:41:04,
4928,4928,data_quality,NEW,2026-09-28 06:41:04,
4929,4929,data_quality,NEW,2026-09-28 06:41:04,
4930,4930,data_quality,NEW,2026-09-28 06:41:04,
4931,4931,data_quality,NEW,2026-09-28 06:41:04,
4932,4932,data_quality,NEW,2026-09-28 06:41:04,
4933,4933,data_quality,NEW,2026-09-28 06:41:04,
4934,4934,data_quality,NEW,2026-09-28 06:41:04,
4935,4935,data_quality,NEW,2026-09-28 06:41:04,
4936,4936,data_quality,NEW,2026-09-28 06:41:04,
4937,4937,data_quality,NEW,2026-09-28 06:41:04,
4938,4938,data_quality,NEW,2026-09-28 06:41:04,
4939,4939,data_quality,NEW,2026-09-28 06:41:04,
4940,4940,data_quality,NEW,2026-09-28 06:41:04,
4941,4941,data_quality,NEW,2026-09-28 06:41:04,
4942,4942,data_quality,NEW,2026-09-28 06:41:04,
4943,4943,data_quality,NEW,2026-09-28 06:41:04,
4944,4944,data_quality,NEW,2026-09-28 06:41:04,
4945,4945,data_quality,NEW,2026-09-28 06:41:04,
4946,4946,data_quality,NEW,2026-09-28 06:41:04,
4947,4947,data_quality,NEW,2026-09-28 06:41:04,
4948,4948,data_quality,NEW,2026-09-28 06:41:04,
4949,4949,data_quality,NEW,2026-09-28 06:41:04,
4950,4950,data_quality,NEW,2026-09-28 06:41:04,
4951,4951,data_quality,NEW,2026-09-28 06:41:04,
4952,4952,data_quality,NEW,2026-09-28 06:41:04,
4953,4953,data_quality,NEW,2026-09-28 06:41:04,
4954,4954,data_quality,NEW,2026-09-28 06:41:04,
4955,4955,data_quality,NEW,2026-09-28 06:41:04,
4956,4956,data_quality,NEW,2026-09-28 06:41:04,
4957,4957,data_quality,NEW,2026-09-28 06:41:04,
4958,4958,data_quality,NEW,2026-09-28 06:41:04,
4959,4959,data_quality,NEW,2026-09-28 06:41:04,
4960,4960,data_quality,NEW,2026-09-28 06:41:04,
4961,4961,data_quality,NEW,2026-09-28 06:41:04,
4962,4962,data_quality,NEW,2026-09-28 06:41:04,
4963,4963,data_quality,NEW,2026-09-28 06:41:04,
4964,4964,data_quality,NEW,2026-09-28 06:41:04,
4965,4965,data_quality,NEW,2026-09-28 06:41:04,
4966,4966,data_quality,NEW,2026-09-28 06:41:04,
4967,4967,data_quality,NEW,2026-09-28 06:41:04,
4968,4968,data_quality,NEW,2026-09-28 06:41:04,
4969,4969,data_quality,NEW,2026-09-28 06:41:04,
4970,4970,data_quality,NEW,2026-09-28 06:41:04,
4971,4971,data_quality,NEW,2026-09-28 06:41:04,
4972,4972,data_quality,NEW,2026-09-28 06:41:04,
4973,4973,data_quality,NEW,2026-09-28 06:41:04,
4974,4974,data_quality,NEW,2026-09-28 06:41:04,
4975,4975,data_quality,NEW,2026-09-28 06:41:04,
4976,4976,data_quality,NEW,2026-09-28 06:41:04,
4977,4977,data_quality,NEW,2026-09-28 06:41:04,
4978,4978,data_quality,NEW,2026-09-28 06:41:04,
4979,4979,data_quality,NEW,2026-09-28 06:41:04,
4980,4980,data_quality,NEW,2026-09-28 06:41:04,
4981,4981,data_quality,NEW,2026-09-28 06:41:04,
4982,4982,data_quality,NEW,2026-09-28 06:41:04,
4983,4983,data_quality,NEW,2026-09-28 06:41:04,
4984,4984,data_quality,NEW,2026-09-28 06:41:04,
4985,4985,data_quality,NEW,2026-09-28 06:41:04,
4986,4986,data_quality,NEW,2026-09-28 06:41:04,
4987,4987,data_quality,NEW,2026-09-28 06:41:04,
4988,4988,data_quality,NEW,2026-09-28 06:41:04,
4989,4989,data_quality,NEW,2026-09-28 06:41:04,
4990,4990,data_quality,NEW,2026-09-28 06:41:04,
4991,4991,data_quality,NEW,2026-09-28 06:41:04,
4992,4992,data_quality,NEW,2026-09-28 06:41:04,
4993,4993,data_quality,NEW,2026-09-28 06:41:04,
4994,4994,data_quality,NEW,2026-09-28 06:41:04,
4995,4995,data_quality,NEW,2026-09-28 06:41:04,
4996,4996,data_quality,NEW,2026-09-28 06:41:04,
4997,4997,data_quality,NEW,2026-09-28 06:41:04,
4998,4998,data_quality,NEW,2026-09-28 06:41:04,
4999,4999,data_quality,NEW,2026-09-28 06:41:04,
5000,5000,data_quality,NEW,2026-09-28 06:41:04,
5001,5001,data_quality,NEW,2026-09-28 06:41:04,
5002,5002,data_quality,NEW,2026-09-28 06:41:04,
5003,5003,data_quality,NEW,2026-09-28 06:41:04,
5004,5004,data_quality,NEW,2026-09-28 06:41:04,
5005,5005,data_quality,NEW,2026-09-28 06:41:04,
5006,5006,data_quality,NEW,2026-09-28 06:41:04,
5007,5007,data_quality,NEW,2026-09-28 06:41:04,
5008,5008,data_quality,NEW,2026-09-28 06:41:04,
5009,5009,data_quality,NEW,2026-09-28 06:41:04,
5010,5010,data_quality,NEW,2026-09-28 06:41:04,
5011,5011,data_quality,NEW,2026-09-28 06:41:04,
5012,5012,data_quality,NEW,2026-09-28 06:41:04,
5013,5013,data_quality,NEW,2026-09-28 06:41:04,
5014,5014,data_quality,NEW,2026-09-28 06:41:04,
5015,5015,data_quality,NEW,2026-09-28 06:41:04,
5016,5016,data_quality,NEW,2026-09-28 06:41:04,
5017,5017,data_quality,NEW,2026-09-28 06:41:04,
5018,5018,data_quality,NEW,2026-09-28 06:41:04,
5019,5019,data_quality,NEW,2026-09-28 06:41:04,
5020,5020,data_quality,NEW,2026-09-28 06:41:04,
5021,5021,data_quality,NEW,2026-09-28 06:41:04,
5022,5022,data_quality,NEW,2026-09-28 06:41:04,
5023,5023,data_quality,NEW,2026-09-28 06:41:04,
5024,5024,data_quality,NEW,2026-09-28 06:41:04,
5025,5025,data_quality,NEW,2026-09-28 06:41:04,
5026,5026,data_quality,NEW,2026-09-28 06:41:04,
5027,5027,data_quality,NEW,2026-09-28 06:41:04,
5028,5028,data_quality,NEW,2026-09-28 06:41:04,
5029,5029,data_quality,NEW,2026-09-28 06:41:04,
5030,5030,data_quality,NEW,2026-09-28 06:41:04,
5031,5031,data_quality,NEW,2026-09-28 06:41:04,
5032,5032,data_quality,NEW,2026-09-28 06:41:04,
5033,5033,data_quality,NEW,2026-09-28 06:41:04,
5034,5034,data_quality,NEW,2026-09-28 06:41:04,
5035,5035,data_quality,NEW,2026-09-28 06:41:04,
5036,5036,data_quality,NEW,2026-09-28 06:41:04,
5037,5037,data_quality,NEW,2026-09-28 06:41:04,
5038,5038,data_quality,NEW,2026-09-28 06:41:04,
5039,5039,data_quality,NEW,2026-09-28 06:41:04,
5040,5040,data_quality,NEW,2026-09-28 06:41:04,
5041,5041,data_quality,NEW,2026-09-28 06:41:04,
5042,5042,data_quality,NEW,2026-09-28 06:41:04,
5043,5043,data_quality,NEW,2026-09-28 06:41:04,
5044,5044,data_quality,NEW,2026-09-28 06:41:04,
5045,5045,data_quality,NEW,2026-09-28 06:41:04,
5046,5046,data_quality,NEW,2026-09-28 06:41:04,
5047,5047,data_quality,NEW,2026-09-28 06:41:04,
5048,5048,data_quality,NEW,2026-09-28 06:41:04,
5049,5049,data_quality,NEW,2026-09-28 06:41:04,
5050,5050,data_quality,NEW,2026-09-28 06:41:04,
5051,5051,data_quality,NEW,2026-09-28 06:41:04,
5052,5052,data_quality,NEW,2026-09-28 06:41:04,
5053,5053,data_quality,NEW,2026-09-28 06:41:04,
5054,5054,data_quality,NEW,2026-09-28 06:41:04,
5055,5055,data_quality,NEW,2026-09-28 06:41:04,
5056,5056,data_quality,NEW,2026-09-28 06:41:04,
5057,5057,data_quality,NEW,2026-09-28 06:41:04,
5058,5058,data_quality,NEW,2026-09-28 06:41:04,
5059,5059,data_quality,NEW,2026-09-28 06:41:04,
5060,5060,data_quality,NEW,2026-09-28 06:41:04,
5061,5061,data_quality,NEW,2026-09-28 06:41:04,
5062,5062,data_quality,NEW,2026-09-28 06:41:04,
5063,5063,data_quality,NEW,2026-09-28 06:41:04,
5064,5064,data_quality,NEW,2026-09-28 06:41:04,
5065,5065,data_quality,NEW,2026-09-28 06:41:04,
5066,5066,data_quality,NEW,2026-09-28 06:41:04,
5067,5067,data_quality,NEW,2026-09-28 06:41:04,
5068,5068,data_quality,NEW,2026-09-28 06:41:04,
5069,5069,data_quality,NEW,2026-09-28 06:41:04,
5070,5070,data_quality,NEW,2026-09-28 06:41:04,
5071,5071,data_quality,NEW,2026-09-28 06:41:04,
5072,5072,data_quality,NEW,2026-09-28 06:41:04,
5073,5073,data_quality,NEW,2026-09-28 06:41:04,
5074,5074,data_quality,NEW,2026-09-28 06:41:04,
5075,5075,data_quality,NEW,2026-09-28 06:41:04,
5076,5076,data_quality,NEW,2026-09-28 06:41:04,
5077,5077,data_quality,NEW,2026-09-28 06:41:04,
5078,5078,data_quality,NEW,2026-09-28 06:41:04,
5079,5079,data_quality,NEW,2026-09-28 06:41:04,
5080,5080,data_quality,NEW,2026-09-28 06:41:04,
5081,5081,data_quality,NEW,2026-09-28 06:41:04,
5082,5082,data_quality,NEW,2026-09-28 06:41:04,
5083,5083,data_quality,NEW,2026-09-28 06:41:04,
5084,5084,data_quality,NEW,2026-09-28 06:41:04,
5085,5085,data_quality,NEW,2026-09-28 06:41:04,
5086,5086,data_quality,NEW,2026-09-28 06:41:04,
5087,5087,data_quality,NEW,2026-09-28 06:41:04,
5088,5088,data_quality,NEW,2026-09-28 06:41:04,
5089,5089,data_quality,NEW,2026-09-28 06:41:04,
5090,5090,data_quality,NEW,2026-09-28 06:41:04,
5091,5091,data_quality,NEW,2026-09-28 06:41:04,
5092,5092,data_quality,NEW,2026-09-28 06:41:04,
5093,5093,data_quality,NEW,2026-09-28 06:41:04,
5094,5094,data_quality,NEW,2026-09-28 06:41:04,
5095,5095,data_quality,NEW,2026-09-28 06:41:04,
5096,5096,data_quality,NEW,2026-09-28 06:41:04,
5097,5097,data_quality,NEW,2026-09-28 06:41:04,
5098,5098,data_quality,NEW,2026-09-28 06:41:04,
5099,5099,data_quality,NEW,2026-09-28 06:41:04,
5100,5100,data_quality,NEW,2026-09-28 06:41:04,
5101,5101,data_quality,NEW,2026-09-28 06:41:04,
5102,5102,data_quality,NEW,2026-09-28 06:41:04,
5103,5103,data_quality,NEW,2026-09-28 06:41:04,
5104,5104,data_quality,NEW,2026-09-28 06:41:04,
5105,5105,data_quality,NEW,2026-09-28 06:41:04,
5106,5106,data_quality,NEW,2026-09-28 06:41:04,
5107,5107,data_quality,NEW,2026-09-28 06:41:04,
5108,5108,data_quality,NEW,2026-09-28 06:41:04,
5109,5109,data_quality,NEW,2026-09-28 06:41:04,
5110,5110,data_quality,NEW,2026-09-28 06:41:04,
5111,5111,data_quality,NEW,2026-09-28 06:41:04,
5112,5112,data_quality,NEW,2026-09-28 06:41:04,
5113,5113,data_quality,NEW,2026-09-28 06:41:04,
5114,5114,data_quality,NEW,2026-09-28 06:41:04,
5115,5115,data_quality,NEW,2026-09-28 06:41:04,
5116,5116,data_quality,NEW,2026-09-28 06:41:04,
5117,5117,data_quality,NEW,2026-09-28 06:41:04,
5118,5118,data_quality,NEW,2026-09-28 06:41:04,
5119,5119,data_quality,NEW,2026-09-28 06:41:04,
5120,5120,data_quality,NEW,2026-09-28 06:41:04,
5121,5121,data_quality,NEW,2026-09-28 06:41:04,
5122,5122,data_quality,NEW,2026-09-28 06:41:04,
5123,5123,data_quality,NEW,2026-09-28 06:41:04,
5124,5124,data_quality,NEW,2026-09-28 06:41:04,
5125,5125,data_quality,NEW,2026-09-28 06:41:04,
5126,5126,data_quality,NEW,2026-09-28 06:41:04,
5127,5127,data_quality,NEW,2026-09-28 06:41:04,
5128,5128,data_quality,NEW,2026-09-28 06:41:04,
5129,5129,data_quality,NEW,2026-09-28 06:41:04,
5130,5130,data_quality,NEW,2026-09-28 06:41:04,
5131,5131,data_quality,NEW,2026-09-28 06:41:04,
5132,5132,data_quality,NEW,2026-09-28 06:41:04,
5133,5133,data_quality,NEW,2026-09-28 06:41:04,
5134,5134,data_quality,NEW,2026-09-28 06:41:04,
5135,5135,data_quality,NEW,2026-09-28 06:41:04,
5136,5136,data_quality,NEW,2026-09-28 06:41:04,
5137,5137,data_quality,NEW,2026-09-28 06:41:04,
5138,5138,data_quality,NEW,2026-09-28 06:41:04,
5139,5139,data_quality,NEW,2026-09-28 06:41:04,
5140,5140,data_quality,NEW,2026-09-28 06:41:04,
5141,5141,data_quality,NEW,2026-09-28 06:41:04,
5142,5142,data_quality,NEW,2026-09-28 06:41:04,
5143,5143,data_quality,NEW,2026-09-28 06:41:04,
5144,5144,data_quality,NEW,2026-09-28 06:41:04,
5145,5145,data_quality,NEW,2026-09-28 06:41:04,
5146,5146,data_quality,NEW,2026-09-28 06:41:04,
5147,5147,data_quality,NEW,2026-09-28 06:41:04,
5148,5148,data_quality,NEW,2026-09-28 06:41:04,
5149,5149,data_quality,NEW,2026-09-28 06:41:04,
5150,5150,data_quality,NEW,2026-09-28 06:41:04,
5151,5151,data_quality,NEW,2026-09-28 06:41:04,
5152,5152,data_quality,NEW,2026-09-28 06:41:04,
5153,5153,data_quality,NEW,2026-09-28 06:41:04,
5154,5154,data_quality,NEW,2026-09-28 06:41:04,
5155,5155,data_quality,NEW,2026-09-28 06:41:04,
5156,5156,data_quality,NEW,2026-09-28 06:41:04,
5157,5157,data_quality,NEW,2026-09-28 06:41:04,
5158,5158,data_quality,NEW,2026-09-28 06:41:04,
