issue_id,poi_id,issue_type,severity,priority,status,detected_at,resolved_at
1,2375,missing_name,MEDIUM,MEDIUM,OPEN,2026-09-28 06:41:04,
2,2376,missing_name,MEDIUM,MEDIUM,OPEN,2026-09-28 06:41:04,
3,2378,missing_name,MEDIUM,MEDIUM,OPEN,2026-09-28 06:41:04,
4,2402,missing_name,MEDIUM,MEDIUM,OPEN,2026-09-28 06:41:04,
5,2464,missing_name,MEDIUM,MEDIUM,OPEN,2026-09-28 06:41:04,
6,2468,missing_name,MEDIUM,MEDIUM,OPEN,2026-09-28 06:41:04,
7,2641,missing_name,MEDIUM,MEDIUM,OPEN,2026-09-28 06:41:04,
8,2725,missing_name,MEDIUM,MEDIUM,OPEN,2026-09-28 06:41:04,
9,2918,missing_name,MEDIUM,MEDIUM,OPEN,2026-09-28 06:41:04,
10,3011,missing_name,MEDIUM,MEDIUM,OPEN,2026-09-28 06:41:04,
11,3013,missing_name,MEDIUM,MEDIUM,OPEN,2026-09-28 06:41:04,
12,3017,missing_name,MEDIUM,MEDIUM,OPEN,2026-09-28 06:41:04,
13,3025,missing_name,MEDIUM,MEDIUM,OPEN,2026-09-28 06:41:04,
14,3093,missing_name,MEDIUM,MEDIUM,OPEN,2026-09-28 06:41:04,
15,3123,missing_name,MEDIUM,MEDIUM,OPEN,2026-09-28 06:41:04,
16,3128,missing_name,MEDIUM,MEDIUM,OPEN,2026-09-28 06:41:04,
17,3156,missing_name,MEDIUM,MEDIUM,OPEN,2026-09-28 06:41:04,
18,3541,missing_name,MEDIUM,MEDIUM,OPEN,2026-09-28 06:41:04,
19,3676,missing_name,MEDIUM,MEDIUM,OPEN,2026-09-28 06:41:04,
20,3813,missing_name,MEDIUM,MEDIUM,OPEN,2026-09-28 06:41:04,
21,3890,missing_name,MEDIUM,MEDIUM,OPEN,2026-09-28 06:41:04,
22,4044,missing_name,MEDIUM,MEDIUM,OPEN,2026-09-28 06:41:04,
23,4204,missing_name,MEDIUM,MEDIUM,OPEN,2026-09-28 06:41:04,
24,4730,missing_name,MEDIUM,MEDIUM,OPEN,2026-09-28 06:41:04,
25,4807,missing_address,MEDIUM,HIGH,OPEN,2026-09-28 06:41:04,
26,4808,missing_name,MEDIUM,MEDIUM,OPEN,2026-09-28 06:41:04,
27,4809,missing_name,MEDIUM,MEDIUM,OPEN,2026-09-28 06:41:04,
28,4810,missing_name,MEDIUM,MEDIUM,OPEN,2026-09-28 06:41:04,
29,4811,missing_name,MEDIUM,MEDIUM,OPEN,2026-09-28 06:41:04,
30,4812,missing_name,MEDIUM,MEDIUM,OPEN,2026-09-28 06:41:04,
31,4813,missing_name,MEDIUM,MEDIUM,OPEN,2026-09-28 06:41:04,
32,4814,missing_name,MEDIUM,MEDIUM,OPEN,2026-09-28 06:41:04,
33,4815,missing_name,MEDIUM,MEDIUM,OPEN,2026-09-28 06:41:04,
34,4816,missing_name,MEDIUM,MEDIUM,OPEN,2026-09-28 06:41:04,
35,4817,missing_name,MEDIUM,MEDIUM,OPEN,2026-09-28 06:41:04,
36,4818,missing_name,MEDIUM,MEDIUM,OPEN,2026-09-28 06:41:04,
37,4819,missing_name,MEDIUM,MEDIUM,OPEN,2026-09-28 06:41:04,
38,4820,missing_name,MEDIUM,MEDIUM,OPEN,2026-09-28 06:41:04,
39,4821,missing_name,MEDIUM,MEDIUM,OPEN,2026-09-28 06:41:04,
40,4822,missing_name,MEDIUM,MEDIUM,OPEN,2026-09-28 06:41:04,
41,4823,missing_name,MEDIUM,MEDIUM,OPEN,2026-09-28 06:41:04,
42,4824,missing_address,MEDIUM,HIGH,OPEN,2026-09-28 06:41:04,
43,4825,missing_address,MEDIUM,HIGH,OPEN,2026-09-28 06:41:04,
44,4826,missing_name,MEDIUM,MEDIUM,OPEN,2026-09-28 06:41:04,
45,4827,missing_name,MEDIUM,MEDIUM,OPEN,2026-09-28 06:41:04,
46,4828,missing_name,MEDIUM,MEDIUM,OPEN,2026-09-28 06:41:04,
47,4829,missing_name,MEDIUM,MEDIUM,OPEN,2026-09-28 06:41:04,
48,4830,missing_address,MEDIUM,HIGH,OPEN,2026-09-28 06:41:04,
49,4831,missing_name,MEDIUM,MEDIUM,OPEN,2026-09-28 06:41:04,
50,4832,missing_name,MEDIUM,MEDIUM,OPEN,2026-09-28 06:41:04,
51,4833,missing_name,MEDIUM,MEDIUM,OPEN,2026-09-28 06:41:04,
52,4834,missing_name,MEDIUM,MEDIUM,OPEN,2026-09-28 06:41:04,
53,4835,missing_address,MEDIUM,HIGH,OPEN,2026-09-28 06:41:04,
54,4836,missing_name,MEDIUM,MEDIUM,OPEN,2026-09-28 06:41:04,
55,4837,missing_name,MEDIUM,MEDIUM,OPEN,2026-09-28 06:41:04,
56,4838,missing_name,MEDIUM,MEDIUM,OPEN,2026-09-28 06:41:04,
57,4839,missing_name,MEDIUM,MEDIUM,OPEN,2026-09-28 06:41:04,
58,4840,missing_name,MEDIUM,MEDIUM,OPEN,2026-09-28 06:41:04,
59,4841,missing_name,MEDIUM,MEDIUM,OPEN,2026-09-28 06:41:04,
60,4842,missing_name,MEDIUM,MEDIUM,OPEN,2026-09-28 06:41:04,
61,4843,missing_address,MEDIUM,HIGH,OPEN,2026-09-28 06:41:04,
62,4844,missing_name,MEDIUM,MEDIUM,OPEN,2026-09-28 06:41:04,
63,4845,missing_name,MEDIUM,MEDIUM,OPEN,2026-09-28 06:41:04,
64,4846,missing_address,MEDIUM,HIGH,OPEN,2026-09-28 06:41:04,
65,4847,missing_name,MEDIUM,MEDIUM,OPEN,2026-09-28 06:41:04,
66,4848,missing_address,MEDIUM,HIGH,OPEN,2026-09-28 06:41:04,
67,4849,missing_address,MEDIUM,HIGH,OPEN,2026-09-28 06:41:04,
68,4850,missing_address,MEDIUM,HIGH,OPEN,2026-09-28 06:41:04,
69,4851,missing_address,MEDIUM,HIGH,OPEN,2026-09-28 06:41:04,
70,4852,missing_address,MEDIUM,HIGH,OPEN,2026-09-28 06:41:04,
71,4853,missing_address,MEDIUM,HIGH,OPEN,2026-09-28 06:41:04,
72,4854,missing_address,MEDIUM,HIGH,OPEN,2026-09-28 06:41:04,
73,4855,missing_address,MEDIUM,HIGH,OPEN,2026-09-28 06:41:04,
74,4856,missing_name,MEDIUM,MEDIUM,OPEN,2026-09-28 06:41:04,
75,4857,missing_address,MEDIUM,HIGH,OPEN,2026-09-28 06:41:04,
76,4858,missing_address,MEDIUM,HIGH,OPEN,2026-09-28 06:41:04,
77,4859,missing_address,MEDIUM,HIGH,OPEN,2026-09-28 06:41:04,
78,4860,missing_address,MEDIUM,HIGH,OPEN,2026-09-28 06:41:04,
79,4861,missing_address,MEDIUM,HIGH,OPEN,2026-09-28 06:41:04,
80,4862,missing_address,MEDIUM,HIGH,OPEN,2026-09-28 06:41:04,
81,4863,missing_address,MEDIUM,HIGH,OPEN,2026-09-28 06:41:04,
82,4864,missing_address,MEDIUM,HIGH,OPEN,2026-09-28 06:41:04,
83,4865,missing_address,MEDIUM,HIGH,OPEN,2026-09-28 06:41:04,
84,4866,missing_address,MEDIUM,HIGH,OPEN,2026-09-28 06:41:04,
85,4867,missing_name,MEDIUM,MEDIUM,OPEN,2026-09-28 06:41:04,
86,4868,missing_name,MEDIUM,MEDIUM,OPEN,2026-09-28 06:41:04,
87,4869,missing_name,MEDIUM,MEDIUM,OPEN,2026-09-28 06:41:04,
88,4870,missing_name,MEDIUM,MEDIUM,OPEN,2026-09-28 06:41:04,
89,4871,missing_name,MEDIUM,MEDIUM,OPEN,2026-09-28 06:41:04,
90,4872,missing_name,MEDIUM,MEDIUM,OPEN,2026-09-28 06:41:04,
91,4873,missing_name,MEDIUM,MEDIUM,OPEN,2026-09-28 06:41:04,
92,4874,missing_name,MEDIUM,MEDIUM,OPEN,2026-09-28 06:41:04,
93,4875,missing_name,MEDIUM,MEDIUM,OPEN,2026-09-28 06:41:04,
94,4876,missing_name,MEDIUM,MEDIUM,OPEN,2026-09-28 06:41:04,
95,4877,missing_name,MEDIUM,MEDIUM,OPEN,2026-09-28 06:41:04,
96,4878,missing_name,MEDIUM,MEDIUM,OPEN,2026-09-28 06:41:04,
97,4879,missing_name,MEDIUM,MEDIUM,OPEN,2026-09-28 06:41:04,
98,4880,missing_name,MEDIUM,MEDIUM,OPEN,2026-09-28 06:41:04,
99,4881,missing_name,MEDIUM,MEDIUM,OPEN,2026-09-28 06:41:04,
100,4882,missing_name,MEDIUM,MEDIUM,OPEN,2026-09-28 06:41:04,
101,4883,missing_name,MEDIUM,MEDIUM,OPEN,2026-09-28 06:41:04,
102,4884,missing_name,MEDIUM,MEDIUM,OPEN,2026-09-28 06:41:04,
103,4885,missing_name,MEDIUM,MEDIUM,OPEN,2026-09-28 06:41:04,
104,4886,missing_address,MEDIUM,HIGH,OPEN,2026-09-28 06:41:04,
105,4887,missing_name,MEDIUM,MEDIUM,OPEN,2026-09-28 06:41:04,
106,4888,missing_name,MEDIUM,MEDIUM,OPEN,2026-09-28 06:41:04,
107,4889,missing_name,MEDIUM,MEDIUM,OPEN,2026-09-28 06:41:04,
108,4890,missing_address,MEDIUM,HIGH,OPEN,2026-09-28 06:41:04,
109,4891,missing_address,MEDIUM,HIGH,OPEN,2026-09-28 06:41:04,
110,4892,missing_name,MEDIUM,MEDIUM,OPEN,2026-09-28 06:41:04,
111,4893,missing_name,MEDIUM,MEDIUM,OPEN,2026-09-28 06:41:04,
112,4894,missing_name,MEDIUM,MEDIUM,OPEN,2026-09-28 06:41:04,
113,4895,missing_name,MEDIUM,MEDIUM,OPEN,2026-09-28 06:41:04,
114,4896,missing_name,MEDIUM,MEDIUM,OPEN,2026-09-28 06:41:04,
115,4897,missing_address,MEDIUM,HIGH,OPEN,2026-09-28 06:41:04,
116,4898,missing_name,MEDIUM,MEDIUM,OPEN,2026-09-28 06:41:04,
117,4899,missing_name,MEDIUM,MEDIUM,OPEN,2026-09-28 06:41:04,
118,4900,missing_name,MEDIUM,MEDIUM,OPEN,2026-09-28 06:41:04,
119,4901,missing_name,MEDIUM,MEDIUM,OPEN,2026-09-28 06:41:04,
120,4902,missing_name,MEDIUM,MEDIUM,OPEN,2026-09-28 06:41:04,
121,4903,missing_name,MEDIUM,MEDIUM,OPEN,2026-09-28 06:41:04,
122,4904,missing_name,MEDIUM,MEDIUM,OPEN,2026-09-28 06:41:04,
123,4905,missing_name,MEDIUM,MEDIUM,OPEN,2026-09-28 06:41:04,
124,4906,missing_name,MEDIUM,MEDIUM,OPEN,2026-09-28 06:41:04,
125,4907,missing_name,MEDIUM,MEDIUM,OPEN,2026-09-28 06:41:04,
126,4908,missing_name,MEDIUM,MEDIUM,OPEN,2026-09-28 06:41:04,
127,4909,missing_name,MEDIUM,MEDIUM,OPEN,2026-09-28 06:41:04,
128,4910,missing_name,MEDIUM,MEDIUM,OPEN,2026-09-28 06:41:04,
129,4911,missing_name,MEDIUM,MEDIUM,OPEN,2026-09-28 06:41:04,
130,4912,missing_name,MEDIUM,MEDIUM,OPEN,2026-09-28 06:41:04,
131,4913,missing_address,MEDIUM,HIGH,OPEN,2026-09-28 06:41:04,
132,4914,missing_address,MEDIUM,HIGH,OPEN,2026-09-28 06:41:04,
133,4915,missing_name,MEDIUM,MEDIUM,OPEN,2026-09-28 06:41:04,
134,4916,missing_name,MEDIUM,MEDIUM,OPEN,2026-09-28 06:41:04,
135,4917,missing_address,MEDIUM,HIGH,OPEN,2026-09-28 06:41:04,
136,4918,missing_name,MEDIUM,MEDIUM,OPEN,2026-09-28 06:41:04,
137,4919,missing_address,MEDIUM,HIGH,OPEN,2026-09-28 06:41:04,
138,4920,missing_address,MEDIUM,HIGH,OPEN,2026-09-28 06:41:04,
139,4921,missing_address,MEDIUM,HIGH,OPEN,2026-09-28 06:41:04,
140,4922,missing_name,MEDIUM,MEDIUM,OPEN,2026-09-28 06:41:04,
141,4923,missing_name,MEDIUM,MEDIUM,OPEN,2026-09-28 06:41:04,
142,4924,missing_name,MEDIUM,MEDIUM,OPEN,2026-09-28 06:41:04,
143,4925,missing_name,MEDIUM,MEDIUM,OPEN,2026-09-28 06:41:04,
144,4926,missing_name,MEDIUM,MEDIUM,OPEN,2026-09-28 06:41:04,
145,4927,missing_address,MEDIUM,HIGH,OPEN,2026-09-28 06:41:04,
146,4928,missing_address,MEDIUM,HIGH,OPEN,2026-09-28 06:41:04,
147,4929,missing_name,MEDIUM,MEDIUM,OPEN,2026-09-28 06:41:04,
148,4930,missing_name,MEDIUM,MEDIUM,OPEN,2026-09-28 06:41:04,
149,4931,missing_address,MEDIUM,HIGH,OPEN,2026-09-28 06:41:04,
150,4932,missing_name,MEDIUM,MEDIUM,OPEN,2026-09-28 06:41:04,
151,4933,missing_name,MEDIUM,MEDIUM,OPEN,2026-09-28 06:41:04,
152,4934,missing_address,MEDIUM,HIGH,OPEN,2026-09-28 06:41:04,
153,4935,missing_name,MEDIUM,MEDIUM,OPEN,2026-09-28 06:41:04,
154,4936,missing_name,MEDIUM,MEDIUM,OPEN,2026-09-28 06:41:04,
155,4937,missing_name,MEDIUM,MEDIUM,OPEN,2026-09-28 06:41:04,
156,4938,missing_name,MEDIUM,MEDIUM,OPEN,2026-09-28 06:41:04,
157,4939,missing_name,MEDIUM,MEDIUM,OPEN,2026-09-28 06:41:04,
158,4940,missing_address,MEDIUM,HIGH,OPEN,2026-09-28 06:41:04,
159,4941,missing_address,MEDIUM,HIGH,OPEN,2026-09-28 06:41:04,
160,4942,missing_address,MEDIUM,HIGH,OPEN,2026-09-28 06:41:04,
161,4943,missing_address,MEDIUM,HIGH,OPEN,2026-09-28 06:41:04,
162,4944,missing_address,MEDIUM,HIGH,OPEN,2026-09-28 06:41:04,
163,4945,missing_name,MEDIUM,MEDIUM,OPEN,2026-09-28 06:41:04,
164,4946,missing_address,MEDIUM,HIGH,OPEN,2026-09-28 06:41:04,
165,4947,missing_name,MEDIUM,MEDIUM,OPEN,2026-09-28 06:41:04,
166,4948,missing_address,MEDIUM,HIGH,OPEN,2026-09-28 06:41:04,
167,4949,missing_address,MEDIUM,HIGH,OPEN,2026-09-28 06:41:04,
168,4950,missing_address,MEDIUM,HIGH,OPEN,2026-09-28 06:41:04,
169,4951,missing_address,MEDIUM,HIGH,OPEN,2026-09-28 06:41:04,
170,4952,missing_address,MEDIUM,HIGH,OPEN,2026-09-28 06:41:04,
171,4953,missing_address,MEDIUM,HIGH,OPEN,2026-09-28 06:41:04,
172,4954,missing_address,MEDIUM,HIGH,OPEN,2026-09-28 06:41:04,
173,4955,missing_address,MEDIUM,HIGH,OPEN,2026-09-28 06:41:04,
174,4956,missing_address,MEDIUM,HIGH,OPEN,2026-09-28 06:41:04,
175,4957,missing_address,MEDIUM,HIGH,OPEN,2026-09-28 06:41:04,
176,4958,missing_address,MEDIUM,HIGH,OPEN,2026-09-28 06:41:04,
177,4959,missing_address,MEDIUM,HIGH,OPEN,2026-09-28 06:41:04,
178,4960,missing_address,MEDIUM,HIGH,OPEN,2026-09-28 06:41:04,
179,4961,missing_address,MEDIUM,HIGH,OPEN,2026-09-28 06:41:04,
180,4962,missing_address,MEDIUM,HIGH,OPEN,2026-09-28 06:41:04,
181,4963,missing_address,MEDIUM,HIGH,OPEN,2026-09-28 06:41:04,
182,4964,missing_address,MEDIUM,HIGH,OPEN,2026-09-28 06:41:04,
183,4965,missing_address,MEDIUM,HIGH,OPEN,2026-09-28 06:41:04,
184,4966,missing_address,MEDIUM,HIGH,OPEN,2026-09-28 06:41:04,
185,4967,missing_address,MEDIUM,HIGH,OPEN,2026-09-28 06:41:04,
186,4968,missing_address,MEDIUM,HIGH,OPEN,2026-09-28 06:41:04,
187,4969,missing_address,MEDIUM,HIGH,OPEN,2026-09-28 06:41:04,
188,4970,missing_address,MEDIUM,HIGH,OPEN,2026-09-28 06:41:04,
189,4971,missing_address,MEDIUM,HIGH,OPEN,2026-09-28 06:41:04,
190,4972,missing_address,MEDIUM,HIGH,OPEN,2026-09-28 06:41:04,
191,4973,missing_address,MEDIUM,HIGH,OPEN,2026-09-28 06:41:04,
192,4974,missing_address,MEDIUM,HIGH,OPEN,2026-09-28 06:41:04,
193,4975,missing_address,MEDIUM,HIGH,OPEN,2026-09-28 06:41:04,
194,4976,missing_address,MEDIUM,HIGH,OPEN,2026-09-28 06:41:04,
195,4977,missing_address,MEDIUM,HIGH,OPEN,2026-09-28 06:41:04,
196,4978,missing_address,MEDIUM,HIGH,OPEN,2026-09-28 06:41:04,
197,4979,missing_address,MEDIUM,HIGH,OPEN,2026-09-28 06:41:04,
198,4980,missing_address,MEDIUM,HIGH,OPEN,2026-09-28 06:41:04,
199,4981,missing_address,MEDIUM,HIGH,OPEN,2026-09-28 06:41:04,
200,4982,missing_address,MEDIUM,HIGH,OPEN,2026-09-28 06:41:04,
201,4983,missing_address,MEDIUM,HIGH,OPEN,2026-09-28 06:41:04,
202,4984,missing_address,MEDIUM,HIGH,OPEN,2026-09-28 06:41:04,
203,4985,missing_address,MEDIUM,HIGH,OPEN,2026-09-28 06:41:04,
204,4986,missing_address,MEDIUM,HIGH,OPEN,2026-09-28 06:41:04,
205,4987,missing_address,MEDIUM,HIGH,OPEN,2026-09-28 06:41:04,
206,4988,missing_address,MEDIUM,HIGH,OPEN,2026-09-28 06:41:04,
207,4989,missing_address,MEDIUM,HIGH,OPEN,2026-09-28 06:41:04,
208,4990,missing_name,MEDIUM,MEDIUM,OPEN,2026-09-28 06:41:04,
209,4991,missing_name,MEDIUM,MEDIUM,OPEN,2026-09-28 06:41:04,
210,4992,missing_name,MEDIUM,MEDIUM,OPEN,2026-09-28 06:41:04,
211,4993,missing_name,MEDIUM,MEDIUM,OPEN,2026-09-28 06:41:04,
212,4994,missing_name,MEDIUM,MEDIUM,OPEN,2026-09-28 06:41:04,
213,4995,missing_name,MEDIUM,MEDIUM,OPEN,2026-09-28 06:41:04,
214,4996,missing_name,MEDIUM,MEDIUM,OPEN,2026-09-28 06:41:04,
215,4997,missing_name,MEDIUM,MEDIUM,OPEN,2026-09-28 06:41:04,
216,4998,missing_address,MEDIUM,HIGH,OPEN,2026-09-28 06:41:04,
217,4999,missing_address,MEDIUM,HIGH,OPEN,2026-09-28 06:41:04,
218,5000,missing_address,MEDIUM,HIGH,OPEN,2026-09-28 06:41:04,
219,5001,missing_address,MEDIUM,HIGH,OPEN,2026-09-28 06:41:04,
220,5002,missing_address,MEDIUM,HIGH,OPEN,2026-09-28 06:41:04,
221,5003,missing_address,MEDIUM,HIGH,OPEN,2026-09-28 06:41:04,
222,5004,missing_name,MEDIUM,MEDIUM,OPEN,2026-09-28 06:41:04,
223,5005,missing_address,MEDIUM,HIGH,OPEN,2026-09-28 06:41:04,
224,5006,missing_name,MEDIUM,MEDIUM,OPEN,2026-09-28 06:41:04,
225,5007,missing_address,MEDIUM,HIGH,OPEN,2026-09-28 06:41:04,
226,5008,missing_address,MEDIUM,HIGH,OPEN,2026-09-28 06:41:04,
227,5009,missing_address,MEDIUM,HIGH,OPEN,2026-09-28 06:41:04,
228,5010,missing_address,MEDIUM,HIGH,OPEN,2026-09-28 06:41:04,
229,5011,missing_name,MEDIUM,MEDIUM,OPEN,2026-09-28 06:41:04,
230,5012,missing_address,MEDIUM,HIGH,OPEN,2026-09-28 06:41:04,
231,5013,missing_address,MEDIUM,HIGH,OPEN,2026-09-28 06:41:04,
232,5014,missing_name,MEDIUM,MEDIUM,OPEN,2026-09-28 06:41:04,
233,5015,missing_address,MEDIUM,HIGH,OPEN,2026-09-28 06:41:04,
234,5016,missing_name,MEDIUM,MEDIUM,OPEN,2026-09-28 06:41:04,
235,5017,missing_name,MEDIUM,MEDIUM,OPEN,2026-09-28 06:41:04,
236,5018,missing_address,MEDIUM,HIGH,OPEN,2026-09-28 06:41:04,
237,5019,missing_name,MEDIUM,MEDIUM,OPEN,2026-09-28 06:41:04,
238,5020,missing_address,MEDIUM,HIGH,OPEN,2026-09-28 06:41:04,
239,5021,missing_name,MEDIUM,MEDIUM,OPEN,2026-09-28 06:41:04,
240,5022,missing_address,MEDIUM,HIGH,OPEN,2026-09-28 06:41:04,
241,5023,missing_name,MEDIUM,MEDIUM,OPEN,2026-09-28 06:41:04,
242,5024,missing_name,MEDIUM,MEDIUM,OPEN,2026-09-28 06:41:04,
243,5025,missing_name,MEDIUM,MEDIUM,OPEN,2026-09-28 06:41:04,
244,5026,missing_name,MEDIUM,MEDIUM,OPEN,2026-09-28 06:41:04,
245,5027,missing_address,MEDIUM,HIGH,OPEN,2026-09-28 06:41:04,
246,5028,missing_address,MEDIUM,HIGH,OPEN,2026-09-28 06:41:04,
247,5029,missing_name,MEDIUM,MEDIUM,OPEN,2026-09-28 06:41:04,
248,5030,missing_address,MEDIUM,HIGH,OPEN,2026-09-28 06:41:04,
249,5031,missing_address,MEDIUM,HIGH,OPEN,2026-09-28 06:41:04,
250,5032,missing_address,MEDIUM,HIGH,OPEN,2026-09-28 06:41:04,
251,5033,missing_address,MEDIUM,HIGH,OPEN,2026-09-28 06:41:04,
252,5034,missing_address,MEDIUM,HIGH,OPEN,2026-09-28 06:41:04,
253,5035,missing_address,MEDIUM,HIGH,OPEN,2026-09-28 06:41:04,
254,5036,missing_address,MEDIUM,HIGH,OPEN,2026-09-28 06:41:04,
255,5037,missing_address,MEDIUM,HIGH,OPEN,2026-09-28 06:41:04,
256,5038,missing_address,MEDIUM,HIGH,OPEN,2026-09-28 06:41:04,
257,5039,missing_address,MEDIUM,HIGH,OPEN,2026-09-28 06:41:04,
258,5040,missing_address,MEDIUM,HIGH,OPEN,2026-09-28 06:41:04,
259,5041,missing_address,MEDIUM,HIGH,OPEN,2026-09-28 06:41:04,
260,5042,missing_address,MEDIUM,HIGH,OPEN,2026-09-28 06:41:04,
261,5043,missing_name,MEDIUM,MEDIUM,OPEN,2026-09-28 06:41:04,
262,5044,missing_name,MEDIUM,MEDIUM,OPEN,2026-09-28 06:41:04,
263,5045,missing_name,MEDIUM,MEDIUM,OPEN,2026-09-28 06:41:04,
264,5046,missing_address,MEDIUM,HIGH,OPEN,2026-09-28 06:41:04,
265,5047,missing_address,MEDIUM,HIGH,OPEN,2026-09-28 06:41:04,
266,5048,missing_name,MEDIUM,MEDIUM,OPEN,2026-09-28 06:41:04,
267,5049,missing_name,MEDIUM,MEDIUM,OPEN,2026-09-28 06:41:04,
268,5050,missing_address,MEDIUM,HIGH,OPEN,2026-09-28 06:41:04,
269,5051,missing_name,MEDIUM,MEDIUM,OPEN,2026-09-28 06:41:04,
270,5052,missing_name,MEDIUM,MEDIUM,OPEN,2026-09-28 06:41:04,
271,5053,missing_address,MEDIUM,HIGH,OPEN,2026-09-28 06:41:04,
272,5054,missing_name,MEDIUM,MEDIUM,OPEN,2026-09-28 06:41:04,
273,5055,missing_name,MEDIUM,MEDIUM,OPEN,2026-09-28 06:41:04,
274,5056,missing_address,MEDIUM,HIGH,OPEN,2026-09-28 06:41:04,
275,5057,missing_address,MEDIUM,HIGH,OPEN,2026-09-28 06:41:04,
276,5058,missing_name,MEDIUM,MEDIUM,OPEN,2026-09-28 06:41:04,
277,5059,missing_name,MEDIUM,MEDIUM,OPEN,2026-09-28 06:41:04,
278,5060,missing_name,MEDIUM,MEDIUM,OPEN,2026-09-28 06:41:04,
279,5061,missing_address,MEDIUM,HIGH,OPEN,2026-09-28 06:41:04,
280,5062,missing_name,MEDIUM,MEDIUM,OPEN,2026-09-28 06:41:04,
281,5063,missing_name,MEDIUM,MEDIUM,OPEN,2026-09-28 06:41:04,
282,5064,missing_name,MEDIUM,MEDIUM,OPEN,2026-09-28 06:41:04,
283,5065,missing_address,MEDIUM,HIGH,OPEN,2026-09-28 06:41:04,
284,5066,missing_name,MEDIUM,MEDIUM,OPEN,2026-09-28 06:41:04,
285,5067,missing_name,MEDIUM,MEDIUM,OPEN,2026-09-28 06:41:04,
286,5068,missing_name,MEDIUM,MEDIUM,OPEN,2026-09-28 06:41:04,
287,5069,missing_address,MEDIUM,HIGH,OPEN,2026-09-28 06:41:04,
288,5070,missing_address,MEDIUM,HIGH,OPEN,2026-09-28 06:41:04,
289,5071,missing_name,MEDIUM,MEDIUM,OPEN,2026-09-28 06:41:04,
290,5072,missing_name,MEDIUM,MEDIUM,OPEN,2026-09-28 06:41:04,
291,5073,missing_name,MEDIUM,MEDIUM,OPEN,2026-09-28 06:41:04,
292,5074,missing_name,MEDIUM,MEDIUM,OPEN,2026-09-28 06:41:04,
293,5075,missing_name,MEDIUM,MEDIUM,OPEN,2026-09-28 06:41:04,
294,5076,missing_address,MEDIUM,HIGH,OPEN,2026-09-28 06:41:04,
295,5077,missing_address,MEDIUM,HIGH,OPEN,2026-09-28 06:41:04,
296,5078,missing_name,MEDIUM,MEDIUM,OPEN,2026-09-28 06:41:04,
297,5079,missing_name,MEDIUM,MEDIUM,OPEN,2026-09-28 06:41:04,
298,5080,missing_name,MEDIUM,MEDIUM,OPEN,2026-09-28 06:41:04,
299,5081,missing_name,MEDIUM,MEDIUM,OPEN,2026-09-28 06:41:04,
300,5082,missing_name,MEDIUM,MEDIUM,OPEN,2026-09-28 06:41:04,
301,5083,missing_address,MEDIUM,HIGH,OPEN,2026-09-28 06:41:04,
302,5084,missing_name,MEDIUM,MEDIUM,OPEN,2026-09-28 06:41:04,
303,5085,missing_name,MEDIUM,MEDIUM,OPEN,2026-09-28 06:41:04,
304,5086,missing_name,MEDIUM,MEDIUM,OPEN,2026-09-28 06:41:04,
305,5087,missing_name,MEDIUM,MEDIUM,OPEN,2026-09-28 06:41:04,
306,5088,missing_name,MEDIUM,MEDIUM,OPEN,2026-09-28 06:41:04,
307,5089,missing_name,MEDIUM,MEDIUM,OPEN,2026-09-28 06:41:04,
308,5090,missing_name,MEDIUM,MEDIUM,OPEN,2026-09-28 06:41:04,
309,5091,missing_name,MEDIUM,MEDIUM,OPEN,2026-09-28 06:41:04,
310,5092,missing_name,MEDIUM,MEDIUM,OPEN,2026-09-28 06:41:04,
311,5093,missing_address,MEDIUM,HIGH,OPEN,2026-09-28 06:41:04,
312,5094,missing_name,MEDIUM,MEDIUM,OPEN,2026-09-28 06:41:04,
313,5095,missing_name,MEDIUM,MEDIUM,OPEN,2026-09-28 06:41:04,
314,5096,missing_name,MEDIUM,MEDIUM,OPEN,2026-09-28 06:41:04,
315,5097,missing_name,MEDIUM,MEDIUM,OPEN,2026-09-28 06:41:04,
316,5098,missing_name,MEDIUM,MEDIUM,OPEN,2026-09-28 06:41:04,
317,5099,missing_name,MEDIUM,MEDIUM,OPEN,2026-09-28 06:41:04,
318,5100,missing_name,MEDIUM,MEDIUM,OPEN,2026-09-28 06:41:04,
319,5101,missing_name,MEDIUM,MEDIUM,OPEN,2026-09-28 06:41:04,
320,5102,missing_name,MEDIUM,MEDIUM,OPEN,2026-09-28 06:41:04,
321,5103,missing_name,MEDIUM,MEDIUM,OPEN,2026-09-28 06:41:04,
322,5104,missing_name,MEDIUM,MEDIUM,OPEN,2026-09-28 06:41:04,
323,5105,missing_name,MEDIUM,MEDIUM,OPEN,2026-09-28 06:41:04,
324,5106,missing_name,MEDIUM,MEDIUM,OPEN,2026-09-28 06:41:04,
325,5107,missing_name,MEDIUM,MEDIUM,OPEN,2026-09-28 06:41:04,
326,5108,missing_name,MEDIUM,MEDIUM,OPEN,2026-09-28 06:41:04,
327,5109,missing_address,MEDIUM,HIGH,OPEN,2026-09-28 06:41:04,
328,5110,missing_name,MEDIUM,MEDIUM,OPEN,2026-09-28 06:41:04,
329,5111,missing_name,MEDIUM,MEDIUM,OPEN,2026-09-28 06:41:04,
330,5112,missing_address,MEDIUM,HIGH,OPEN,2026-09-28 06:41:04,
331,5113,missing_address,MEDIUM,HIGH,OPEN,2026-09-28 06:41:04,
332,5114,missing_address,MEDIUM,HIGH,OPEN,2026-09-28 06:41:04,
333,5115,missing_name,MEDIUM,MEDIUM,OPEN,2026-09-28 06:41:04,
334,5116,missing_name,MEDIUM,MEDIUM,OPEN,2026-09-28 06:41:04,
335,5117,missing_address,MEDIUM,HIGH,OPEN,2026-09-28 06:41:04,
336,5118,missing_name,MEDIUM,MEDIUM,OPEN,2026-09-28 06:41:04,
337,5119,missing_name,MEDIUM,MEDIUM,OPEN,2026-09-28 06:41:04,
338,5120,missing_name,MEDIUM,MEDIUM,OPEN,2026-09-28 06:41:04,
339,5121,missing_name,MEDIUM,MEDIUM,OPEN,2026-09-28 06:41:04,
340,5122,missing_name,MEDIUM,MEDIUM,OPEN,2026-09-28 06:41:04,
341,5123,missing_name,MEDIUM,MEDIUM,OPEN,2026-09-28 06:41:04,
342,5124,missing_name,MEDIUM,MEDIUM,OPEN,2026-09-28 06:41:04,
343,5125,missing_address,MEDIUM,HIGH,OPEN,2026-09-28 06:41:04,
344,5126,missing_name,MEDIUM,MEDIUM,OPEN,2026-09-28 06:41:04,
345,5127,missing_address,MEDIUM,HIGH,OPEN,2026-09-28 06:41:04,
346,5128,missing_address,MEDIUM,HIGH,OPEN,2026-09-28 06:41:04,
347,5129,missing_address,MEDIUM,HIGH,OPEN,2026-09-28 06:41:04,
348,5130,missing_address,MEDIUM,HIGH,OPEN,2026-09-28 06:41:04,
349,5131,missing_address,MEDIUM,HIGH,OPEN,2026-09-28 06:41:04,
350,5132,missing_name,MEDIUM,MEDIUM,OPEN,2026-09-28 06:41:04,
351,5133,missing_name,MEDIUM,MEDIUM,OPEN,2026-09-28 06:41:04,
352,5134,missing_name,MEDIUM,MEDIUM,OPEN,2026-09-28 06:41:04,
353,5135,missing_name,MEDIUM,MEDIUM,OPEN,2026-09-28 06:41:04,
354,5136,missing_name,MEDIUM,MEDIUM,OPEN,2026-09-28 06:41:04,
355,5137,missing_address,MEDIUM,HIGH,OPEN,2026-09-28 06:41:04,
356,5138,missing_name,MEDIUM,MEDIUM,OPEN,2026-09-28 06:41:04,
357,5139,missing_address,MEDIUM,HIGH,OPEN,2026-09-28 06:41:04,
358,5140,missing_address,MEDIUM,HIGH,OPEN,2026-09-28 06:41:04,
359,5141,missing_name,MEDIUM,MEDIUM,OPEN,2026-09-28 06:41:04,
360,5142,missing_name,MEDIUM,MEDIUM,OPEN,2026-09-28 06:41:04,
361,5143,missing_name,MEDIUM,MEDIUM,OPEN,2026-09-28 06:41:04,
362,5144,missing_name,MEDIUM,MEDIUM,OPEN,2026-09-28 06:41:04,
363,5145,missing_name,MEDIUM,MEDIUM,OPEN,2026-09-28 06:41:04,
364,5146,missing_name,MEDIUM,MEDIUM,OPEN,2026-09-28 06:41:04,
365,5147,missing_address,MEDIUM,HIGH,OPEN,2026-09-28 06:41:04,
366,5148,missing_name,MEDIUM,MEDIUM,OPEN,2026-09-28 06:41:04,
367,5149,missing_name,MEDIUM,MEDIUM,OPEN,2026-09-28 06:41:04,
368,5150,missing_address,MEDIUM,HIGH,OPEN,2026-09-28 06:41:04,
369,5151,missing_address,MEDIUM,HIGH,OPEN,2026-09-28 06:41:04,
370,5152,missing_name,MEDIUM,MEDIUM,OPEN,2026-09-28 06:41:04,
371,5153,missing_address,MEDIUM,HIGH,OPEN,2026-09-28 06:41:04,
372,5154,missing_name,MEDIUM,MEDIUM,OPEN,2026-09-28 06:41:04,
373,5155,missing_address,MEDIUM,HIGH,OPEN,2026-09-28 06:41:04,
374,5156,missing_address,MEDIUM,HIGH,OPEN,2026-09-28 06:41:04,
375,5157,missing_name,MEDIUM,MEDIUM,OPEN,2026-09-28 06:41:04,
376,5158,missing_name,MEDIUM,MEDIUM,OPEN,2026-09-28 06:41:04,
377,5159,missing_address,MEDIUM,HIGH,OPEN,2026-09-28 06:41:04,
378,5160,missing_name,MEDIUM,MEDIUM,OPEN,2026-09-28 06:41:04,
379,5161,missing_name,MEDIUM,MEDIUM,OPEN,2026-09-28 06:41:04,
380,5162,missing_address,MEDIUM,HIGH,OPEN,2026-09-28 06:41:04,
381,5163,missing_address,MEDIUM,HIGH,OPEN,2026-09-28 06:41:04,
382,5164,missing_name,MEDIUM,MEDIUM,OPEN,2026-09-28 06:41:04,
383,5165,missing_name,MEDIUM,MEDIUM,OPEN,2026-09-28 06:41:04,
384,5166,missing_name,MEDIUM,MEDIUM,OPEN,2026-09-28 06:41:04,
385,5167,missing_name,MEDIUM,MEDIUM,OPEN,2026-09-28 06:41:04,
386,5168,missing_name,MEDIUM,MEDIUM,OPEN,2026-09-28 06:41:04,
387,5169,missing_name,MEDIUM,MEDIUM,OPEN,2026-09-28 06:41:04,
388,5170,missing_name,MEDIUM,MEDIUM,OPEN,2026-09-28 06:41:04,
389,5171,missing_address,MEDIUM,HIGH,OPEN,2026-09-28 06:41:04,
390,5172,missing_name,MEDIUM,MEDIUM,OPEN,2026-09-28 06:41:04,
391,5173,missing_address,MEDIUM,HIGH,OPEN,2026-09-28 06:41:04,
392,5174,missing_address,MEDIUM,HIGH,OPEN,2026-09-28 06:41:04,
393,5175,missing_name,MEDIUM,MEDIUM,OPEN,2026-09-28 06:41:04,
394,5176,missing_name,MEDIUM,MEDIUM,OPEN,2026-09-28 06:41:04,
395,5177,missing_name,MEDIUM,MEDIUM,OPEN,2026-09-28 06:41:04,
396,5178,missing_name,MEDIUM,MEDIUM,OPEN,2026-09-28 06:41:04,
397,5179,missing_name,MEDIUM,MEDIUM,OPEN,2026-09-28 06:41:04,
398,5180,missing_name,MEDIUM,MEDIUM,OPEN,2026-09-28 06:41:04,
399,5181,missing_name,MEDIUM,MEDIUM,OPEN,2026-09-28 06:41:04,
400,5182,missing_name,MEDIUM,MEDIUM,OPEN,2026-09-28 06:41:04,
401,5183,missing_name,MEDIUM,MEDIUM,OPEN,2026-09-28 06:41:04,
402,5184,missing_name,MEDIUM,MEDIUM,OPEN,2026-09-28 06:41:04,
403,5185,missing_name,MEDIUM,MEDIUM,OPEN,2026-09-28 06:41:04,
404,5186,missing_name,MEDIUM,MEDIUM,OPEN,2026-09-28 06:41:04,
405,5187,missing_address,MEDIUM,HIGH,OPEN,2026-09-28 06:41:04,
406,5188,missing_name,MEDIUM,MEDIUM,OPEN,2026-09-28 06:41:04,
407,5189,missing_name,MEDIUM,MEDIUM,OPEN,2026-09-28 06:41:04,
408,5190,missing_name,MEDIUM,MEDIUM,OPEN,2026-09-28 06:41:04,
409,5191,missing_name,MEDIUM,MEDIUM,OPEN,2026-09-28 06:41:04,
410,5192,missing_name,MEDIUM,MEDIUM,OPEN,2026-09-28 06:41:04,
411,5193,missing_name,MEDIUM,MEDIUM,OPEN,2026-09-28 06:41:04,
412,5194,missing_name,MEDIUM,MEDIUM,OPEN,2026-09-28 06:41:04,
413,5195,missing_name,MEDIUM,MEDIUM,OPEN,2026-09-28 06:41:04,
414,5196,missing_name,MEDIUM,MEDIUM,OPEN,2026-09-28 06:41:04,
415,5197,missing_name,MEDIUM,MEDIUM,OPEN,2026-09-28 06:41:04,
416,5198,missing_name,MEDIUM,MEDIUM,OPEN,2026-09-28 06:41:04,
417,5199,missing_name,MEDIUM,MEDIUM,OPEN,2026-09-28 06:41:04,
418,5200,missing_name,MEDIUM,MEDIUM,OPEN,2026-09-28 06:41:04,
419,5201,missing_name,MEDIUM,MEDIUM,OPEN,2026-09-28 06:41:04,
420,5202,missing_name,MEDIUM,MEDIUM,OPEN,2026-09-28 06:41:04,
421,5203,missing_address,MEDIUM,HIGH,OPEN,2026-09-28 06:41:04,
422,5204,missing_name,MEDIUM,MEDIUM,OPEN,2026-09-28 06:41:04,
423,5205,missing_name,MEDIUM,MEDIUM,OPEN,2026-09-28 06:41:04,
424,5206,missing_name,MEDIUM,MEDIUM,OPEN,2026-09-28 06:41:04,
425,5207,missing_name,MEDIUM,MEDIUM,OPEN,2026-09-28 06:41:04,
426,5208,missing_name,MEDIUM,MEDIUM,OPEN,2026-09-28 06:41:04,
427,5209,missing_name,MEDIUM,MEDIUM,OPEN,2026-09-28 06:41:04,
428,5210,missing_name,MEDIUM,MEDIUM,OPEN,2026-09-28 06:41:04,
429,5211,missing_name,MEDIUM,MEDIUM,OPEN,2026-09-28 06:41:04,
430,5212,missing_name,MEDIUM,MEDIUM,OPEN,2026-09-28 06:41:04,
431,5213,missing_name,MEDIUM,MEDIUM,OPEN,2026-09-28 06:41:04,
432,5214,missing_name,MEDIUM,MEDIUM,OPEN,2026-09-28 06:41:04,
433,5215,missing_address,MEDIUM,HIGH,OPEN,2026-09-28 06:41:04,
434,5216,missing_name,MEDIUM,MEDIUM,OPEN,2026-09-28 06:41:04,
435,5217,missing_name,MEDIUM,MEDIUM,OPEN,2026-09-28 06:41:04,
436,5218,missing_address,MEDIUM,HIGH,OPEN,2026-09-28 06:41:04,
437,5219,missing_name,MEDIUM,MEDIUM,OPEN,2026-09-28 06:41:04,
438,5220,missing_name,MEDIUM,MEDIUM,OPEN,2026-09-28 06:41:04,
439,5221,missing_name,MEDIUM,MEDIUM,OPEN,2026-09-28 06:41:04,
440,5222,missing_name,MEDIUM,MEDIUM,OPEN,2026-09-28 06:41:04,
441,5223,missing_name,MEDIUM,MEDIUM,OPEN,2026-09-28 06:41:04,
442,5224,missing_name,MEDIUM,MEDIUM,OPEN,2026-09-28 06:41:04,
443,5225,missing_address,MEDIUM,HIGH,OPEN,2026-09-28 06:41:04,
444,5226,missing_name,MEDIUM,MEDIUM,OPEN,2026-09-28 06:41:04,
445,5227,missing_name,MEDIUM,MEDIUM,OPEN,2026-09-28 06:41:04,
446,5228,missing_address,MEDIUM,HIGH,OPEN,2026-09-28 06:41:04,
447,5229,missing_address,MEDIUM,HIGH,OPEN,2026-09-28 06:41:04,
448,5230,missing_name,MEDIUM,MEDIUM,OPEN,2026-09-28 06:41:04,
449,5231,missing_name,MEDIUM,MEDIUM,OPEN,2026-09-28 06:41:04,
450,5232,missing_address,MEDIUM,HIGH,OPEN,2026-09-28 06:41:04,
451,5233,missing_address,MEDIUM,HIGH,OPEN,2026-09-28 06:41:04,
452,5234,missing_name,MEDIUM,MEDIUM,OPEN,2026-09-28 06:41:04,
453,5235,missing_name,MEDIUM,MEDIUM,OPEN,2026-09-28 06:41:04,
454,5236,missing_address,MEDIUM,HIGH,OPEN,2026-09-28 06:41:04,
455,5237,missing_address,MEDIUM,HIGH,OPEN,2026-09-28 06:41:04,
456,5238,missing_name,MEDIUM,MEDIUM,OPEN,2026-09-28 06:41:04,
457,5239,missing_name,MEDIUM,MEDIUM,OPEN,2026-09-28 06:41:04,
458,5240,missing_address,MEDIUM,HIGH,OPEN,2026-09-28 06:41:04,
459,5241,missing_name,MEDIUM,MEDIUM,OPEN,2026-09-28 06:41:04,
460,5242,missing_address,MEDIUM,HIGH,OPEN,2026-09-28 06:41:04,
461,5243,missing_name,MEDIUM,MEDIUM,OPEN,2026-09-28 06:41:04,
462,5244,missing_address,MEDIUM,HIGH,OPEN,2026-09-28 06:41:04,
463,5245,missing_name,MEDIUM,MEDIUM,OPEN,2026-09-28 06:41:04,
464,5246,missing_name,MEDIUM,MEDIUM,OPEN,2026-09-28 06:41:04,
465,5247,missing_name,MEDIUM,MEDIUM,OPEN,2026-09-28 06:41:04,
466,5248,missing_name,MEDIUM,MEDIUM,OPEN,2026-09-28 06:41:04,
467,5249,missing_name,MEDIUM,MEDIUM,OPEN,2026-09-28 06:41:04,
468,5250,missing_name,MEDIUM,MEDIUM,OPEN,2026-09-28 06:41:04,
469,5251,missing_name,MEDIUM,MEDIUM,OPEN,2026-09-28 06:41:04,
470,5252,missing_name,MEDIUM,MEDIUM,OPEN,2026-09-28 06:41:04,
471,5253,missing_name,MEDIUM,MEDIUM,OPEN,2026-09-28 06:41:04,
472,5254,missing_name,MEDIUM,MEDIUM,OPEN,2026-09-28 06:41:04,
473,5255,missing_name,MEDIUM,MEDIUM,OPEN,2026-09-28 06:41:04,
474,5256,missing_name,MEDIUM,MEDIUM,OPEN,2026-09-28 06:41:04,
475,5257,missing_name,MEDIUM,MEDIUM,OPEN,2026-09-28 06:41:04,
476,5258,missing_name,MEDIUM,MEDIUM,OPEN,2026-09-28 06:41:04,
477,5259,missing_name,MEDIUM,MEDIUM,OPEN,2026-09-28 06:41:04,
478,5260,missing_name,MEDIUM,MEDIUM,OPEN,2026-09-28 06:41:04,
479,5261,missing_name,MEDIUM,MEDIUM,OPEN,2026-09-28 06:41:04,
480,5262,missing_name,MEDIUM,MEDIUM,OPEN,2026-09-28 06:41:04,
481,5263,missing_address,MEDIUM,HIGH,OPEN,2026-09-28 06:41:04,
482,5264,missing_name,MEDIUM,MEDIUM,OPEN,2026-09-28 06:41:04,
483,5265,missing_name,MEDIUM,MEDIUM,OPEN,2026-09-28 06:41:04,
484,5266,missing_name,MEDIUM,MEDIUM,OPEN,2026-09-28 06:41:04,
485,5267,missing_name,MEDIUM,MEDIUM,OPEN,2026-09-28 06:41:04,
486,5268,missing_name,MEDIUM,MEDIUM,OPEN,2026-09-28 06:41:04,
487,5269,missing_name,MEDIUM,MEDIUM,OPEN,2026-09-28 06:41:04,
488,5270,missing_address,MEDIUM,HIGH,OPEN,2026-09-28 06:41:04,
489,5271,missing_name,MEDIUM,MEDIUM,OPEN,2026-09-28 06:41:04,
490,5272,missing_name,MEDIUM,MEDIUM,OPEN,2026-09-28 06:41:04,
491,5273,missing_name,MEDIUM,MEDIUM,OPEN,2026-09-28 06:41:04,
492,5274,missing_name,MEDIUM,MEDIUM,OPEN,2026-09-28 06:41:04,
493,5275,missing_name,MEDIUM,MEDIUM,OPEN,2026-09-28 06:41:04,
494,5276,missing_address,MEDIUM,HIGH,OPEN,2026-09-28 06:41:04,
495,5277,missing_name,MEDIUM,MEDIUM,OPEN,2026-09-28 06:41:04,
496,5278,missing_name,MEDIUM,MEDIUM,OPEN,2026-09-28 06:41:04,
497,5279,missing_name,MEDIUM,MEDIUM,OPEN,2026-09-28 06:41:04,
498,5280,missing_name,MEDIUM,MEDIUM,OPEN,2026-09-28 06:41:04,
499,5281,missing_name,MEDIUM,MEDIUM,OPEN,2026-09-28 06:41:04,
500,5282,missing_name,MEDIUM,MEDIUM,OPEN,2026-09-28 06:41:04,
501,5283,missing_name,MEDIUM,MEDIUM,OPEN,2026-09-28 06:41:04,
502,5284,missing_name,MEDIUM,MEDIUM,OPEN,2026-09-28 06:41:04,
503,5285,missing_name,MEDIUM,MEDIUM,OPEN,2026-09-28 06:41:04,
504,5286,missing_name,MEDIUM,MEDIUM,OPEN,2026-09-28 06:41:04,
505,5287,missing_name,MEDIUM,MEDIUM,OPEN,2026-09-28 06:41:04,
506,5288,missing_name,MEDIUM,MEDIUM,OPEN,2026-09-28 06:41:04,
507,5289,missing_name,MEDIUM,MEDIUM,OPEN,2026-09-28 06:41:04,
508,5290,missing_name,MEDIUM,MEDIUM,OPEN,2026-09-28 06:41:04,
509,5291,missing_name,MEDIUM,MEDIUM,OPEN,2026-09-28 06:41:04,
510,5292,missing_name,MEDIUM,MEDIUM,OPEN,2026-09-28 06:41:04,
511,5293,missing_name,MEDIUM,MEDIUM,OPEN,2026-09-28 06:41:04,
512,5294,missing_name,MEDIUM,MEDIUM,OPEN,2026-09-28 06:41:04,
513,5295,missing_name,MEDIUM,MEDIUM,OPEN,2026-09-28 06:41:04,
514,5296,missing_name,MEDIUM,MEDIUM,OPEN,2026-09-28 06:41:04,
515,5297,missing_name,MEDIUM,MEDIUM,OPEN,2026-09-28 06:41:04,
516,5298,missing_name,MEDIUM,MEDIUM,OPEN,2026-09-28 06:41:04,
517,5299,missing_name,MEDIUM,MEDIUM,OPEN,2026-09-28 06:41:04,
518,5300,missing_name,MEDIUM,MEDIUM,OPEN,2026-09-28 06:41:04,
519,5301,missing_name,MEDIUM,MEDIUM,OPEN,2026-09-28 06:41:04,
520,5302,missing_name,MEDIUM,MEDIUM,OPEN,2026-09-28 06:41:04,
521,5303,missing_name,MEDIUM,MEDIUM,OPEN,2026-09-28 06:41:04,
522,5304,missing_name,MEDIUM,MEDIUM,OPEN,2026-09-28 06:41:04,
523,5305,missing_name,MEDIUM,MEDIUM,OPEN,2026-09-28 06:41:04,
524,5306,missing_name,MEDIUM,MEDIUM,OPEN,2026-09-28 06:41:04,
525,5307,missing_name,MEDIUM,MEDIUM,OPEN,2026-09-28 06:41:04,
526,5308,missing_name,MEDIUM,MEDIUM,OPEN,2026-09-28 06:41:04,
527,5309,missing_name,MEDIUM,MEDIUM,OPEN,2026-09-28 06:41:04,
528,5310,missing_name,MEDIUM,MEDIUM,OPEN,2026-09-28 06:41:04,
529,5311,missing_name,MEDIUM,MEDIUM,OPEN,2026-09-28 06:41:04,
530,5312,missing_name,MEDIUM,MEDIUM,OPEN,2026-09-28 06:41:04,
531,5313,missing_name,MEDIUM,MEDIUM,OPEN,2026-09-28 06:41:04,
532,5314,missing_name,MEDIUM,MEDIUM,OPEN,2026-09-28 06:41:04,
533,5315,missing_name,MEDIUM,MEDIUM,OPEN,2026-09-28 06:41:04,
534,5316,missing_name,MEDIUM,MEDIUM,OPEN,2026-09-28 06:41:04,
535,5317,missing_name,MEDIUM,MEDIUM,OPEN,2026-09-28 06:41:04,
536,5318,missing_name,MEDIUM,MEDIUM,OPEN,2026-09-28 06:41:04,
537,5319,missing_name,MEDIUM,MEDIUM,OPEN,2026-09-28 06:41:04,
538,5320,missing_name,MEDIUM,MEDIUM,OPEN,2026-09-28 06:41:04,
539,5321,missing_name,MEDIUM,MEDIUM,OPEN,2026-09-28 06:41:04,
540,5322,missing_name,MEDIUM,MEDIUM,OPEN,2026-09-28 06:41:04,
541,5323,missing_name,MEDIUM,MEDIUM,OPEN,2026-09-28 06:41:04,
542,5324,missing_name,MEDIUM,MEDIUM,OPEN,2026-09-28 06:41:04,
543,5325,missing_name,MEDIUM,MEDIUM,OPEN,2026-09-28 06:41:04,
544,5326,missing_name,MEDIUM,MEDIUM,OPEN,2026-09-28 06:41:04,
545,5327,missing_name,MEDIUM,MEDIUM,OPEN,2026-09-28 06:41:04,
546,5328,missing_name,MEDIUM,MEDIUM,OPEN,2026-09-28 06:41:04,
547,5329,missing_name,MEDIUM,MEDIUM,OPEN,2026-09-28 06:41:04,
548,5330,missing_name,MEDIUM,MEDIUM,OPEN,2026-09-28 06:41:04,
549,5331,missing_name,MEDIUM,MEDIUM,OPEN,2026-09-28 06:41:04,
550,5332,missing_name,MEDIUM,MEDIUM,OPEN,2026-09-28 06:41:04,
551,5333,missing_name,MEDIUM,MEDIUM,OPEN,2026-09-28 06:41:04,
552,5334,missing_name,MEDIUM,MEDIUM,OPEN,2026-09-28 06:41:04,
553,5335,missing_name,MEDIUM,MEDIUM,OPEN,2026-09-28 06:41:04,
554,5336,missing_name,MEDIUM,MEDIUM,OPEN,2026-09-28 06:41:04,
555,5337,missing_name,MEDIUM,MEDIUM,OPEN,2026-09-28 06:41:04,
556,5338,missing_name,MEDIUM,MEDIUM,OPEN,2026-09-28 06:41:04,
557,5339,missing_name,MEDIUM,MEDIUM,OPEN,2026-09-28 06:41:04,
558,5340,missing_name,MEDIUM,MEDIUM,OPEN,2026-09-28 06:41:04,
559,5341,missing_name,MEDIUM,MEDIUM,OPEN,2026-09-28 06:41:04,
560,5342,missing_name,MEDIUM,MEDIUM,OPEN,2026-09-28 06:41:04,
561,5343,missing_name,MEDIUM,MEDIUM,OPEN,2026-09-28 06:41:04,
562,5344,missing_name,MEDIUM,MEDIUM,OPEN,2026-09-28 06:41:04,
563,5345,missing_name,MEDIUM,MEDIUM,OPEN,2026-09-28 06:41:04,
564,5346,missing_name,MEDIUM,MEDIUM,OPEN,2026-09-28 06:41:04,
565,5347,missing_name,MEDIUM,MEDIUM,OPEN,2026-09-28 06:41:04,
566,5348,missing_name,MEDIUM,MEDIUM,OPEN,2026-09-28 06:41:04,
567,5349,missing_name,MEDIUM,MEDIUM,OPEN,2026-09-28 06:41:04,
568,5350,missing_name,MEDIUM,MEDIUM,OPEN,2026-09-28 06:41:04,
569,5351,missing_name,MEDIUM,MEDIUM,OPEN,2026-09-28 06:41:04,
570,5352,missing_name,MEDIUM,MEDIUM,OPEN,2026-09-28 06:41:04,
571,5353,missing_name,MEDIUM,MEDIUM,OPEN,2026-09-28 06:41:04,
572,5354,missing_name,MEDIUM,MEDIUM,OPEN,2026-09-28 06:41:04,
573,5355,missing_name,MEDIUM,MEDIUM,OPEN,2026-09-28 06:41:04,
574,5356,missing_name,MEDIUM,MEDIUM,OPEN,2026-09-28 06:41:04,
575,5357,missing_name,MEDIUM,MEDIUM,OPEN,2026-09-28 06:41:04,
576,5358,missing_name,MEDIUM,MEDIUM,OPEN,2026-09-28 06:41:04,
577,5359,missing_name,MEDIUM,MEDIUM,OPEN,2026-09-28 06:41:04,
578,5360,missing_name,MEDIUM,MEDIUM,OPEN,2026-09-28 06:41:04,
579,5361,missing_name,MEDIUM,MEDIUM,OPEN,2026-09-28 06:41:04,
580,5362,missing_name,MEDIUM,MEDIUM,OPEN,2026-09-28 06:41:04,
581,5363,missing_name,MEDIUM,MEDIUM,OPEN,2026-09-28 06:41:04,
582,5364,missing_name,MEDIUM,MEDIUM,OPEN,2026-09-28 06:41:04,
583,5365,missing_name,MEDIUM,MEDIUM,OPEN,2026-09-28 06:41:04,
584,5366,missing_name,MEDIUM,MEDIUM,OPEN,2026-09-28 06:41:04,
585,5367,missing_name,MEDIUM,MEDIUM,OPEN,2026-09-28 06:41:04,
586,5368,missing_name,MEDIUM,MEDIUM,OPEN,2026-09-28 06:41:04,
587,5369,missing_name,MEDIUM,MEDIUM,OPEN,2026-09-28 06:41:04,
588,5370,missing_name,MEDIUM,MEDIUM,OPEN,2026-09-28 06:41:04,
589,5371,missing_name,MEDIUM,MEDIUM,OPEN,2026-09-28 06:41:04,
590,5372,missing_name,MEDIUM,MEDIUM,OPEN,2026-09-28 06:41:04,
591,5373,missing_name,MEDIUM,MEDIUM,OPEN,2026-09-28 06:41:04,
592,5374,missing_name,MEDIUM,MEDIUM,OPEN,2026-09-28 06:41:04,
593,5375,missing_name,MEDIUM,MEDIUM,OPEN,2026-09-28 06:41:04,
594,5376,missing_name,MEDIUM,MEDIUM,OPEN,2026-09-28 06:41:04,
595,5377,missing_name,MEDIUM,MEDIUM,OPEN,2026-09-28 06:41:04,
596,5378,missing_name,MEDIUM,MEDIUM,OPEN,2026-09-28 06:41:04,
597,5379,missing_name,MEDIUM,MEDIUM,OPEN,2026-09-28 06:41:04,
598,5380,missing_name,MEDIUM,MEDIUM,OPEN,2026-09-28 06:41:04,
599,5381,missing_name,MEDIUM,MEDIUM,OPEN,2026-09-28 06:41:04,
600,5382,missing_name,MEDIUM,MEDIUM,OPEN,2026-09-28 06:41:04,
601,5383,missing_name,MEDIUM,MEDIUM,OPEN,2026-09-28 06:41:04,
602,5384,missing_name,MEDIUM,MEDIUM,OPEN,2026-09-28 06:41:04,
603,5385,missing_name,MEDIUM,MEDIUM,OPEN,2026-09-28 06:41:04,
604,5386,missing_name,MEDIUM,MEDIUM,OPEN,2026-09-28 06:41:04,
605,5387,missing_name,MEDIUM,MEDIUM,OPEN,2026-09-28 06:41:04,
606,5388,missing_name,MEDIUM,MEDIUM,OPEN,2026-09-28 06:41:04,
607,5389,missing_name,MEDIUM,MEDIUM,OPEN,2026-09-28 06:41:04,
608,5390,missing_name,MEDIUM,MEDIUM,OPEN,2026-09-28 06:41:04,
609,5391,missing_name,MEDIUM,MEDIUM,OPEN,2026-09-28 06:41:04,
610,5392,missing_name,MEDIUM,MEDIUM,OPEN,2026-09-28 06:41:04,
611,5393,missing_name,MEDIUM,MEDIUM,OPEN,2026-09-28 06:41:04,
612,5394,missing_name,MEDIUM,MEDIUM,OPEN,2026-09-28 06:41:04,
613,5395,missing_name,MEDIUM,MEDIUM,OPEN,2026-09-28 06:41:04,
614,5396,missing_name,MEDIUM,MEDIUM,OPEN,2026-09-28 06:41:04,
615,5397,missing_name,MEDIUM,MEDIUM,OPEN,2026-09-28 06:41:04,
616,5398,missing_name,MEDIUM,MEDIUM,OPEN,2026-09-28 06:41:04,
617,5399,missing_name,MEDIUM,MEDIUM,OPEN,2026-09-28 06:41:04,
618,5400,missing_name,MEDIUM,MEDIUM,OPEN,2026-09-28 06:41:04,
619,5401,missing_name,MEDIUM,MEDIUM,OPEN,2026-09-28 06:41:04,
620,5402,missing_address,MEDIUM,HIGH,OPEN,2026-09-28 06:41:04,
621,5403,missing_address,MEDIUM,HIGH,OPEN,2026-09-28 06:41:04,
622,5404,missing_name,MEDIUM,MEDIUM,OPEN,2026-09-28 06:41:04,
623,5405,missing_name,MEDIUM,MEDIUM,OPEN,2026-09-28 06:41:04,
624,5406,missing_name,MEDIUM,MEDIUM,OPEN,2026-09-28 06:41:04,
625,5407,missing_address,MEDIUM,HIGH,OPEN,2026-09-28 06:41:04,
626,5408,missing_name,MEDIUM,MEDIUM,OPEN,2026-09-28 06:41:04,
627,5409,missing_name,MEDIUM,MEDIUM,OPEN,2026-09-28 06:41:04,
628,5410,missing_name,MEDIUM,MEDIUM,OPEN,2026-09-28 06:41:04,
629,5411,missing_name,MEDIUM,MEDIUM,OPEN,2026-09-28 06:41:04,
630,5412,missing_name,MEDIUM,MEDIUM,OPEN,2026-09-28 06:41:04,
631,5413,missing_name,MEDIUM,MEDIUM,OPEN,2026-09-28 06:41:04,
632,5414,missing_address,MEDIUM,HIGH,OPEN,2026-09-28 06:41:04,
633,5415,missing_address,MEDIUM,HIGH,OPEN,2026-09-28 06:41:04,
634,5416,missing_name,MEDIUM,MEDIUM,OPEN,2026-09-28 06:41:04,
635,5417,missing_name,MEDIUM,MEDIUM,OPEN,2026-09-28 06:41:04,
636,5418,missing_name,MEDIUM,MEDIUM,OPEN,2026-09-28 06:41:04,
637,5419,missing_name,MEDIUM,MEDIUM,OPEN,2026-09-28 06:41:04,
638,5420,missing_name,MEDIUM,MEDIUM,OPEN,2026-09-28 06:41:04,
639,5421,missing_address,MEDIUM,HIGH,OPEN,2026-09-28 06:41:04,
640,5422,missing_address,MEDIUM,HIGH,OPEN,2026-09-28 06:41:04,
641,5423,missing_name,MEDIUM,MEDIUM,OPEN,2026-09-28 06:41:04,
642,5424,missing_name,MEDIUM,MEDIUM,OPEN,2026-09-28 06:41:04,
643,5425,missing_name,MEDIUM,MEDIUM,OPEN,2026-09-28 06:41:04,
644,5426,missing_name,MEDIUM,MEDIUM,OPEN,2026-09-28 06:41:04,
645,5427,missing_name,MEDIUM,MEDIUM,OPEN,2026-09-28 06:41:04,
646,5428,missing_name,MEDIUM,MEDIUM,OPEN,2026-09-28 06:41:04,
647,5429,missing_name,MEDIUM,MEDIUM,OPEN,2026-09-28 06:41:04,
648,5430,missing_name,MEDIUM,MEDIUM,OPEN,2026-09-28 06:41:04,
649,5431,missing_name,MEDIUM,MEDIUM,OPEN,2026-09-28 06:41:04,
650,5432,missing_name,MEDIUM,MEDIUM,OPEN,2026-09-28 06:41:04,
651,5433,missing_name,MEDIUM,MEDIUM,OPEN,2026-09-28 06:41:04,
652,5434,missing_name,MEDIUM,MEDIUM,OPEN,2026-09-28 06:41:04,
653,5435,missing_name,MEDIUM,MEDIUM,OPEN,2026-09-28 06:41:04,
654,5436,missing_name,MEDIUM,MEDIUM,OPEN,2026-09-28 06:41:04,
655,5437,missing_name,MEDIUM,MEDIUM,OPEN,2026-09-28 06:41:04,
656,5438,missing_address,MEDIUM,HIGH,OPEN,2026-09-28 06:41:04,
657,5439,missing_name,MEDIUM,MEDIUM,OPEN,2026-09-28 06:41:04,
658,5440,missing_address,MEDIUM,HIGH,OPEN,2026-09-28 06:41:04,
659,5441,missing_address,MEDIUM,HIGH,OPEN,2026-09-28 06:41:04,
660,5442,missing_address,MEDIUM,HIGH,OPEN,2026-09-28 06:41:04,
661,5443,missing_address,MEDIUM,HIGH,OPEN,2026-09-28 06:41:04,
662,5444,missing_address,MEDIUM,HIGH,OPEN,2026-09-28 06:41:04,
663,5445,missing_address,MEDIUM,HIGH,OPEN,2026-09-28 06:41:04,
664,5446,missing_address,MEDIUM,HIGH,OPEN,2026-09-28 06:41:04,
665,5447,missing_name,MEDIUM,MEDIUM,OPEN,2026-09-28 06:41:04,
666,5448,missing_name,MEDIUM,MEDIUM,OPEN,2026-09-28 06:41:04,
667,5449,missing_address,MEDIUM,HIGH,OPEN,2026-09-28 06:41:04,
668,5450,missing_address,MEDIUM,HIGH,OPEN,2026-09-28 06:41:04,
669,5451,missing_address,MEDIUM,HIGH,OPEN,2026-09-28 06:41:04,
670,5452,missing_name,MEDIUM,MEDIUM,OPEN,2026-09-28 06:41:04,
671,5453,missing_address,MEDIUM,HIGH,OPEN,2026-09-28 06:41:04,
672,5454,missing_address,MEDIUM,HIGH,OPEN,2026-09-28 06:41:04,
673,5455,missing_name,MEDIUM,MEDIUM,OPEN,2026-09-28 06:41:04,
674,5456,missing_address,MEDIUM,HIGH,OPEN,2026-09-28 06:41:04,
675,5457,missing_address,MEDIUM,HIGH,OPEN,2026-09-28 06:41:04,
676,5458,missing_address,MEDIUM,HIGH,OPEN,2026-09-28 06:41:04,
677,5459,missing_address,MEDIUM,HIGH,OPEN,2026-09-28 06:41:04,
678,5460,missing_address,MEDIUM,HIGH,OPEN,2026-09-28 06:41:04,
679,5461,missing_address,MEDIUM,HIGH,OPEN,2026-09-28 06:41:04,
680,5462,missing_name,MEDIUM,MEDIUM,OPEN,2026-09-28 06:41:04,
681,5463,missing_name,MEDIUM,MEDIUM,OPEN,2026-09-28 06:41:04,
682,5464,missing_address,MEDIUM,HIGH,OPEN,2026-09-28 06:41:04,
683,5465,missing_address,MEDIUM,HIGH,OPEN,2026-09-28 06:41:04,
684,5466,missing_name,MEDIUM,MEDIUM,OPEN,2026-09-28 06:41:04,
685,5467,missing_name,MEDIUM,MEDIUM,OPEN,2026-09-28 06:41:04,
686,5468,missing_name,MEDIUM,MEDIUM,OPEN,2026-09-28 06:41:04,
687,5469,missing_name,MEDIUM,MEDIUM,OPEN,2026-09-28 06:41:04,
688,5470,missing_name,MEDIUM,MEDIUM,OPEN,2026-09-28 06:41:04,
689,5471,missing_name,MEDIUM,MEDIUM,OPEN,2026-09-28 06:41:04,
690,5472,missing_name,MEDIUM,MEDIUM,OPEN,2026-09-28 06:41:04,
691,5473,missing_name,MEDIUM,MEDIUM,OPEN,2026-09-28 06:41:04,
692,5474,missing_name,MEDIUM,MEDIUM,OPEN,2026-09-28 06:41:04,
693,5475,missing_address,MEDIUM,HIGH,OPEN,2026-09-28 06:41:04,
694,5476,missing_address,MEDIUM,HIGH,OPEN,2026-09-28 06:41:04,
695,5477,missing_name,MEDIUM,MEDIUM,OPEN,2026-09-28 06:41:04,
696,5478,missing_name,MEDIUM,MEDIUM,OPEN,2026-09-28 06:41:04,
697,5479,missing_address,MEDIUM,HIGH,OPEN,2026-09-28 06:41:04,
698,5480,missing_address,MEDIUM,HIGH,OPEN,2026-09-28 06:41:04,
699,5481,missing_address,MEDIUM,HIGH,OPEN,2026-09-28 06:41:04,
700,5482,missing_address,MEDIUM,HIGH,OPEN,2026-09-28 06:41:04,
701,5483,missing_address,MEDIUM,HIGH,OPEN,2026-09-28 06:41:04,
702,5484,missing_address,MEDIUM,HIGH,OPEN,2026-09-28 06:41:04,
703,5485,missing_name,MEDIUM,MEDIUM,OPEN,2026-09-28 06:41:04,
704,5486,missing_address,MEDIUM,HIGH,OPEN,2026-09-28 06:41:04,
705,5487,missing_address,MEDIUM,HIGH,OPEN,2026-09-28 06:41:04,
706,5488,missing_address,MEDIUM,HIGH,OPEN,2026-09-28 06:41:04,
707,5489,missing_address,MEDIUM,HIGH,OPEN,2026-09-28 06:41:04,
708,5490,missing_address,MEDIUM,HIGH,OPEN,2026-09-28 06:41:04,
709,5491,missing_address,MEDIUM,HIGH,OPEN,2026-09-28 06:41:04,
710,5492,missing_address,MEDIUM,HIGH,OPEN,2026-09-28 06:41:04,
711,5493,missing_name,MEDIUM,MEDIUM,OPEN,2026-09-28 06:41:04,
712,5494,missing_address,MEDIUM,HIGH,OPEN,2026-09-28 06:41:04,
713,5495,missing_name,MEDIUM,MEDIUM,OPEN,2026-09-28 06:41:04,
714,5496,missing_name,MEDIUM,MEDIUM,OPEN,2026-09-28 06:41:04,
715,5497,missing_name,MEDIUM,MEDIUM,OPEN,2026-09-28 06:41:04,
716,5498,missing_name,MEDIUM,MEDIUM,OPEN,2026-09-28 06:41:04,
717,5499,missing_address,MEDIUM,HIGH,OPEN,2026-09-28 06:41:04,
718,5500,missing_address,MEDIUM,HIGH,OPEN,2026-09-28 06:41:04,
719,5501,missing_address,MEDIUM,HIGH,OPEN,2026-09-28 06:41:04,
720,5502,missing_address,MEDIUM,HIGH,OPEN,2026-09-28 06:41:04,
721,5503,missing_address,MEDIUM,HIGH,OPEN,2026-09-28 06:41:04,
722,5504,missing_address,MEDIUM,HIGH,OPEN,2026-09-28 06:41:04,
723,5505,missing_address,MEDIUM,HIGH,OPEN,2026-09-28 06:41:04,
724,5506,missing_address,MEDIUM,HIGH,OPEN,2026-09-28 06:41:04,
725,5507,missing_address,MEDIUM,HIGH,OPEN,2026-09-28 06:41:04,
726,5508,missing_name,MEDIUM,MEDIUM,OPEN,2026-09-28 06:41:04,
727,5509,missing_name,MEDIUM,MEDIUM,OPEN,2026-09-28 06:41:04,
728,5510,missing_address,MEDIUM,HIGH,OPEN,2026-09-28 06:41:04,
729,5511,missing_address,MEDIUM,HIGH,OPEN,2026-09-28 06:41:04,
730,5512,missing_address,MEDIUM,HIGH,OPEN,2026-09-28 06:41:04,
731,5513,missing_name,MEDIUM,MEDIUM,OPEN,2026-09-28 06:41:04,
732,5514,missing_address,MEDIUM,HIGH,OPEN,2026-09-28 06:41:04,
733,5515,missing_address,MEDIUM,HIGH,OPEN,2026-09-28 06:41:04,
734,5516,missing_address,MEDIUM,HIGH,OPEN,2026-09-28 06:41:04,
735,5517,missing_address,MEDIUM,HIGH,OPEN,2026-09-28 06:41:04,
736,5518,missing_address,MEDIUM,HIGH,OPEN,2026-09-28 06:41:04,
737,5519,missing_address,MEDIUM,HIGH,OPEN,2026-09-28 06:41:04,
738,5520,missing_address,MEDIUM,HIGH,OPEN,2026-09-28 06:41:04,
739,5521,missing_address,MEDIUM,HIGH,OPEN,2026-09-28 06:41:04,
740,5522,missing_address,MEDIUM,HIGH,OPEN,2026-09-28 06:41:04,
741,5523,missing_name,MEDIUM,MEDIUM,OPEN,2026-09-28 06:41:04,
742,5524,missing_name,MEDIUM,MEDIUM,OPEN,2026-09-28 06:41:04,
743,5525,missing_name,MEDIUM,MEDIUM,OPEN,2026-09-28 06:41:04,
744,5526,missing_name,MEDIUM,MEDIUM,OPEN,2026-09-28 06:41:04,
745,5527,missing_address,MEDIUM,HIGH,OPEN,2026-09-28 06:41:04,
746,5528,missing_address,MEDIUM,HIGH,OPEN,2026-09-28 06:41:04,
747,5529,missing_address,MEDIUM,HIGH,OPEN,2026-09-28 06:41:04,
748,5530,missing_address,MEDIUM,HIGH,OPEN,2026-09-28 06:41:04,
749,5531,missing_address,MEDIUM,HIGH,OPEN,2026-09-28 06:41:04,
750,5532,missing_address,MEDIUM,HIGH,OPEN,2026-09-28 06:41:04,
751,5533,missing_address,MEDIUM,HIGH,OPEN,2026-09-28 06:41:04,
752,5534,missing_address,MEDIUM,HIGH,OPEN,2026-09-28 06:41:04,
753,5535,missing_address,MEDIUM,HIGH,OPEN,2026-09-28 06:41:04,
754,5536,missing_address,MEDIUM,HIGH,OPEN,2026-09-28 06:41:04,
755,5537,missing_address,MEDIUM,HIGH,OPEN,2026-09-28 06:41:04,
756,5538,missing_address,MEDIUM,HIGH,OPEN,2026-09-28 06:41:04,
757,5539,missing_address,MEDIUM,HIGH,OPEN,2026-09-28 06:41:04,
758,5540,missing_address,MEDIUM,HIGH,OPEN,2026-09-28 06:41:04,
759,5541,missing_address,MEDIUM,HIGH,OPEN,2026-09-28 06:41:04,
760,5542,missing_address,MEDIUM,HIGH,OPEN,2026-09-28 06:41:04,
761,5543,missing_name,MEDIUM,MEDIUM,OPEN,2026-09-28 06:41:04,
762,5544,missing_name,MEDIUM,MEDIUM,OPEN,2026-09-28 06:41:04,
763,5545,missing_address,MEDIUM,HIGH,OPEN,2026-09-28 06:41:04,
764,5546,missing_address,MEDIUM,HIGH,OPEN,2026-09-28 06:41:04,
765,5547,missing_address,MEDIUM,HIGH,OPEN,2026-09-28 06:41:04,
766,5548,missing_address,MEDIUM,HIGH,OPEN,2026-09-28 06:41:04,
767,5549,missing_address,MEDIUM,HIGH,OPEN,2026-09-28 06:41:04,
768,5550,missing_address,MEDIUM,HIGH,OPEN,2026-09-28 06:41:04,
769,5551,missing_address,MEDIUM,HIGH,OPEN,2026-09-28 06:41:04,
770,5552,missing_address,MEDIUM,HIGH,OPEN,2026-09-28 06:41:04,
771,5553,missing_name,MEDIUM,MEDIUM,OPEN,2026-09-28 06:41:04,
772,5554,missing_name,MEDIUM,MEDIUM,OPEN,2026-09-28 06:41:04,
773,5555,missing_address,MEDIUM,HIGH,OPEN,2026-09-28 06:41:04,
774,5556,missing_address,MEDIUM,HIGH,OPEN,2026-09-28 06:41:04,
775,5557,missing_address,MEDIUM,HIGH,OPEN,2026-09-28 06:41:04,
776,5558,missing_address,MEDIUM,HIGH,OPEN,2026-09-28 06:41:04,
777,5559,missing_address,MEDIUM,HIGH,OPEN,2026-09-28 06:41:04,
778,5560,missing_address,MEDIUM,HIGH,OPEN,2026-09-28 06:41:04,
779,5561,missing_address,MEDIUM,HIGH,OPEN,2026-09-28 06:41:04,
780,5562,missing_address,MEDIUM,HIGH,OPEN,2026-09-28 06:41:04,
781,5563,missing_address,MEDIUM,HIGH,OPEN,2026-09-28 06:41:04,
782,5564,missing_address,MEDIUM,HIGH,OPEN,2026-09-28 06:41:04,
783,5565,missing_address,MEDIUM,HIGH,OPEN,2026-09-28 06:41:04,
784,5566,missing_address,MEDIUM,HIGH,OPEN,2026-09-28 06:41:04,
785,5567,missing_address,MEDIUM,HIGH,OPEN,2026-09-28 06:41:04,
786,5568,missing_address,MEDIUM,HIGH,OPEN,2026-09-28 06:41:04,
787,5569,missing_address,MEDIUM,HIGH,OPEN,2026-09-28 06:41:04,
788,5570,missing_address,MEDIUM,HIGH,OPEN,2026-09-28 06:41:04,
789,5571,missing_address,MEDIUM,HIGH,OPEN,2026-09-28 06:41:04,
790,5572,missing_address,MEDIUM,HIGH,OPEN,2026-09-28 06:41:04,
791,5573,missing_address,MEDIUM,HIGH,OPEN,2026-09-28 06:41:04,
792,5574,missing_address,MEDIUM,HIGH,OPEN,2026-09-28 06:41:04,
793,5575,missing_address,MEDIUM,HIGH,OPEN,2026-09-28 06:41:04,
794,5576,missing_address,MEDIUM,HIGH,OPEN,2026-09-28 06:41:04,
795,5577,missing_address,MEDIUM,HIGH,OPEN,2026-09-28 06:41:04,
796,5578,missing_address,MEDIUM,HIGH,OPEN,2026-09-28 06:41:04,
797,5579,missing_address,MEDIUM,HIGH,OPEN,2026-09-28 06:41:04,
798,5580,missing_address,MEDIUM,HIGH,OPEN,2026-09-28 06:41:04,
799,5581,missing_address,MEDIUM,HIGH,OPEN,2026-09-28 06:41:04,
800,5582,missing_address,MEDIUM,HIGH,OPEN,2026-09-28 06:41:04,
801,5583,missing_address,MEDIUM,HIGH,OPEN,2026-09-28 06:41:04,
802,5584,missing_address,MEDIUM,HIGH,OPEN,2026-09-28 06:41:04,
803,5585,missing_name,MEDIUM,MEDIUM,OPEN,2026-09-28 06:41:04,
804,5586,missing_address,MEDIUM,HIGH,OPEN,2026-09-28 06:41:04,
805,5587,missing_address,MEDIUM,HIGH,OPEN,2026-09-28 06:41:04,
806,5588,missing_name,MEDIUM,MEDIUM,OPEN,2026-09-28 06:41:04,
807,5589,missing_address,MEDIUM,HIGH,OPEN,2026-09-28 06:41:04,
808,5590,missing_address,MEDIUM,HIGH,OPEN,2026-09-28 06:41:04,
809,5591,missing_address,MEDIUM,HIGH,OPEN,2026-09-28 06:41:04,
810,5592,missing_address,MEDIUM,HIGH,OPEN,2026-09-28 06:41:04,
811,5593,missing_address,MEDIUM,HIGH,OPEN,2026-09-28 06:41:04,
812,5594,missing_address,MEDIUM,HIGH,OPEN,2026-09-28 06:41:04,
813,5595,missing_address,MEDIUM,HIGH,OPEN,2026-09-28 06:41:04,
814,5596,missing_address,MEDIUM,HIGH,OPEN,2026-09-28 06:41:04,
815,5597,missing_address,MEDIUM,HIGH,OPEN,2026-09-28 06:41:04,
816,5598,missing_address,MEDIUM,HIGH,OPEN,2026-09-28 06:41:04,
817,5599,missing_address,MEDIUM,HIGH,OPEN,2026-09-28 06:41:04,
818,5600,missing_address,MEDIUM,HIGH,OPEN,2026-09-28 06:41:04,
819,5601,missing_address,MEDIUM,HIGH,OPEN,2026-09-28 06:41:04,
820,5602,missing_address,MEDIUM,HIGH,OPEN,2026-09-28 06:41:04,
821,5603,missing_address,MEDIUM,HIGH,OPEN,2026-09-28 06:41:04,
822,5604,missing_address,MEDIUM,HIGH,OPEN,2026-09-28 06:41:04,
823,5605,missing_address,MEDIUM,HIGH,OPEN,2026-09-28 06:41:04,
824,5606,missing_address,MEDIUM,HIGH,OPEN,2026-09-28 06:41:04,
825,5607,missing_address,MEDIUM,HIGH,OPEN,2026-09-28 06:41:04,
826,5608,missing_address,MEDIUM,HIGH,OPEN,2026-09-28 06:41:04,
827,5609,missing_address,MEDIUM,HIGH,OPEN,2026-09-28 06:41:04,
828,5610,missing_address,MEDIUM,HIGH,OPEN,2026-09-28 06:41:04,
829,5611,missing_address,MEDIUM,HIGH,OPEN,2026-09-28 06:41:04,
830,5612,missing_address,MEDIUM,HIGH,OPEN,2026-09-28 06:41:04,
831,5613,missing_address,MEDIUM,HIGH,OPEN,2026-09-28 06:41:04,
832,5614,missing_address,MEDIUM,HIGH,OPEN,2026-09-28 06:41:04,
833,5615,missing_name,MEDIUM,MEDIUM,OPEN,2026-09-28 06:41:04,
834,5616,missing_address,MEDIUM,HIGH,OPEN,2026-09-28 06:41:04,
835,5617,missing_address,MEDIUM,HIGH,OPEN,2026-09-28 06:41:04,
836,5618,missing_address,MEDIUM,HIGH,OPEN,2026-09-28 06:41:04,
837,5619,missing_address,MEDIUM,HIGH,OPEN,2026-09-28 06:41:04,
838,5620,missing_name,MEDIUM,MEDIUM,OPEN,2026-09-28 06:41:04,
839,5621,missing_name,MEDIUM,MEDIUM,OPEN,2026-09-28 06:41:04,
840,5622,missing_address,MEDIUM,HIGH,OPEN,2026-09-28 06:41:04,
841,5623,missing_address,MEDIUM,HIGH,OPEN,2026-09-28 06:41:04,
842,5624,missing_address,MEDIUM,HIGH,OPEN,2026-09-28 06:41:04,
843,5625,missing_address,MEDIUM,HIGH,OPEN,2026-09-28 06:41:04,
844,5626,missing_address,MEDIUM,HIGH,OPEN,2026-09-28 06:41:04,
845,5627,missing_address,MEDIUM,HIGH,OPEN,2026-09-28 06:41:04,
846,5628,missing_address,MEDIUM,HIGH,OPEN,2026-09-28 06:41:04,
847,5629,missing_address,MEDIUM,HIGH,OPEN,2026-09-28 06:41:04,
848,5630,missing_address,MEDIUM,HIGH,OPEN,2026-09-28 06:41:04,
849,5631,missing_name,MEDIUM,MEDIUM,OPEN,2026-09-28 06:41:04,
850,5632,missing_name,MEDIUM,MEDIUM,OPEN,2026-09-28 06:41:04,
851,5633,missing_address,MEDIUM,HIGH,OPEN,2026-09-28 06:41:04,
852,5634,missing_address,MEDIUM,HIGH,OPEN,2026-09-28 06:41:04,
853,5635,missing_address,MEDIUM,HIGH,OPEN,2026-09-28 06:41:04,
854,5636,missing_address,MEDIUM,HIGH,OPEN,2026-09-28 06:41:04,
855,5637,missing_name,MEDIUM,MEDIUM,OPEN,2026-09-28 06:41:04,
856,5638,missing_name,MEDIUM,MEDIUM,OPEN,2026-09-28 06:41:04,
857,5639,missing_address,MEDIUM,HIGH,OPEN,2026-09-28 06:41:04,
858,5640,missing_address,MEDIUM,HIGH,OPEN,2026-09-28 06:41:04,
859,5641,missing_address,MEDIUM,HIGH,OPEN,2026-09-28 06:41:04,
860,5642,missing_address,MEDIUM,HIGH,OPEN,2026-09-28 06:41:04,
861,5643,missing_address,MEDIUM,HIGH,OPEN,2026-09-28 06:41:04,
862,5644,missing_name,MEDIUM,MEDIUM,OPEN,2026-09-28 06:41:04,
863,5645,missing_address,MEDIUM,HIGH,OPEN,2026-09-28 06:41:04,
864,5646,missing_address,MEDIUM,HIGH,OPEN,2026-09-28 06:41:04,
865,5647,missing_address,MEDIUM,HIGH,OPEN,2026-09-28 06:41:04,
866,5648,missing_address,MEDIUM,HIGH,OPEN,2026-09-28 06:41:04,
867,5649,missing_address,MEDIUM,HIGH,OPEN,2026-09-28 06:41:04,
868,5650,missing_address,MEDIUM,HIGH,OPEN,2026-09-28 06:41:04,
869,5651,missing_address,MEDIUM,HIGH,OPEN,2026-09-28 06:41:04,
870,5652,missing_address,MEDIUM,HIGH,OPEN,2026-09-28 06:41:04,
871,5653,missing_address,MEDIUM,HIGH,OPEN,2026-09-28 06:41:04,
872,5654,missing_address,MEDIUM,HIGH,OPEN,2026-09-28 06:41:04,
873,5655,missing_address,MEDIUM,HIGH,OPEN,2026-09-28 06:41:04,
874,5656,missing_address,MEDIUM,HIGH,OPEN,2026-09-28 06:41:04,
875,5657,missing_address,MEDIUM,HIGH,OPEN,2026-09-28 06:41:04,
876,5658,missing_address,MEDIUM,HIGH,OPEN,2026-09-28 06:41:04,
877,5659,missing_address,MEDIUM,HIGH,OPEN,2026-09-28 06:41:04,
878,5660,missing_address,MEDIUM,HIGH,OPEN,2026-09-28 06:41:04,
879,5661,missing_address,MEDIUM,HIGH,OPEN,2026-09-28 06:41:04,
880,5662,missing_address,MEDIUM,HIGH,OPEN,2026-09-28 06:41:04,
881,5663,missing_address,MEDIUM,HIGH,OPEN,2026-09-28 06:41:04,
882,5664,missing_address,MEDIUM,HIGH,OPEN,2026-09-28 06:41:04,
883,5665,missing_address,MEDIUM,HIGH,OPEN,2026-09-28 06:41:04,
884,5666,missing_address,MEDIUM,HIGH,OPEN,2026-09-28 06:41:04,
885,5667,missing_address,MEDIUM,HIGH,OPEN,2026-09-28 06:41:04,
886,5668,missing_address,MEDIUM,HIGH,OPEN,2026-09-28 06:41:04,
887,5669,missing_address,MEDIUM,HIGH,OPEN,2026-09-28 06:41:04,
888,5670,missing_address,MEDIUM,HIGH,OPEN,2026-09-28 06:41:04,
889,5671,missing_address,MEDIUM,HIGH,OPEN,2026-09-28 06:41:04,
890,5672,missing_address,MEDIUM,HIGH,OPEN,2026-09-28 06:41:04,
891,5673,missing_address,MEDIUM,HIGH,OPEN,2026-09-28 06:41:04,
892,5674,missing_address,MEDIUM,HIGH,OPEN,2026-09-28 06:41:04,
893,5675,missing_address,MEDIUM,HIGH,OPEN,2026-09-28 06:41:04,
894,5676,missing_address,MEDIUM,HIGH,OPEN,2026-09-28 06:41:04,
895,5677,missing_address,MEDIUM,HIGH,OPEN,2026-09-28 06:41:04,
896,5678,missing_address,MEDIUM,HIGH,OPEN,2026-09-28 06:41:04,
897,5679,missing_address,MEDIUM,HIGH,OPEN,2026-09-28 06:41:04,
898,5680,missing_address,MEDIUM,HIGH,OPEN,2026-09-28 06:41:04,
899,5681,missing_address,MEDIUM,HIGH,OPEN,2026-09-28 06:41:04,
900,5682,missing_address,MEDIUM,HIGH,OPEN,2026-09-28 06:41:04,
901,5683,missing_address,MEDIUM,HIGH,OPEN,2026-09-28 06:41:04,
902,5684,missing_address,MEDIUM,HIGH,OPEN,2026-09-28 06:41:04,
903,5685,missing_address,MEDIUM,HIGH,OPEN,2026-09-28 06:41:04,
904,5686,missing_address,MEDIUM,HIGH,OPEN,2026-09-28 06:41:04,
905,5687,missing_address,MEDIUM,HIGH,OPEN,2026-09-28 06:41:04,
906,5688,missing_address,MEDIUM,HIGH,OPEN,2026-09-28 06:41:04,
907,5689,missing_address,MEDIUM,HIGH,OPEN,2026-09-28 06:41:04,
908,5690,missing_address,MEDIUM,HIGH,OPEN,2026-09-28 06:41:04,
909,5691,missing_address,MEDIUM,HIGH,OPEN,2026-09-28 06:41:04,
910,5692,missing_address,MEDIUM,HIGH,OPEN,2026-09-28 06:41:04,
911,5693,missing_address,MEDIUM,HIGH,OPEN,2026-09-28 06:41:04,
912,5694,missing_address,MEDIUM,HIGH,OPEN,2026-09-28 06:41:04,
913,5695,missing_address,MEDIUM,HIGH,OPEN,2026-09-28 06:41:04,
914,5696,missing_address,MEDIUM,HIGH,OPEN,2026-09-28 06:41:04,
915,5697,missing_address,MEDIUM,HIGH,OPEN,2026-09-28 06:41:04,
916,5698,missing_address,MEDIUM,HIGH,OPEN,2026-09-28 06:41:04,
917,5699,missing_address,MEDIUM,HIGH,OPEN,2026-09-28 06:41:04,
918,5700,missing_address,MEDIUM,HIGH,OPEN,2026-09-28 06:41:04,
919,5701,missing_address,MEDIUM,HIGH,OPEN,2026-09-28 06:41:04,
920,5702,missing_address,MEDIUM,HIGH,OPEN,2026-09-28 06:41:04,
921,5703,missing_address,MEDIUM,HIGH,OPEN,2026-09-28 06:41:04,
922,5704,missing_address,MEDIUM,HIGH,OPEN,2026-09-28 06:41:04,
923,5705,missing_address,MEDIUM,HIGH,OPEN,2026-09-28 06:41:04,
924,5706,missing_address,MEDIUM,HIGH,OPEN,2026-09-28 06:41:04,
925,5707,missing_address,MEDIUM,HIGH,OPEN,2026-09-28 06:41:04,
926,5708,missing_address,MEDIUM,HIGH,OPEN,2026-09-28 06:41:04,
927,5709,missing_address,MEDIUM,HIGH,OPEN,2026-09-28 06:41:04,
928,5710,missing_address,MEDIUM,HIGH,OPEN,2026-09-28 06:41:04,
929,5711,missing_address,MEDIUM,HIGH,OPEN,2026-09-28 06:41:04,
930,5712,missing_address,MEDIUM,HIGH,OPEN,2026-09-28 06:41:04,
931,5713,missing_address,MEDIUM,HIGH,OPEN,2026-09-28 06:41:04,
932,5714,missing_address,MEDIUM,HIGH,OPEN,2026-09-28 06:41:04,
933,5715,missing_address,MEDIUM,HIGH,OPEN,2026-09-28 06:41:04,
934,5716,missing_address,MEDIUM,HIGH,OPEN,2026-09-28 06:41:04,
935,5717,missing_address,MEDIUM,HIGH,OPEN,2026-09-28 06:41:04,
936,5718,missing_address,MEDIUM,HIGH,OPEN,2026-09-28 06:41:04,
937,5719,missing_address,MEDIUM,HIGH,OPEN,2026-09-28 06:41:04,
938,5720,missing_address,MEDIUM,HIGH,OPEN,2026-09-28 06:41:04,
939,5721,missing_address,MEDIUM,HIGH,OPEN,2026-09-28 06:41:04,
940,5722,missing_address,MEDIUM,HIGH,OPEN,2026-09-28 06:41:04,
941,5723,missing_address,MEDIUM,HIGH,OPEN,2026-09-28 06:41:04,
942,5724,missing_address,MEDIUM,HIGH,OPEN,2026-09-28 06:41:04,
943,5725,missing_address,MEDIUM,HIGH,OPEN,2026-09-28 06:41:04,
944,5726,missing_address,MEDIUM,HIGH,OPEN,2026-09-28 06:41:04,
945,5727,missing_address,MEDIUM,HIGH,OPEN,2026-09-28 06:41:04,
946,5728,missing_address,MEDIUM,HIGH,OPEN,2026-09-28 06:41:04,
947,5729,missing_address,MEDIUM,HIGH,OPEN,2026-09-28 06:41:04,
948,5730,missing_address,MEDIUM,HIGH,OPEN,2026-09-28 06:41:04,
949,5731,missing_address,MEDIUM,HIGH,OPEN,2026-09-28 06:41:04,
950,5732,missing_address,MEDIUM,HIGH,OPEN,2026-09-28 06:41:04,
951,5733,missing_address,MEDIUM,HIGH,OPEN,2026-09-28 06:41:04,
952,5734,missing_address,MEDIUM,HIGH,OPEN,2026-09-28 06:41:04,
953,5735,missing_address,MEDIUM,HIGH,OPEN,2026-09-28 06:41:04,
954,5736,missing_address,MEDIUM,HIGH,OPEN,2026-09-28 06:41:04,
955,5737,missing_address,MEDIUM,HIGH,OPEN,2026-09-28 06:41:04,
956,5738,missing_address,MEDIUM,HIGH,OPEN,2026-09-28 06:41:04,
957,5739,missing_address,MEDIUM,HIGH,OPEN,2026-09-28 06:41:04,
958,5740,missing_address,MEDIUM,HIGH,OPEN,2026-09-28 06:41:04,
959,5741,missing_address,MEDIUM,HIGH,OPEN,2026-09-28 06:41:04,
960,5742,missing_address,MEDIUM,HIGH,OPEN,2026-09-28 06:41:04,
961,5743,missing_address,MEDIUM,HIGH,OPEN,2026-09-28 06:41:04,
962,5744,missing_address,MEDIUM,HIGH,OPEN,2026-09-28 06:41:04,
963,5745,missing_address,MEDIUM,HIGH,OPEN,2026-09-28 06:41:04,
964,5746,missing_address,MEDIUM,HIGH,OPEN,2026-09-28 06:41:04,
965,5747,missing_address,MEDIUM,HIGH,OPEN,2026-09-28 06:41:04,
966,5748,missing_address,MEDIUM,HIGH,OPEN,2026-09-28 06:41:04,
967,5749,missing_address,MEDIUM,HIGH,OPEN,2026-09-28 06:41:04,
968,5750,missing_address,MEDIUM,HIGH,OPEN,2026-09-28 06:41:04,
969,5751,missing_address,MEDIUM,HIGH,OPEN,2026-09-28 06:41:04,
970,5752,missing_address,MEDIUM,HIGH,OPEN,2026-09-28 06:41:04,
971,5753,missing_address,MEDIUM,HIGH,OPEN,2026-09-28 06:41:04,
972,5754,missing_address,MEDIUM,HIGH,OPEN,2026-09-28 06:41:04,
973,5755,missing_address,MEDIUM,HIGH,OPEN,2026-09-28 06:41:04,
974,5756,missing_address,MEDIUM,HIGH,OPEN,2026-09-28 06:41:04,
975,5757,missing_address,MEDIUM,HIGH,OPEN,2026-09-28 06:41:04,
976,5758,missing_address,MEDIUM,HIGH,OPEN,2026-09-28 06:41:04,
977,5759,missing_address,MEDIUM,HIGH,OPEN,2026-09-28 06:41:04,
978,5760,missing_address,MEDIUM,HIGH,OPEN,2026-09-28 06:41:04,
979,5761,missing_address,MEDIUM,HIGH,OPEN,2026-09-28 06:41:04,
980,5762,missing_address,MEDIUM,HIGH,OPEN,2026-09-28 06:41:04,
981,5763,missing_address,MEDIUM,HIGH,OPEN,2026-09-28 06:41:04,
982,5764,missing_address,MEDIUM,HIGH,OPEN,2026-09-28 06:41:04,
983,5765,missing_address,MEDIUM,HIGH,OPEN,2026-09-28 06:41:04,
984,5766,missing_address,MEDIUM,HIGH,OPEN,2026-09-28 06:41:04,
985,5767,missing_address,MEDIUM,HIGH,OPEN,2026-09-28 06:41:04,
986,5768,missing_address,MEDIUM,HIGH,OPEN,2026-09-28 06:41:04,
987,5769,missing_address,MEDIUM,HIGH,OPEN,2026-09-28 06:41:04,
988,5770,missing_address,MEDIUM,HIGH,OPEN,2026-09-28 06:41:04,
989,5771,missing_address,MEDIUM,HIGH,OPEN,2026-09-28 06:41:04,
990,5772,missing_address,MEDIUM,HIGH,OPEN,2026-09-28 06:41:04,
991,5773,missing_address,MEDIUM,HIGH,OPEN,2026-09-28 06:41:04,
992,5774,missing_address,MEDIUM,HIGH,OPEN,2026-09-28 06:41:04,
993,5775,missing_address,MEDIUM,HIGH,OPEN,2026-09-28 06:41:04,
994,5776,missing_address,MEDIUM,HIGH,OPEN,2026-09-28 06:41:04,
995,5777,missing_address,MEDIUM,HIGH,OPEN,2026-09-28 06:41:04,
996,5778,missing_address,MEDIUM,HIGH,OPEN,2026-09-28 06:41:04,
997,5779,missing_address,MEDIUM,HIGH,OPEN,2026-09-28 06:41:04,
998,5780,missing_address,MEDIUM,HIGH,OPEN,2026-09-28 06:41:04,
999,5781,missing_address,MEDIUM,HIGH,OPEN,2026-09-28 06:41:04,
1000,5782,missing_address,MEDIUM,HIGH,OPEN,2026-09-28 06:41:04,
1001,5783,missing_address,MEDIUM,HIGH,OPEN,2026-09-28 06:41:04,
1002,5784,missing_address,MEDIUM,HIGH,OPEN,2026-09-28 06:41:04,
1003,5785,missing_address,MEDIUM,HIGH,OPEN,2026-09-28 06:41:04,
1004,5786,missing_address,MEDIUM,HIGH,OPEN,2026-09-28 06:41:04,
1005,5787,missing_address,MEDIUM,HIGH,OPEN,2026-09-28 06:41:04,
1006,5788,missing_address,MEDIUM,HIGH,OPEN,2026-09-28 06:41:04,
1007,5789,missing_address,MEDIUM,HIGH,OPEN,2026-09-28 06:41:04,
1008,5790,missing_address,MEDIUM,HIGH,OPEN,2026-09-28 06:41:04,
1009,5791,missing_address,MEDIUM,HIGH,OPEN,2026-09-28 06:41:04,
1010,5792,missing_address,MEDIUM,HIGH,OPEN,2026-09-28 06:41:04,
1011,5793,missing_address,MEDIUM,HIGH,OPEN,2026-09-28 06:41:04,
1012,5794,missing_address,MEDIUM,HIGH,OPEN,2026-09-28 06:41:04,
1013,5795,missing_address,MEDIUM,HIGH,OPEN,2026-09-28 06:41:04,
1014,5796,missing_address,MEDIUM,HIGH,OPEN,2026-09-28 06:41:04,
1015,5797,missing_address,MEDIUM,HIGH,OPEN,2026-09-28 06:41:04,
1016,5798,missing_address,MEDIUM,HIGH,OPEN,2026-09-28 06:41:04,
1017,5799,missing_address,MEDIUM,HIGH,OPEN,2026-09-28 06:41:04,
1018,5800,missing_address,MEDIUM,HIGH,OPEN,2026-09-28 06:41:04,
1019,5801,missing_address,MEDIUM,HIGH,OPEN,2026-09-28 06:41:04,
1020,5802,missing_address,MEDIUM,HIGH,OPEN,2026-09-28 06:41:04,
1021,5803,missing_address,MEDIUM,HIGH,OPEN,2026-09-28 06:41:04,
1022,5804,missing_address,MEDIUM,HIGH,OPEN,2026-09-28 06:41:04,
1023,5805,missing_address,MEDIUM,HIGH,OPEN,2026-09-28 06:41:04,
1024,5806,missing_address,MEDIUM,HIGH,OPEN,2026-09-28 06:41:04,
1025,5807,missing_address,MEDIUM,HIGH,OPEN,2026-09-28 06:41:04,
1026,5808,missing_address,MEDIUM,HIGH,OPEN,2026-09-28 06:41:04,
1027,5809,missing_address,MEDIUM,HIGH,OPEN,2026-09-28 06:41:04,
1028,5810,missing_address,MEDIUM,HIGH,OPEN,2026-09-28 06:41:04,
1029,5811,missing_address,MEDIUM,HIGH,OPEN,2026-09-28 06:41:04,
1030,5812,missing_address,MEDIUM,HIGH,OPEN,2026-09-28 06:41:04,
1031,5813,missing_address,MEDIUM,HIGH,OPEN,2026-09-28 06:41:04,
1032,5814,missing_address,MEDIUM,HIGH,OPEN,2026-09-28 06:41:04,
1033,5815,missing_address,MEDIUM,HIGH,OPEN,2026-09-28 06:41:04,
1034,5816,missing_address,MEDIUM,HIGH,OPEN,2026-09-28 06:41:04,
1035,5817,missing_address,MEDIUM,HIGH,OPEN,2026-09-28 06:41:04,
1036,5818,missing_address,MEDIUM,HIGH,OPEN,2026-09-28 06:41:04,
1037,5819,missing_address,MEDIUM,HIGH,OPEN,2026-09-28 06:41:04,
1038,5820,missing_address,MEDIUM,HIGH,OPEN,2026-09-28 06:41:04,
1039,5821,missing_address,MEDIUM,HIGH,OPEN,2026-09-28 06:41:04,
1040,5822,missing_address,MEDIUM,HIGH,OPEN,2026-09-28 06:41:04,
1041,5823,missing_address,MEDIUM,HIGH,OPEN,2026-09-28 06:41:04,
1042,5824,missing_address,MEDIUM,HIGH,OPEN,2026-09-28 06:41:04,
1043,5825,missing_address,MEDIUM,HIGH,OPEN,2026-09-28 06:41:04,
1044,5826,missing_address,MEDIUM,HIGH,OPEN,2026-09-28 06:41:04,
1045,5827,missing_address,MEDIUM,HIGH,OPEN,2026-09-28 06:41:04,
1046,5828,missing_address,MEDIUM,HIGH,OPEN,2026-09-28 06:41:04,
1047,5829,missing_address,MEDIUM,HIGH,OPEN,2026-09-28 06:41:04,
1048,5830,missing_address,MEDIUM,HIGH,OPEN,2026-09-28 06:41:04,
1049,5831,missing_address,MEDIUM,HIGH,OPEN,2026-09-28 06:41:04,
1050,5832,missing_address,MEDIUM,HIGH,OPEN,2026-09-28 06:41:04,
1051,5833,missing_address,MEDIUM,HIGH,OPEN,2026-09-28 06:41:04,
1052,5834,missing_address,MEDIUM,HIGH,OPEN,2026-09-28 06:41:04,
1053,5835,missing_address,MEDIUM,HIGH,OPEN,2026-09-28 06:41:04,
1054,5836,missing_address,MEDIUM,HIGH,OPEN,2026-09-28 06:41:04,
1055,5837,missing_address,MEDIUM,HIGH,OPEN,2026-09-28 06:41:04,
1056,5838,missing_address,MEDIUM,HIGH,OPEN,2026-09-28 06:41:04,
1057,5839,missing_address,MEDIUM,HIGH,OPEN,2026-09-28 06:41:04,
1058,5840,missing_address,MEDIUM,HIGH,OPEN,2026-09-28 06:41:04,
1059,5841,missing_address,MEDIUM,HIGH,OPEN,2026-09-28 06:41:04,
1060,5842,missing_address,MEDIUM,HIGH,OPEN,2026-09-28 06:41:04,
1061,5843,missing_address,MEDIUM,HIGH,OPEN,2026-09-28 06:41:04,
1062,5844,missing_address,MEDIUM,HIGH,OPEN,2026-09-28 06:41:04,
1063,5845,missing_address,MEDIUM,HIGH,OPEN,2026-09-28 06:41:04,
1064,5846,missing_address,MEDIUM,HIGH,OPEN,2026-09-28 06:41:04,
1065,5847,missing_address,MEDIUM,HIGH,OPEN,2026-09-28 06:41:04,
1066,5848,missing_address,MEDIUM,HIGH,OPEN,2026-09-28 06:41:04,
1067,5849,missing_address,MEDIUM,HIGH,OPEN,2026-09-28 06:41:04,
1068,5850,missing_address,MEDIUM,HIGH,OPEN,2026-09-28 06:41:04,
1069,5851,missing_address,MEDIUM,HIGH,OPEN,2026-09-28 06:41:04,
1070,5852,missing_address,MEDIUM,HIGH,OPEN,2026-09-28 06:41:04,
1071,5853,missing_address,MEDIUM,HIGH,OPEN,2026-09-28 06:41:04,
1072,5854,missing_address,MEDIUM,HIGH,OPEN,2026-09-28 06:41:04,
1073,5855,missing_address,MEDIUM,HIGH,OPEN,2026-09-28 06:41:04,
1074,5856,missing_address,MEDIUM,HIGH,OPEN,2026-09-28 06:41:04,
1075,5857,missing_address,MEDIUM,HIGH,OPEN,2026-09-28 06:41:04,
1076,5858,missing_address,MEDIUM,HIGH,OPEN,2026-09-28 06:41:04,
1077,5859,missing_address,MEDIUM,HIGH,OPEN,2026-09-28 06:41:04,
1078,5860,missing_address,MEDIUM,HIGH,OPEN,2026-09-28 06:41:04,
1079,5861,missing_address,MEDIUM,HIGH,OPEN,2026-09-28 06:41:04,
1080,5862,missing_address,MEDIUM,HIGH,OPEN,2026-09-28 06:41:04,
1081,5863,missing_address,MEDIUM,HIGH,OPEN,2026-09-28 06:41:04,
1082,5864,missing_address,MEDIUM,HIGH,OPEN,2026-09-28 06:41:04,
1083,5865,missing_address,MEDIUM,HIGH,OPEN,2026-09-28 06:41:04,
1084,5866,missing_address,MEDIUM,HIGH,OPEN,2026-09-28 06:41:04,
1085,5867,missing_address,MEDIUM,HIGH,OPEN,2026-09-28 06:41:04,
1086,5868,missing_address,MEDIUM,HIGH,OPEN,2026-09-28 06:41:04,
1087,5869,missing_address,MEDIUM,HIGH,OPEN,2026-09-28 06:41:04,
1088,5870,missing_address,MEDIUM,HIGH,OPEN,2026-09-28 06:41:04,
1089,5871,missing_address,MEDIUM,HIGH,OPEN,2026-09-28 06:41:04,
1090,5872,missing_address,MEDIUM,HIGH,OPEN,2026-09-28 06:41:04,
1091,5873,missing_address,MEDIUM,HIGH,OPEN,2026-09-28 06:41:04,
1092,5874,missing_address,MEDIUM,HIGH,OPEN,2026-09-28 06:41:04,
1093,5875,missing_address,MEDIUM,HIGH,OPEN,2026-09-28 06:41:04,
1094,5876,missing_address,MEDIUM,HIGH,OPEN,2026-09-28 06:41:04,
1095,5877,missing_address,MEDIUM,HIGH,OPEN,2026-09-28 06:41:04,
1096,5878,missing_address,MEDIUM,HIGH,OPEN,2026-09-28 06:41:04,
1097,5879,missing_address,MEDIUM,HIGH,OPEN,2026-09-28 06:41:04,
1098,5880,missing_address,MEDIUM,HIGH,OPEN,2026-09-28 06:41:04,
1099,5881,missing_address,MEDIUM,HIGH,OPEN,2026-09-28 06:41:04,
1100,5882,missing_address,MEDIUM,HIGH,OPEN,2026-09-28 06:41:04,
1101,5883,missing_address,MEDIUM,HIGH,OPEN,2026-09-28 06:41:04,
1102,5884,missing_address,MEDIUM,HIGH,OPEN,2026-09-28 06:41:04,
1103,5885,missing_address,MEDIUM,HIGH,OPEN,2026-09-28 06:41:04,
1104,5886,missing_address,MEDIUM,HIGH,OPEN,2026-09-28 06:41:04,
1105,5887,missing_address,MEDIUM,HIGH,OPEN,2026-09-28 06:41:04,
1106,5888,missing_address,MEDIUM,HIGH,OPEN,2026-09-28 06:41:04,
1107,5889,missing_address,MEDIUM,HIGH,OPEN,2026-09-28 06:41:04,
1108,5890,missing_address,MEDIUM,HIGH,OPEN,2026-09-28 06:41:04,
1109,5891,missing_address,MEDIUM,HIGH,OPEN,2026-09-28 06:41:04,
1110,5892,missing_address,MEDIUM,HIGH,OPEN,2026-09-28 06:41:04,
1111,5893,missing_address,MEDIUM,HIGH,OPEN,2026-09-28 06:41:04,
1112,5894,missing_address,MEDIUM,HIGH,OPEN,2026-09-28 06:41:04,
1113,5895,missing_address,MEDIUM,HIGH,OPEN,2026-09-28 06:41:04,
1114,5896,missing_address,MEDIUM,HIGH,OPEN,2026-09-28 06:41:04,
1115,5897,missing_address,MEDIUM,HIGH,OPEN,2026-09-28 06:41:04,
1116,5898,missing_address,MEDIUM,HIGH,OPEN,2026-09-28 06:41:04,
1117,5899,missing_address,MEDIUM,HIGH,OPEN,2026-09-28 06:41:04,
1118,5900,missing_address,MEDIUM,HIGH,OPEN,2026-09-28 06:41:04,
1119,5901,missing_address,MEDIUM,HIGH,OPEN,2026-09-28 06:41:04,
1120,5902,missing_address,MEDIUM,HIGH,OPEN,2026-09-28 06:41:04,
1121,5903,missing_address,MEDIUM,HIGH,OPEN,2026-09-28 06:41:04,
1122,5904,missing_address,MEDIUM,HIGH,OPEN,2026-09-28 06:41:04,
1123,5905,missing_address,MEDIUM,HIGH,OPEN,2026-09-28 06:41:04,
1124,5906,missing_address,MEDIUM,HIGH,OPEN,2026-09-28 06:41:04,
1125,5907,missing_address,MEDIUM,HIGH,OPEN,2026-09-28 06:41:04,
1126,5908,missing_address,MEDIUM,HIGH,OPEN,2026-09-28 06:41:04,
1127,5909,missing_address,MEDIUM,HIGH,OPEN,2026-09-28 06:41:04,
1128,5910,missing_address,MEDIUM,HIGH,OPEN,2026-09-28 06:41:04,
1129,5911,missing_address,MEDIUM,HIGH,OPEN,2026-09-28 06:41:04,
1130,5912,missing_address,MEDIUM,HIGH,OPEN,2026-09-28 06:41:04,
1131,5913,missing_address,MEDIUM,HIGH,OPEN,2026-09-28 06:41:04,
1132,5914,missing_address,MEDIUM,HIGH,OPEN,2026-09-28 06:41:04,
1133,5915,missing_address,MEDIUM,HIGH,OPEN,2026-09-28 06:41:04,
1134,5916,missing_address,MEDIUM,HIGH,OPEN,2026-09-28 06:41:04,
1135,5917,missing_address,MEDIUM,HIGH,OPEN,2026-09-28 06:41:04,
1136,5918,missing_address,MEDIUM,HIGH,OPEN,2026-09-28 06:41:04,
1137,5919,missing_address,MEDIUM,HIGH,OPEN,2026-09-28 06:41:04,
1138,5920,missing_address,MEDIUM,HIGH,OPEN,2026-09-28 06:41:04,
1139,5921,missing_address,MEDIUM,HIGH,OPEN,2026-09-28 06:41:04,
1140,5922,missing_address,MEDIUM,HIGH,OPEN,2026-09-28 06:41:04,
1141,5923,missing_address,MEDIUM,HIGH,OPEN,2026-09-28 06:41:04,
1142,5924,missing_address,MEDIUM,HIGH,OPEN,2026-09-28 06:41:04,
1143,5925,missing_address,MEDIUM,HIGH,OPEN,2026-09-28 06:41:04,
1144,5926,missing_address,MEDIUM,HIGH,OPEN,2026-09-28 06:41:04,
1145,5927,missing_address,MEDIUM,HIGH,OPEN,2026-09-28 06:41:04,
1146,5928,missing_address,MEDIUM,HIGH,OPEN,2026-09-28 06:41:04,
1147,5929,missing_address,MEDIUM,HIGH,OPEN,2026-09-28 06:41:04,
1148,5930,missing_address,MEDIUM,HIGH,OPEN,2026-09-28 06:41:04,
1149,5931,missing_address,MEDIUM,HIGH,OPEN,2026-09-28 06:41:04,
1150,5932,missing_address,MEDIUM,HIGH,OPEN,2026-09-28 06:41:04,
1151,5933,missing_address,MEDIUM,HIGH,OPEN,2026-09-28 06:41:04,
1152,5934,missing_address,MEDIUM,HIGH,OPEN,2026-09-28 06:41:04,
1153,5935,missing_address,MEDIUM,HIGH,OPEN,2026-09-28 06:41:04,
1154,5936,missing_address,MEDIUM,HIGH,OPEN,2026-09-28 06:41:04,
1155,5937,missing_address,MEDIUM,HIGH,OPEN,2026-09-28 06:41:04,
1156,5938,missing_address,MEDIUM,HIGH,OPEN,2026-09-28 06:41:04,
1157,5939,missing_address,MEDIUM,HIGH,OPEN,2026-09-28 06:41:04,
1158,5940,missing_address,MEDIUM,HIGH,OPEN,2026-09-28 06:41:04,
1159,5941,missing_address,MEDIUM,HIGH,OPEN,2026-09-28 06:41:04,
1160,5942,missing_address,MEDIUM,HIGH,OPEN,2026-09-28 06:41:04,
1161,5943,missing_address,MEDIUM,HIGH,OPEN,2026-09-28 06:41:04,
1162,5944,missing_address,MEDIUM,HIGH,OPEN,2026-09-28 06:41:04,
1163,5945,missing_address,MEDIUM,HIGH,OPEN,2026-09-28 06:41:04,
1164,5946,missing_address,MEDIUM,HIGH,OPEN,2026-09-28 06:41:04,
1165,5947,missing_address,MEDIUM,HIGH,OPEN,2026-09-28 06:41:04,
1166,5948,missing_address,MEDIUM,HIGH,OPEN,2026-09-28 06:41:04,
1167,5949,missing_address,MEDIUM,HIGH,OPEN,2026-09-28 06:41:04,
1168,5950,missing_address,MEDIUM,HIGH,OPEN,2026-09-28 06:41:04,
1169,5951,missing_address,MEDIUM,HIGH,OPEN,2026-09-28 06:41:04,
1170,5952,missing_address,MEDIUM,HIGH,OPEN,2026-09-28 06:41:04,
1171,5953,missing_address,MEDIUM,HIGH,OPEN,2026-09-28 06:41:04,
1172,5954,missing_address,MEDIUM,HIGH,OPEN,2026-09-28 06:41:04,
1173,5955,missing_address,MEDIUM,HIGH,OPEN,2026-09-28 06:41:04,
1174,5956,missing_address,MEDIUM,HIGH,OPEN,2026-09-28 06:41:04,
1175,5957,missing_address,MEDIUM,HIGH,OPEN,2026-09-28 06:41:04,
1176,5958,missing_address,MEDIUM,HIGH,OPEN,2026-09-28 06:41:04,
1177,5959,missing_address,MEDIUM,HIGH,OPEN,2026-09-28 06:41:04,
1178,5960,missing_address,MEDIUM,HIGH,OPEN,2026-09-28 06:41:04,
1179,5961,missing_address,MEDIUM,HIGH,OPEN,2026-09-28 06:41:04,
1180,5962,missing_address,MEDIUM,HIGH,OPEN,2026-09-28 06:41:04,
1181,5963,missing_address,MEDIUM,HIGH,OPEN,2026-09-28 06:41:04,
1182,5964,missing_address,MEDIUM,HIGH,OPEN,2026-09-28 06:41:04,
1183,5965,missing_address,MEDIUM,HIGH,OPEN,2026-09-28 06:41:04,
1184,5966,missing_address,MEDIUM,HIGH,OPEN,2026-09-28 06:41:04,
1185,5967,missing_address,MEDIUM,HIGH,OPEN,2026-09-28 06:41:04,
1186,5968,missing_address,MEDIUM,HIGH,OPEN,2026-09-28 06:41:04,
1187,5969,missing_address,MEDIUM,HIGH,OPEN,2026-09-28 06:41:04,
1188,5970,missing_address,MEDIUM,HIGH,OPEN,2026-09-28 06:41:04,
1189,5971,missing_address,MEDIUM,HIGH,OPEN,2026-09-28 06:41:04,
1190,5972,missing_address,MEDIUM,HIGH,OPEN,2026-09-28 06:41:04,
1191,5973,missing_address,MEDIUM,HIGH,OPEN,2026-09-28 06:41:04,
1192,5974,missing_address,MEDIUM,HIGH,OPEN,2026-09-28 06:41:04,
1193,5975,missing_address,MEDIUM,HIGH,OPEN,2026-09-28 06:41:04,
1194,5976,missing_address,MEDIUM,HIGH,OPEN,2026-09-28 06:41:04,
1195,5977,missing_address,MEDIUM,HIGH,OPEN,2026-09-28 06:41:04,
1196,5978,missing_address,MEDIUM,HIGH,OPEN,2026-09-28 06:41:04,
1197,5979,missing_address,MEDIUM,HIGH,OPEN,2026-09-28 06:41:04,
1198,5980,missing_address,MEDIUM,HIGH,OPEN,2026-09-28 06:41:04,
1199,5981,missing_address,MEDIUM,HIGH,OPEN,2026-09-28 06:41:04,
1200,5982,missing_address,MEDIUM,HIGH,OPEN,2026-09-28 06:41:04,
1201,5983,missing_address,MEDIUM,HIGH,OPEN,2026-09-28 06:41:04,
1202,5984,missing_address,MEDIUM,HIGH,OPEN,2026-09-28 06:41:04,
1203,5985,missing_address,MEDIUM,HIGH,OPEN,2026-09-28 06:41:04,
1204,5986,missing_address,MEDIUM,HIGH,OPEN,2026-09-28 06:41:04,
1205,5987,missing_address,MEDIUM,HIGH,OPEN,2026-09-28 06:41:04,
1206,5988,missing_address,MEDIUM,HIGH,OPEN,2026-09-28 06:41:04,
1207,5989,missing_address,MEDIUM,HIGH,OPEN,2026-09-28 06:41:04,
1208,5990,missing_address,MEDIUM,HIGH,OPEN,2026-09-28 06:41:04,
1209,5991,missing_address,MEDIUM,HIGH,OPEN,2026-09-28 06:41:04,
1210,5992,missing_address,MEDIUM,HIGH,OPEN,2026-09-28 06:41:04,
1211,5993,missing_address,MEDIUM,HIGH,OPEN,2026-09-28 06:41:04,
1212,5994,missing_address,MEDIUM,HIGH,OPEN,2026-09-28 06:41:04,
1213,5995,missing_address,MEDIUM,HIGH,OPEN,2026-09-28 06:41:04,
1214,5996,missing_address,MEDIUM,HIGH,OPEN,2026-09-28 06:41:04,
1215,5997,missing_address,MEDIUM,HIGH,OPEN,2026-09-28 06:41:04,
1216,5998,missing_address,MEDIUM,HIGH,OPEN,2026-09-28 06:41:04,
1217,5999,missing_address,MEDIUM,HIGH,OPEN,2026-09-28 06:41:04,
1218,6000,missing_address,MEDIUM,HIGH,OPEN,2026-09-28 06:41:04,
1219,6001,missing_address,MEDIUM,HIGH,OPEN,2026-09-28 06:41:04,
1220,6002,missing_address,MEDIUM,HIGH,OPEN,2026-09-28 06:41:04,
1221,6003,missing_address,MEDIUM,HIGH,OPEN,2026-09-28 06:41:04,
1222,6004,missing_address,MEDIUM,HIGH,OPEN,2026-09-28 06:41:04,
1223,6005,missing_address,MEDIUM,HIGH,OPEN,2026-09-28 06:41:04,
1224,6006,missing_address,MEDIUM,HIGH,OPEN,2026-09-28 06:41:04,
1225,6007,missing_address,MEDIUM,HIGH,OPEN,2026-09-28 06:41:04,
1226,6008,missing_address,MEDIUM,HIGH,OPEN,2026-09-28 06:41:04,
1227,6009,missing_address,MEDIUM,HIGH,OPEN,2026-09-28 06:41:04,
1228,6010,missing_address,MEDIUM,HIGH,OPEN,2026-09-28 06:41:04,
1229,6011,missing_address,MEDIUM,HIGH,OPEN,2026-09-28 06:41:04,
1230,6012,missing_address,MEDIUM,HIGH,OPEN,2026-09-28 06:41:04,
1231,6013,missing_address,MEDIUM,HIGH,OPEN,2026-09-28 06:41:04,
1232,6014,missing_address,MEDIUM,HIGH,OPEN,2026-09-28 06:41:04,
1233,6015,missing_address,MEDIUM,HIGH,OPEN,2026-09-28 06:41:04,
1234,6016,missing_address,MEDIUM,HIGH,OPEN,2026-09-28 06:41:04,
1235,6017,missing_address,MEDIUM,HIGH,OPEN,2026-09-28 06:41:04,
1236,6018,missing_address,MEDIUM,HIGH,OPEN,2026-09-28 06:41:04,
1237,6019,missing_address,MEDIUM,HIGH,OPEN,2026-09-28 06:41:04,
1238,6020,missing_address,MEDIUM,HIGH,OPEN,2026-09-28 06:41:04,
1239,6021,missing_address,MEDIUM,HIGH,OPEN,2026-09-28 06:41:04,
1240,6022,missing_address,MEDIUM,HIGH,OPEN,2026-09-28 06:41:04,
1241,6023,missing_address,MEDIUM,HIGH,OPEN,2026-09-28 06:41:04,
1242,6024,missing_address,MEDIUM,HIGH,OPEN,2026-09-28 06:41:04,
1243,6025,missing_address,MEDIUM,HIGH,OPEN,2026-09-28 06:41:04,
1244,6026,missing_address,MEDIUM,HIGH,OPEN,2026-09-28 06:41:04,
1245,6027,missing_address,MEDIUM,HIGH,OPEN,2026-09-28 06:41:04,
1246,6028,missing_address,MEDIUM,HIGH,OPEN,2026-09-28 06:41:04,
1247,6029,missing_address,MEDIUM,HIGH,OPEN,2026-09-28 06:41:04,
1248,6030,missing_address,MEDIUM,HIGH,OPEN,2026-09-28 06:41:04,
1249,6031,missing_address,MEDIUM,HIGH,OPEN,2026-09-28 06:41:04,
1250,6032,missing_address,MEDIUM,HIGH,OPEN,2026-09-28 06:41:04,
1251,6033,missing_address,MEDIUM,HIGH,OPEN,2026-09-28 06:41:04,
1252,6034,missing_address,MEDIUM,HIGH,OPEN,2026-09-28 06:41:04,
1253,6035,missing_address,MEDIUM,HIGH,OPEN,2026-09-28 06:41:04,
1254,6036,missing_address,MEDIUM,HIGH,OPEN,2026-09-28 06:41:04,
1255,6037,missing_address,MEDIUM,HIGH,OPEN,2026-09-28 06:41:04,
1256,6038,missing_address,MEDIUM,HIGH,OPEN,2026-09-28 06:41:04,
1257,6039,missing_address,MEDIUM,HIGH,OPEN,2026-09-28 06:41:04,
1258,6040,missing_address,MEDIUM,HIGH,OPEN,2026-09-28 06:41:04,
1259,6041,missing_address,MEDIUM,HIGH,OPEN,2026-09-28 06:41:04,
1260,6042,missing_address,MEDIUM,HIGH,OPEN,2026-09-28 06:41:04,
1261,6043,missing_address,MEDIUM,HIGH,OPEN,2026-09-28 06:41:04,
1262,6044,missing_address,MEDIUM,HIGH,OPEN,2026-09-28 06:41:04,
1263,6045,missing_address,MEDIUM,HIGH,OPEN,2026-09-28 06:41:04,
1264,6046,missing_address,MEDIUM,HIGH,OPEN,2026-09-28 06:41:04,
1265,6047,missing_address,MEDIUM,HIGH,OPEN,2026-09-28 06:41:04,
1266,6048,missing_address,MEDIUM,HIGH,OPEN,2026-09-28 06:41:04,
1267,6049,missing_address,MEDIUM,HIGH,OPEN,2026-09-28 06:41:04,
1268,6050,missing_address,MEDIUM,HIGH,OPEN,2026-09-28 06:41:04,
1269,6051,missing_address,MEDIUM,HIGH,OPEN,2026-09-28 06:41:04,
1270,6052,missing_address,MEDIUM,HIGH,OPEN,2026-09-28 06:41:04,
1271,6053,missing_address,MEDIUM,HIGH,OPEN,2026-09-28 06:41:04,
1272,6054,missing_address,MEDIUM,HIGH,OPEN,2026-09-28 06:41:04,
1273,6055,missing_address,MEDIUM,HIGH,OPEN,2026-09-28 06:41:04,
1274,6056,missing_address,MEDIUM,HIGH,OPEN,2026-09-28 06:41:04,
1275,6057,missing_address,MEDIUM,HIGH,OPEN,2026-09-28 06:41:04,
1276,6058,missing_address,MEDIUM,HIGH,OPEN,2026-09-28 06:41:04,
1277,6059,missing_address,MEDIUM,HIGH,OPEN,2026-09-28 06:41:04,
1278,6060,missing_address,MEDIUM,HIGH,OPEN,2026-09-28 06:41:04,
1279,6061,missing_address,MEDIUM,HIGH,OPEN,2026-09-28 06:41:04,
1280,6062,missing_address,MEDIUM,HIGH,OPEN,2026-09-28 06:41:04,
1281,6063,missing_address,MEDIUM,HIGH,OPEN,2026-09-28 06:41:04,
1282,6064,missing_address,MEDIUM,HIGH,OPEN,2026-09-28 06:41:04,
1283,6065,missing_address,MEDIUM,HIGH,OPEN,2026-09-28 06:41:04,
1284,6066,missing_address,MEDIUM,HIGH,OPEN,2026-09-28 06:41:04,
1285,6067,missing_address,MEDIUM,HIGH,OPEN,2026-09-28 06:41:04,
1286,6068,missing_address,MEDIUM,HIGH,OPEN,2026-09-28 06:41:04,
1287,6069,missing_address,MEDIUM,HIGH,OPEN,2026-09-28 06:41:04,
1288,6070,missing_address,MEDIUM,HIGH,OPEN,2026-09-28 06:41:04,
1289,6071,missing_address,MEDIUM,HIGH,OPEN,2026-09-28 06:41:04,
1290,6072,missing_address,MEDIUM,HIGH,OPEN,2026-09-28 06:41:04,
1291,6073,missing_address,MEDIUM,HIGH,OPEN,2026-09-28 06:41:04,
1292,6074,missing_address,MEDIUM,HIGH,OPEN,2026-09-28 06:41:04,
1293,6075,missing_address,MEDIUM,HIGH,OPEN,2026-09-28 06:41:04,
1294,6076,missing_address,MEDIUM,HIGH,OPEN,2026-09-28 06:41:04,
1295,6077,missing_address,MEDIUM,HIGH,OPEN,2026-09-28 06:41:04,
1296,6078,missing_address,MEDIUM,HIGH,OPEN,2026-09-28 06:41:04,
1297,6079,missing_address,MEDIUM,HIGH,OPEN,2026-09-28 06:41:04,
1298,6080,missing_address,MEDIUM,HIGH,OPEN,2026-09-28 06:41:04,
1299,6081,missing_address,MEDIUM,HIGH,OPEN,2026-09-28 06:41:04,
1300,6082,missing_address,MEDIUM,HIGH,OPEN,2026-09-28 06:41:04,
1301,6083,missing_address,MEDIUM,HIGH,OPEN,2026-09-28 06:41:04,
1302,6084,missing_address,MEDIUM,HIGH,OPEN,2026-09-28 06:41:04,
1303,6085,missing_address,MEDIUM,HIGH,OPEN,2026-09-28 06:41:04,
1304,6086,missing_address,MEDIUM,HIGH,OPEN,2026-09-28 06:41:04,
1305,6087,missing_address,MEDIUM,HIGH,OPEN,2026-09-28 06:41:04,
1306,6088,missing_address,MEDIUM,HIGH,OPEN,2026-09-28 06:41:04,
1307,6089,missing_address,MEDIUM,HIGH,OPEN,2026-09-28 06:41:04,
1308,6090,missing_address,MEDIUM,HIGH,OPEN,2026-09-28 06:41:04,
1309,6091,missing_address,MEDIUM,HIGH,OPEN,2026-09-28 06:41:04,
1310,6092,missing_address,MEDIUM,HIGH,OPEN,2026-09-28 06:41:04,
1311,6093,missing_address,MEDIUM,HIGH,OPEN,2026-09-28 06:41:04,
1312,6094,missing_address,MEDIUM,HIGH,OPEN,2026-09-28 06:41:04,
1313,6095,missing_address,MEDIUM,HIGH,OPEN,2026-09-28 06:41:04,
1314,6096,missing_address,MEDIUM,HIGH,OPEN,2026-09-28 06:41:04,
1315,6097,missing_address,MEDIUM,HIGH,OPEN,2026-09-28 06:41:04,
1316,6098,missing_address,MEDIUM,HIGH,OPEN,2026-09-28 06:41:04,
1317,6099,missing_address,MEDIUM,HIGH,OPEN,2026-09-28 06:41:04,
1318,6100,missing_address,MEDIUM,HIGH,OPEN,2026-09-28 06:41:04,
1319,6101,missing_address,MEDIUM,HIGH,OPEN,2026-09-28 06:41:04,
1320,6102,missing_address,MEDIUM,HIGH,OPEN,2026-09-28 06:41:04,
1321,6103,missing_address,MEDIUM,HIGH,OPEN,2026-09-28 06:41:04,
1322,6104,missing_address,MEDIUM,HIGH,OPEN,2026-09-28 06:41:04,
1323,6105,missing_address,MEDIUM,HIGH,OPEN,2026-09-28 06:41:04,
1324,6106,missing_address,MEDIUM,HIGH,OPEN,2026-09-28 06:41:04,
1325,6107,missing_address,MEDIUM,HIGH,OPEN,2026-09-28 06:41:04,
1326,6108,missing_address,MEDIUM,HIGH,OPEN,2026-09-28 06:41:04,
1327,6109,missing_address,MEDIUM,HIGH,OPEN,2026-09-28 06:41:04,
1328,6110,missing_address,MEDIUM,HIGH,OPEN,2026-09-28 06:41:04,
1329,6111,missing_address,MEDIUM,HIGH,OPEN,2026-09-28 06:41:04,
1330,6112,missing_address,MEDIUM,HIGH,OPEN,2026-09-28 06:41:04,
1331,6113,missing_address,MEDIUM,HIGH,OPEN,2026-09-28 06:41:04,
1332,6114,missing_address,MEDIUM,HIGH,OPEN,2026-09-28 06:41:04,
1333,6115,missing_address,MEDIUM,HIGH,OPEN,2026-09-28 06:41:04,
1334,6116,missing_address,MEDIUM,HIGH,OPEN,2026-09-28 06:41:04,
1335,6117,missing_address,MEDIUM,HIGH,OPEN,2026-09-28 06:41:04,
1336,6118,missing_address,MEDIUM,HIGH,OPEN,2026-09-28 06:41:04,
1337,6119,missing_address,MEDIUM,HIGH,OPEN,2026-09-28 06:41:04,
1338,6120,missing_address,MEDIUM,HIGH,OPEN,2026-09-28 06:41:04,
1339,6121,missing_address,MEDIUM,HIGH,OPEN,2026-09-28 06:41:04,
1340,6122,missing_address,MEDIUM,HIGH,OPEN,2026-09-28 06:41:04,
1341,6123,missing_address,MEDIUM,HIGH,OPEN,2026-09-28 06:41:04,
1342,6124,missing_address,MEDIUM,HIGH,OPEN,2026-09-28 06:41:04,
1343,6125,missing_address,MEDIUM,HIGH,OPEN,2026-09-28 06:41:04,
1344,6126,missing_address,MEDIUM,HIGH,OPEN,2026-09-28 06:41:04,
1345,6127,missing_address,MEDIUM,HIGH,OPEN,2026-09-28 06:41:04,
1346,6128,missing_address,MEDIUM,HIGH,OPEN,2026-09-28 06:41:04,
1347,6129,missing_address,MEDIUM,HIGH,OPEN,2026-09-28 06:41:04,
1348,6130,missing_address,MEDIUM,HIGH,OPEN,2026-09-28 06:41:04,
1349,6131,missing_address,MEDIUM,HIGH,OPEN,2026-09-28 06:41:04,
1350,6132,missing_address,MEDIUM,HIGH,OPEN,2026-09-28 06:41:04,
1351,6133,missing_address,MEDIUM,HIGH,OPEN,2026-09-28 06:41:04,
1352,6134,missing_address,MEDIUM,HIGH,OPEN,2026-09-28 06:41:04,
1353,6135,missing_address,MEDIUM,HIGH,OPEN,2026-09-28 06:41:04,
1354,6136,missing_address,MEDIUM,HIGH,OPEN,2026-09-28 06:41:04,
1355,6137,missing_address,MEDIUM,HIGH,OPEN,2026-09-28 06:41:04,
1356,6138,missing_address,MEDIUM,HIGH,OPEN,2026-09-28 06:41:04,
1357,6139,missing_address,MEDIUM,HIGH,OPEN,2026-09-28 06:41:04,
1358,6140,missing_address,MEDIUM,HIGH,OPEN,2026-09-28 06:41:04,
1359,6141,missing_address,MEDIUM,HIGH,OPEN,2026-09-28 06:41:04,
1360,6142,missing_address,MEDIUM,HIGH,OPEN,2026-09-28 06:41:04,
1361,6143,missing_address,MEDIUM,HIGH,OPEN,2026-09-28 06:41:04,
1362,6144,missing_address,MEDIUM,HIGH,OPEN,2026-09-28 06:41:04,
1363,6145,missing_address,MEDIUM,HIGH,OPEN,2026-09-28 06:41:04,
1364,6146,missing_address,MEDIUM,HIGH,OPEN,2026-09-28 06:41:04,
1365,6147,missing_address,MEDIUM,HIGH,OPEN,2026-09-28 06:41:04,
1366,6148,missing_address,MEDIUM,HIGH,OPEN,2026-09-28 06:41:04,
1367,6149,missing_address,MEDIUM,HIGH,OPEN,2026-09-28 06:41:04,
1368,6150,missing_address,MEDIUM,HIGH,OPEN,2026-09-28 06:41:04,
1369,6151,missing_address,MEDIUM,HIGH,OPEN,2026-09-28 06:41:04,
1370,6152,missing_address,MEDIUM,HIGH,OPEN,2026-09-28 06:41:04,
1371,6153,missing_address,MEDIUM,HIGH,OPEN,2026-09-28 06:41:04,
1372,6154,missing_address,MEDIUM,HIGH,OPEN,2026-09-28 06:41:04,
1373,6155,missing_address,MEDIUM,HIGH,OPEN,2026-09-28 06:41:04,
1374,6156,missing_address,MEDIUM,HIGH,OPEN,2026-09-28 06:41:04,
1375,6157,missing_address,MEDIUM,HIGH,OPEN,2026-09-28 06:41:04,
1376,6158,missing_address,MEDIUM,HIGH,OPEN,2026-09-28 06:41:04,
1377,6159,missing_address,MEDIUM,HIGH,OPEN,2026-09-28 06:41:04,
1378,6160,missing_address,MEDIUM,HIGH,OPEN,2026-09-28 06:41:04,
1379,6161,missing_address,MEDIUM,HIGH,OPEN,2026-09-28 06:41:04,
1380,6162,missing_address,MEDIUM,HIGH,OPEN,2026-09-28 06:41:04,
1381,6163,missing_address,MEDIUM,HIGH,OPEN,2026-09-28 06:41:04,
1382,6164,missing_address,MEDIUM,HIGH,OPEN,2026-09-28 06:41:04,
1383,6165,missing_address,MEDIUM,HIGH,OPEN,2026-09-28 06:41:04,
1384,6166,missing_address,MEDIUM,HIGH,OPEN,2026-09-28 06:41:04,
1385,6167,missing_address,MEDIUM,HIGH,OPEN,2026-09-28 06:41:04,
1386,6168,missing_address,MEDIUM,HIGH,OPEN,2026-09-28 06:41:04,
1387,6169,missing_address,MEDIUM,HIGH,OPEN,2026-09-28 06:41:04,
1388,6170,missing_address,MEDIUM,HIGH,OPEN,2026-09-28 06:41:04,
1389,6171,missing_address,MEDIUM,HIGH,OPEN,2026-09-28 06:41:04,
1390,6172,missing_address,MEDIUM,HIGH,OPEN,2026-09-28 06:41:04,
1391,6173,missing_address,MEDIUM,HIGH,OPEN,2026-09-28 06:41:04,
1392,6174,missing_address,MEDIUM,HIGH,OPEN,2026-09-28 06:41:04,
1393,6175,missing_address,MEDIUM,HIGH,OPEN,2026-09-28 06:41:04,
1394,6176,missing_address,MEDIUM,HIGH,OPEN,2026-09-28 06:41:04,
1395,6177,missing_address,MEDIUM,HIGH,OPEN,2026-09-28 06:41:04,
1396,6178,missing_address,MEDIUM,HIGH,OPEN,2026-09-28 06:41:04,
1397,6179,missing_address,MEDIUM,HIGH,OPEN,2026-09-28 06:41:04,
1398,6180,missing_address,MEDIUM,HIGH,OPEN,2026-09-28 06:41:04,
1399,6181,missing_address,MEDIUM,HIGH,OPEN,2026-09-28 06:41:04,
1400,6182,missing_address,MEDIUM,HIGH,OPEN,2026-09-28 06:41:04,
1401,6183,missing_address,MEDIUM,HIGH,OPEN,2026-09-28 06:41:04,
1402,6184,missing_address,MEDIUM,HIGH,OPEN,2026-09-28 06:41:04,
1403,6185,missing_address,MEDIUM,HIGH,OPEN,2026-09-28 06:41:04,
1404,6186,missing_address,MEDIUM,HIGH,OPEN,2026-09-28 06:41:04,
1405,6187,missing_address,MEDIUM,HIGH,OPEN,2026-09-28 06:41:04,
1406,6188,missing_address,MEDIUM,HIGH,OPEN,2026-09-28 06:41:04,
1407,6189,missing_address,MEDIUM,HIGH,OPEN,2026-09-28 06:41:04,
1408,6190,missing_address,MEDIUM,HIGH,OPEN,2026-09-28 06:41:04,
1409,6191,missing_address,MEDIUM,HIGH,OPEN,2026-09-28 06:41:04,
1410,6192,missing_address,MEDIUM,HIGH,OPEN,2026-09-28 06:41:04,
1411,6193,missing_address,MEDIUM,HIGH,OPEN,2026-09-28 06:41:04,
1412,6194,missing_address,MEDIUM,HIGH,OPEN,2026-09-28 06:41:04,
1413,6195,missing_address,MEDIUM,HIGH,OPEN,2026-09-28 06:41:04,
1414,6196,missing_address,MEDIUM,HIGH,OPEN,2026-09-28 06:41:04,
1415,6197,missing_address,MEDIUM,HIGH,OPEN,2026-09-28 06:41:04,
1416,6198,missing_address,MEDIUM,HIGH,OPEN,2026-09-28 06:41:04,
1417,6199,missing_address,MEDIUM,HIGH,OPEN,2026-09-28 06:41:04,
1418,6200,missing_address,MEDIUM,HIGH,OPEN,2026-09-28 06:41:04,
1419,6201,missing_address,MEDIUM,HIGH,OPEN,2026-09-28 06:41:04,
1420,6202,missing_address,MEDIUM,HIGH,OPEN,2026-09-28 06:41:04,
1421,6203,missing_address,MEDIUM,HIGH,OPEN,2026-09-28 06:41:04,
1422,6204,missing_address,MEDIUM,HIGH,OPEN,2026-09-28 06:41:04,
1423,6205,missing_address,MEDIUM,HIGH,OPEN,2026-09-28 06:41:04,
1424,6206,missing_address,MEDIUM,HIGH,OPEN,2026-09-28 06:41:04,
1425,6207,missing_address,MEDIUM,HIGH,OPEN,2026-09-28 06:41:04,
1426,6208,missing_address,MEDIUM,HIGH,OPEN,2026-09-28 06:41:04,
1427,6209,missing_address,MEDIUM,HIGH,OPEN,2026-09-28 06:41:04,
1428,6210,missing_address,MEDIUM,HIGH,OPEN,2026-09-28 06:41:04,
1429,6211,missing_address,MEDIUM,HIGH,OPEN,2026-09-28 06:41:04,
1430,6212,missing_address,MEDIUM,HIGH,OPEN,2026-09-28 06:41:04,
1431,6213,missing_address,MEDIUM,HIGH,OPEN,2026-09-28 06:41:04,
1432,6214,missing_address,MEDIUM,HIGH,OPEN,2026-09-28 06:41:04,
1433,6215,missing_address,MEDIUM,HIGH,OPEN,2026-09-28 06:41:04,
1434,6216,missing_address,MEDIUM,HIGH,OPEN,2026-09-28 06:41:04,
1435,6217,missing_address,MEDIUM,HIGH,OPEN,2026-09-28 06:41:04,
1436,6218,missing_address,MEDIUM,HIGH,OPEN,2026-09-28 06:41:04,
1437,6219,missing_address,MEDIUM,HIGH,OPEN,2026-09-28 06:41:04,
1438,6220,missing_address,MEDIUM,HIGH,OPEN,2026-09-28 06:41:04,
1439,6221,missing_address,MEDIUM,HIGH,OPEN,2026-09-28 06:41:04,
1440,6222,missing_address,MEDIUM,HIGH,OPEN,2026-09-28 06:41:04,
1441,6223,missing_address,MEDIUM,HIGH,OPEN,2026-09-28 06:41:04,
1442,6224,missing_address,MEDIUM,HIGH,OPEN,2026-09-28 06:41:04,
1443,6225,missing_address,MEDIUM,HIGH,OPEN,2026-09-28 06:41:04,
1444,6226,missing_address,MEDIUM,HIGH,OPEN,2026-09-28 06:41:04,
1445,6227,missing_address,MEDIUM,HIGH,OPEN,2026-09-28 06:41:04,
1446,6228,missing_address,MEDIUM,HIGH,OPEN,2026-09-28 06:41:04,
1447,6229,missing_address,MEDIUM,HIGH,OPEN,2026-09-28 06:41:04,
1448,6230,missing_address,MEDIUM,HIGH,OPEN,2026-09-28 06:41:04,
1449,6231,missing_address,MEDIUM,HIGH,OPEN,2026-09-28 06:41:04,
1450,6232,missing_address,MEDIUM,HIGH,OPEN,2026-09-28 06:41:04,
1451,6233,missing_address,MEDIUM,HIGH,OPEN,2026-09-28 06:41:04,
1452,6234,missing_address,MEDIUM,HIGH,OPEN,2026-09-28 06:41:04,
1453,6235,missing_address,MEDIUM,HIGH,OPEN,2026-09-28 06:41:04,
1454,6236,missing_address,MEDIUM,HIGH,OPEN,2026-09-28 06:41:04,
1455,6237,missing_address,MEDIUM,HIGH,OPEN,2026-09-28 06:41:04,
1456,6238,missing_address,MEDIUM,HIGH,OPEN,2026-09-28 06:41:04,
1457,6239,missing_address,MEDIUM,HIGH,OPEN,2026-09-28 06:41:04,
1458,6240,missing_address,MEDIUM,HIGH,OPEN,2026-09-28 06:41:04,
1459,6241,missing_address,MEDIUM,HIGH,OPEN,2026-09-28 06:41:04,
1460,6242,missing_address,MEDIUM,HIGH,OPEN,2026-09-28 06:41:04,
1461,6243,missing_address,MEDIUM,HIGH,OPEN,2026-09-28 06:41:04,
1462,6244,missing_address,MEDIUM,HIGH,OPEN,2026-09-28 06:41:04,
1463,6245,missing_address,MEDIUM,HIGH,OPEN,2026-09-28 06:41:04,
1464,6246,missing_address,MEDIUM,HIGH,OPEN,2026-09-28 06:41:04,
1465,6247,missing_address,MEDIUM,HIGH,OPEN,2026-09-28 06:41:04,
1466,6248,missing_address,MEDIUM,HIGH,OPEN,2026-09-28 06:41:04,
1467,6249,missing_address,MEDIUM,HIGH,OPEN,2026-09-28 06:41:04,
1468,6250,missing_address,MEDIUM,HIGH,OPEN,2026-09-28 06:41:04,
1469,6251,missing_address,MEDIUM,HIGH,OPEN,2026-09-28 06:41:04,
1470,6252,missing_address,MEDIUM,HIGH,OPEN,2026-09-28 06:41:04,
1471,6253,missing_address,MEDIUM,HIGH,OPEN,2026-09-28 06:41:04,
1472,6254,missing_address,MEDIUM,HIGH,OPEN,2026-09-28 06:41:04,
1473,6255,missing_address,MEDIUM,HIGH,OPEN,2026-09-28 06:41:04,
1474,6256,missing_address,MEDIUM,HIGH,OPEN,2026-09-28 06:41:04,
1475,6257,missing_address,MEDIUM,HIGH,OPEN,2026-09-28 06:41:04,
1476,6258,missing_address,MEDIUM,HIGH,OPEN,2026-09-28 06:41:04,
1477,6259,missing_address,MEDIUM,HIGH,OPEN,2026-09-28 06:41:04,
1478,6260,missing_address,MEDIUM,HIGH,OPEN,2026-09-28 06:41:04,
1479,6261,missing_address,MEDIUM,HIGH,OPEN,2026-09-28 06:41:04,
1480,6262,missing_address,MEDIUM,HIGH,OPEN,2026-09-28 06:41:04,
1481,6263,missing_address,MEDIUM,HIGH,OPEN,2026-09-28 06:41:04,
1482,6264,missing_address,MEDIUM,HIGH,OPEN,2026-09-28 06:41:04,
1483,6265,missing_address,MEDIUM,HIGH,OPEN,2026-09-28 06:41:04,
1484,6266,missing_address,MEDIUM,HIGH,OPEN,2026-09-28 06:41:04,
1485,6267,missing_address,MEDIUM,HIGH,OPEN,2026-09-28 06:41:04,
1486,6268,missing_address,MEDIUM,HIGH,OPEN,2026-09-28 06:41:04,
1487,6269,missing_address,MEDIUM,HIGH,OPEN,2026-09-28 06:41:04,
1488,6270,missing_address,MEDIUM,HIGH,OPEN,2026-09-28 06:41:04,
1489,6271,missing_address,MEDIUM,HIGH,OPEN,2026-09-28 06:41:04,
1490,6272,missing_address,MEDIUM,HIGH,OPEN,2026-09-28 06:41:04,
1491,6273,missing_address,MEDIUM,HIGH,OPEN,2026-09-28 06:41:04,
1492,6274,missing_address,MEDIUM,HIGH,OPEN,2026-09-28 06:41:04,
1493,6275,missing_address,MEDIUM,HIGH,OPEN,2026-09-28 06:41:04,
1494,6276,missing_address,MEDIUM,HIGH,OPEN,2026-09-28 06:41:04,
1495,6277,missing_address,MEDIUM,HIGH,OPEN,2026-09-28 06:41:04,
1496,6278,missing_address,MEDIUM,HIGH,OPEN,2026-09-28 06:41:04,
1497,6279,missing_address,MEDIUM,HIGH,OPEN,2026-09-28 06:41:04,
1498,6280,missing_address,MEDIUM,HIGH,OPEN,2026-09-28 06:41:04,
1499,6281,missing_address,MEDIUM,HIGH,OPEN,2026-09-28 06:41:04,
1500,6282,missing_address,MEDIUM,HIGH,OPEN,2026-09-28 06:41:04,
1501,6283,missing_address,MEDIUM,HIGH,OPEN,2026-09-28 06:41:04,
1502,6284,missing_address,MEDIUM,HIGH,OPEN,2026-09-28 06:41:04,
1503,6285,missing_address,MEDIUM,HIGH,OPEN,2026-09-28 06:41:04,
1504,6286,missing_address,MEDIUM,HIGH,OPEN,2026-09-28 06:41:04,
1505,6287,missing_address,MEDIUM,HIGH,OPEN,2026-09-28 06:41:04,
1506,6288,missing_address,MEDIUM,HIGH,OPEN,2026-09-28 06:41:04,
1507,6289,missing_address,MEDIUM,HIGH,OPEN,2026-09-28 06:41:04,
1508,6290,missing_address,MEDIUM,HIGH,OPEN,2026-09-28 06:41:04,
1509,6291,missing_address,MEDIUM,HIGH,OPEN,2026-09-28 06:41:04,
1510,6292,missing_address,MEDIUM,HIGH,OPEN,2026-09-28 06:41:04,
1511,6293,missing_address,MEDIUM,HIGH,OPEN,2026-09-28 06:41:04,
1512,6294,missing_address,MEDIUM,HIGH,OPEN,2026-09-28 06:41:04,
1513,6295,missing_address,MEDIUM,HIGH,OPEN,2026-09-28 06:41:04,
1514,6296,missing_address,MEDIUM,HIGH,OPEN,2026-09-28 06:41:04,
1515,6297,missing_address,MEDIUM,HIGH,OPEN,2026-09-28 06:41:04,
1516,6298,missing_address,MEDIUM,HIGH,OPEN,2026-09-28 06:41:04,
1517,6299,missing_address,MEDIUM,HIGH,OPEN,2026-09-28 06:41:04,
1518,6300,missing_address,MEDIUM,HIGH,OPEN,2026-09-28 06:41:04,
1519,6301,missing_address,MEDIUM,HIGH,OPEN,2026-09-28 06:41:04,
1520,6302,missing_address,MEDIUM,HIGH,OPEN,2026-09-28 06:41:04,
1521,6303,missing_address,MEDIUM,HIGH,OPEN,2026-09-28 06:41:04,
1522,6304,missing_address,MEDIUM,HIGH,OPEN,2026-09-28 06:41:04,
1523,6305,missing_address,MEDIUM,HIGH,OPEN,2026-09-28 06:41:04,
1524,6306,missing_address,MEDIUM,HIGH,OPEN,2026-09-28 06:41:04,
1525,6307,missing_address,MEDIUM,HIGH,OPEN,2026-09-28 06:41:04,
1526,6308,missing_address,MEDIUM,HIGH,OPEN,2026-09-28 06:41:04,
1527,6309,missing_address,MEDIUM,HIGH,OPEN,2026-09-28 06:41:04,
1528,6310,missing_address,MEDIUM,HIGH,OPEN,2026-09-28 06:41:04,
1529,6311,missing_address,MEDIUM,HIGH,OPEN,2026-09-28 06:41:04,
1530,6312,missing_address,MEDIUM,HIGH,OPEN,2026-09-28 06:41:04,
1531,6313,missing_address,MEDIUM,HIGH,OPEN,2026-09-28 06:41:04,
1532,6314,missing_address,MEDIUM,HIGH,OPEN,2026-09-28 06:41:04,
1533,6315,missing_address,MEDIUM,HIGH,OPEN,2026-09-28 06:41:04,
1534,6316,missing_address,MEDIUM,HIGH,OPEN,2026-09-28 06:41:04,
1535,6317,missing_address,MEDIUM,HIGH,OPEN,2026-09-28 06:41:04,
1536,6318,missing_address,MEDIUM,HIGH,OPEN,2026-09-28 06:41:04,
1537,6319,missing_address,MEDIUM,HIGH,OPEN,2026-09-28 06:41:04,
1538,6320,missing_address,MEDIUM,HIGH,OPEN,2026-09-28 06:41:04,
1539,6321,missing_address,MEDIUM,HIGH,OPEN,2026-09-28 06:41:04,
1540,6322,missing_address,MEDIUM,HIGH,OPEN,2026-09-28 06:41:04,
1541,6323,missing_address,MEDIUM,HIGH,OPEN,2026-09-28 06:41:04,
1542,6324,missing_address,MEDIUM,HIGH,OPEN,2026-09-28 06:41:04,
1543,6325,missing_address,MEDIUM,HIGH,OPEN,2026-09-28 06:41:04,
1544,6326,missing_address,MEDIUM,HIGH,OPEN,2026-09-28 06:41:04,
1545,6327,missing_address,MEDIUM,HIGH,OPEN,2026-09-28 06:41:04,
1546,6328,missing_address,MEDIUM,HIGH,OPEN,2026-09-28 06:41:04,
1547,6329,missing_address,MEDIUM,HIGH,OPEN,2026-09-28 06:41:04,
1548,6330,missing_address,MEDIUM,HIGH,OPEN,2026-09-28 06:41:04,
1549,6331,missing_address,MEDIUM,HIGH,OPEN,2026-09-28 06:41:04,
1550,6332,missing_address,MEDIUM,HIGH,OPEN,2026-09-28 06:41:04,
1551,6333,missing_address,MEDIUM,HIGH,OPEN,2026-09-28 06:41:04,
1552,6334,missing_address,MEDIUM,HIGH,OPEN,2026-09-28 06:41:04,
1553,6335,missing_address,MEDIUM,HIGH,OPEN,2026-09-28 06:41:04,
1554,6336,missing_address,MEDIUM,HIGH,OPEN,2026-09-28 06:41:04,
1555,6337,missing_address,MEDIUM,HIGH,OPEN,2026-09-28 06:41:04,
1556,6338,missing_address,MEDIUM,HIGH,OPEN,2026-09-28 06:41:04,
1557,6339,missing_address,MEDIUM,HIGH,OPEN,2026-09-28 06:41:04,
1558,6340,missing_address,MEDIUM,HIGH,OPEN,2026-09-28 06:41:04,
1559,6341,missing_address,MEDIUM,HIGH,OPEN,2026-09-28 06:41:04,
1560,6342,missing_address,MEDIUM,HIGH,OPEN,2026-09-28 06:41:04,
1561,6343,missing_address,MEDIUM,HIGH,OPEN,2026-09-28 06:41:04,
1562,6344,missing_address,MEDIUM,HIGH,OPEN,2026-09-28 06:41:04,
1563,6345,missing_address,MEDIUM,HIGH,OPEN,2026-09-28 06:41:04,
1564,6346,missing_address,MEDIUM,HIGH,OPEN,2026-09-28 06:41:04,
1565,6347,missing_address,MEDIUM,HIGH,OPEN,2026-09-28 06:41:04,
1566,6348,missing_address,MEDIUM,HIGH,OPEN,2026-09-28 06:41:04,
1567,6349,missing_address,MEDIUM,HIGH,OPEN,2026-09-28 06:41:04,
1568,6350,missing_address,MEDIUM,HIGH,OPEN,2026-09-28 06:41:04,
1569,6351,missing_address,MEDIUM,HIGH,OPEN,2026-09-28 06:41:04,
1570,6352,missing_address,MEDIUM,HIGH,OPEN,2026-09-28 06:41:04,
1571,6353,missing_address,MEDIUM,HIGH,OPEN,2026-09-28 06:41:04,
1572,6354,missing_address,MEDIUM,HIGH,OPEN,2026-09-28 06:41:04,
1573,6355,missing_address,MEDIUM,HIGH,OPEN,2026-09-28 06:41:04,
1574,6356,missing_address,MEDIUM,HIGH,OPEN,2026-09-28 06:41:04,
1575,6357,missing_address,MEDIUM,HIGH,OPEN,2026-09-28 06:41:04,
1576,6358,missing_address,MEDIUM,HIGH,OPEN,2026-09-28 06:41:04,
1577,6359,missing_address,MEDIUM,HIGH,OPEN,2026-09-28 06:41:04,
1578,6360,missing_address,MEDIUM,HIGH,OPEN,2026-09-28 06:41:04,
1579,6361,missing_address,MEDIUM,HIGH,OPEN,2026-09-28 06:41:04,
1580,6362,missing_address,MEDIUM,HIGH,OPEN,2026-09-28 06:41:04,
1581,6363,missing_address,MEDIUM,HIGH,OPEN,2026-09-28 06:41:04,
1582,6364,missing_address,MEDIUM,HIGH,OPEN,2026-09-28 06:41:04,
1583,6365,missing_address,MEDIUM,HIGH,OPEN,2026-09-28 06:41:04,
1584,6366,missing_address,MEDIUM,HIGH,OPEN,2026-09-28 06:41:04,
1585,6367,missing_address,MEDIUM,HIGH,OPEN,2026-09-28 06:41:04,
1586,6368,missing_address,MEDIUM,HIGH,OPEN,2026-09-28 06:41:04,
1587,6369,missing_address,MEDIUM,HIGH,OPEN,2026-09-28 06:41:04,
1588,6370,missing_address,MEDIUM,HIGH,OPEN,2026-09-28 06:41:04,
1589,6371,missing_address,MEDIUM,HIGH,OPEN,2026-09-28 06:41:04,
1590,6372,missing_address,MEDIUM,HIGH,OPEN,2026-09-28 06:41:04,
1591,6373,missing_address,MEDIUM,HIGH,OPEN,2026-09-28 06:41:04,
1592,6374,missing_address,MEDIUM,HIGH,OPEN,2026-09-28 06:41:04,
1593,6375,missing_address,MEDIUM,HIGH,OPEN,2026-09-28 06:41:04,
1594,6376,missing_address,MEDIUM,HIGH,OPEN,2026-09-28 06:41:04,
1595,6377,missing_address,MEDIUM,HIGH,OPEN,2026-09-28 06:41:04,
1596,6378,missing_address,MEDIUM,HIGH,OPEN,2026-09-28 06:41:04,
1597,6379,missing_address,MEDIUM,HIGH,OPEN,2026-09-28 06:41:04,
1598,6380,missing_address,MEDIUM,HIGH,OPEN,2026-09-28 06:41:04,
1599,6381,missing_address,MEDIUM,HIGH,OPEN,2026-09-28 06:41:04,
1600,6382,missing_address,MEDIUM,HIGH,OPEN,2026-09-28 06:41:04,
1601,6383,missing_address,MEDIUM,HIGH,OPEN,2026-09-28 06:41:04,
1602,6384,missing_address,MEDIUM,HIGH,OPEN,2026-09-28 06:41:04,
1603,6385,missing_address,MEDIUM,HIGH,OPEN,2026-09-28 06:41:04,
1604,6386,missing_address,MEDIUM,HIGH,OPEN,2026-09-28 06:41:04,
1605,6387,missing_address,MEDIUM,HIGH,OPEN,2026-09-28 06:41:04,
1606,6388,missing_address,MEDIUM,HIGH,OPEN,2026-09-28 06:41:04,
1607,6389,missing_address,MEDIUM,HIGH,OPEN,2026-09-28 06:41:04,
1608,6390,missing_address,MEDIUM,HIGH,OPEN,2026-09-28 06:41:04,
1609,6391,missing_address,MEDIUM,HIGH,OPEN,2026-09-28 06:41:04,
1610,6392,missing_address,MEDIUM,HIGH,OPEN,2026-09-28 06:41:04,
1611,6393,missing_address,MEDIUM,HIGH,OPEN,2026-09-28 06:41:04,
1612,6394,missing_address,MEDIUM,HIGH,OPEN,2026-09-28 06:41:04,
1613,6395,missing_address,MEDIUM,HIGH,OPEN,2026-09-28 06:41:04,
1614,6396,missing_address,MEDIUM,HIGH,OPEN,2026-09-28 06:41:04,
1615,6397,missing_address,MEDIUM,HIGH,OPEN,2026-09-28 06:41:04,
1616,6398,missing_address,MEDIUM,HIGH,OPEN,2026-09-28 06:41:04,
1617,6399,missing_address,MEDIUM,HIGH,OPEN,2026-09-28 06:41:04,
1618,6400,missing_address,MEDIUM,HIGH,OPEN,2026-09-28 06:41:04,
1619,6401,missing_address,MEDIUM,HIGH,OPEN,2026-09-28 06:41:04,
1620,6402,missing_address,MEDIUM,HIGH,OPEN,2026-09-28 06:41:04,
1621,6403,missing_address,MEDIUM,HIGH,OPEN,2026-09-28 06:41:04,
1622,6404,missing_address,MEDIUM,HIGH,OPEN,2026-09-28 06:41:04,
1623,6405,missing_address,MEDIUM,HIGH,OPEN,2026-09-28 06:41:04,
1624,6406,missing_address,MEDIUM,HIGH,OPEN,2026-09-28 06:41:04,
1625,6407,missing_address,MEDIUM,HIGH,OPEN,2026-09-28 06:41:04,
1626,6408,missing_address,MEDIUM,HIGH,OPEN,2026-09-28 06:41:04,
1627,6409,missing_address,MEDIUM,HIGH,OPEN,2026-09-28 06:41:04,
1628,6410,missing_address,MEDIUM,HIGH,OPEN,2026-09-28 06:41:04,
1629,6411,missing_address,MEDIUM,HIGH,OPEN,2026-09-28 06:41:04,
1630,6412,missing_address,MEDIUM,HIGH,OPEN,2026-09-28 06:41:04,
1631,6413,missing_address,MEDIUM,HIGH,OPEN,2026-09-28 06:41:04,
1632,6414,missing_address,MEDIUM,HIGH,OPEN,2026-09-28 06:41:04,
1633,6415,missing_address,MEDIUM,HIGH,OPEN,2026-09-28 06:41:04,
1634,6416,missing_address,MEDIUM,HIGH,OPEN,2026-09-28 06:41:04,
1635,6417,missing_address,MEDIUM,HIGH,OPEN,2026-09-28 06:41:04,
1636,6418,missing_address,MEDIUM,HIGH,OPEN,2026-09-28 06:41:04,
1637,6419,missing_address,MEDIUM,HIGH,OPEN,2026-09-28 06:41:04,
1638,6420,missing_address,MEDIUM,HIGH,OPEN,2026-09-28 06:41:04,
1639,6421,missing_address,MEDIUM,HIGH,OPEN,2026-09-28 06:41:04,
1640,6422,missing_address,MEDIUM,HIGH,OPEN,2026-09-28 06:41:04,
1641,6423,missing_address,MEDIUM,HIGH,OPEN,2026-09-28 06:41:04,
1642,6424,missing_address,MEDIUM,HIGH,OPEN,2026-09-28 06:41:04,
1643,6425,missing_address,MEDIUM,HIGH,OPEN,2026-09-28 06:41:04,
1644,6426,missing_address,MEDIUM,HIGH,OPEN,2026-09-28 06:41:04,
1645,6427,missing_address,MEDIUM,HIGH,OPEN,2026-09-28 06:41:04,
1646,6428,missing_address,MEDIUM,HIGH,OPEN,2026-09-28 06:41:04,
1647,6429,missing_address,MEDIUM,HIGH,OPEN,2026-09-28 06:41:04,
1648,6430,missing_address,MEDIUM,HIGH,OPEN,2026-09-28 06:41:04,
1649,6431,missing_address,MEDIUM,HIGH,OPEN,2026-09-28 06:41:04,
1650,6432,missing_address,MEDIUM,HIGH,OPEN,2026-09-28 06:41:04,
1651,6433,missing_address,MEDIUM,HIGH,OPEN,2026-09-28 06:41:04,
1652,6434,missing_address,MEDIUM,HIGH,OPEN,2026-09-28 06:41:04,
1653,6435,missing_address,MEDIUM,HIGH,OPEN,2026-09-28 06:41:04,
1654,6436,missing_address,MEDIUM,HIGH,OPEN,2026-09-28 06:41:04,
1655,6437,missing_address,MEDIUM,HIGH,OPEN,2026-09-28 06:41:04,
1656,6438,missing_address,MEDIUM,HIGH,OPEN,2026-09-28 06:41:04,
1657,6439,missing_address,MEDIUM,HIGH,OPEN,2026-09-28 06:41:04,
1658,6440,missing_address,MEDIUM,HIGH,OPEN,2026-09-28 06:41:04,
1659,6441,missing_address,MEDIUM,HIGH,OPEN,2026-09-28 06:41:04,
1660,6442,missing_address,MEDIUM,HIGH,OPEN,2026-09-28 06:41:04,
1661,6443,missing_address,MEDIUM,HIGH,OPEN,2026-09-28 06:41:04,
1662,6444,missing_address,MEDIUM,HIGH,OPEN,2026-09-28 06:41:04,
1663,6445,missing_address,MEDIUM,HIGH,OPEN,2026-09-28 06:41:04,
1664,6446,missing_address,MEDIUM,HIGH,OPEN,2026-09-28 06:41:04,
1665,6447,missing_address,MEDIUM,HIGH,OPEN,2026-09-28 06:41:04,
1666,6448,missing_address,MEDIUM,HIGH,OPEN,2026-09-28 06:41:04,
1667,6449,missing_address,MEDIUM,HIGH,OPEN,2026-09-28 06:41:04,
1668,6450,missing_address,MEDIUM,HIGH,OPEN,2026-09-28 06:41:04,
1669,6451,missing_address,MEDIUM,HIGH,OPEN,2026-09-28 06:41:04,
1670,6452,missing_address,MEDIUM,HIGH,OPEN,2026-09-28 06:41:04,
1671,6453,missing_address,MEDIUM,HIGH,OPEN,2026-09-28 06:41:04,
1672,6454,missing_address,MEDIUM,HIGH,OPEN,2026-09-28 06:41:04,
1673,6455,missing_address,MEDIUM,HIGH,OPEN,2026-09-28 06:41:04,
1674,6456,missing_address,MEDIUM,HIGH,OPEN,2026-09-28 06:41:04,
1675,6457,missing_address,MEDIUM,HIGH,OPEN,2026-09-28 06:41:04,
1676,6458,missing_address,MEDIUM,HIGH,OPEN,2026-09-28 06:41:04,
1677,6459,missing_address,MEDIUM,HIGH,OPEN,2026-09-28 06:41:04,
1678,6460,missing_address,MEDIUM,HIGH,OPEN,2026-09-28 06:41:04,
1679,6461,missing_address,MEDIUM,HIGH,OPEN,2026-09-28 06:41:04,
1680,6462,missing_address,MEDIUM,HIGH,OPEN,2026-09-28 06:41:04,
1681,6463,missing_address,MEDIUM,HIGH,OPEN,2026-09-28 06:41:04,
1682,6464,missing_address,MEDIUM,HIGH,OPEN,2026-09-28 06:41:04,
1683,6465,missing_address,MEDIUM,HIGH,OPEN,2026-09-28 06:41:04,
1684,6466,missing_address,MEDIUM,HIGH,OPEN,2026-09-28 06:41:04,
1685,6467,missing_address,MEDIUM,HIGH,OPEN,2026-09-28 06:41:04,
1686,6468,missing_address,MEDIUM,HIGH,OPEN,2026-09-28 06:41:04,
1687,6469,missing_address,MEDIUM,HIGH,OPEN,2026-09-28 06:41:04,
1688,6470,missing_address,MEDIUM,HIGH,OPEN,2026-09-28 06:41:04,
1689,6471,missing_address,MEDIUM,HIGH,OPEN,2026-09-28 06:41:04,
1690,6472,missing_address,MEDIUM,HIGH,OPEN,2026-09-28 06:41:04,
1691,6473,missing_address,MEDIUM,HIGH,OPEN,2026-09-28 06:41:04,
1692,6474,missing_address,MEDIUM,HIGH,OPEN,2026-09-28 06:41:04,
1693,6475,missing_address,MEDIUM,HIGH,OPEN,2026-09-28 06:41:04,
1694,6476,missing_address,MEDIUM,HIGH,OPEN,2026-09-28 06:41:04,
1695,6477,missing_address,MEDIUM,HIGH,OPEN,2026-09-28 06:41:04,
1696,6478,missing_address,MEDIUM,HIGH,OPEN,2026-09-28 06:41:04,
1697,6479,missing_address,MEDIUM,HIGH,OPEN,2026-09-28 06:41:04,
1698,6480,missing_address,MEDIUM,HIGH,OPEN,2026-09-28 06:41:04,
1699,6481,missing_address,MEDIUM,HIGH,OPEN,2026-09-28 06:41:04,
1700,6482,missing_address,MEDIUM,HIGH,OPEN,2026-09-28 06:41:04,
1701,6483,missing_address,MEDIUM,HIGH,OPEN,2026-09-28 06:41:04,
1702,6484,missing_address,MEDIUM,HIGH,OPEN,2026-09-28 06:41:04,
1703,6485,missing_address,MEDIUM,HIGH,OPEN,2026-09-28 06:41:04,
1704,6486,missing_address,MEDIUM,HIGH,OPEN,2026-09-28 06:41:04,
1705,6487,missing_address,MEDIUM,HIGH,OPEN,2026-09-28 06:41:04,
1706,6488,missing_address,MEDIUM,HIGH,OPEN,2026-09-28 06:41:04,
1707,6489,missing_address,MEDIUM,HIGH,OPEN,2026-09-28 06:41:04,
1708,6490,missing_address,MEDIUM,HIGH,OPEN,2026-09-28 06:41:04,
1709,6491,missing_address,MEDIUM,HIGH,OPEN,2026-09-28 06:41:04,
1710,6492,missing_address,MEDIUM,HIGH,OPEN,2026-09-28 06:41:04,
1711,6493,missing_address,MEDIUM,HIGH,OPEN,2026-09-28 06:41:04,
1712,6494,missing_address,MEDIUM,HIGH,OPEN,2026-09-28 06:41:04,
1713,6495,missing_address,MEDIUM,HIGH,OPEN,2026-09-28 06:41:04,
1714,6496,missing_address,MEDIUM,HIGH,OPEN,2026-09-28 06:41:04,
1715,6497,missing_address,MEDIUM,HIGH,OPEN,2026-09-28 06:41:04,
1716,6498,missing_address,MEDIUM,HIGH,OPEN,2026-09-28 06:41:04,
1717,6499,missing_address,MEDIUM,HIGH,OPEN,2026-09-28 06:41:04,
1718,6500,missing_address,MEDIUM,HIGH,OPEN,2026-09-28 06:41:04,
1719,6501,missing_address,MEDIUM,HIGH,OPEN,2026-09-28 06:41:04,
1720,6502,missing_address,MEDIUM,HIGH,OPEN,2026-09-28 06:41:04,
1721,6503,missing_address,MEDIUM,HIGH,OPEN,2026-09-28 06:41:04,
1722,6504,missing_address,MEDIUM,HIGH,OPEN,2026-09-28 06:41:04,
1723,6505,missing_address,MEDIUM,HIGH,OPEN,2026-09-28 06:41:04,
1724,6506,missing_address,MEDIUM,HIGH,OPEN,2026-09-28 06:41:04,
1725,6507,missing_address,MEDIUM,HIGH,OPEN,2026-09-28 06:41:04,
1726,6508,missing_address,MEDIUM,HIGH,OPEN,2026-09-28 06:41:04,
1727,6509,missing_address,MEDIUM,HIGH,OPEN,2026-09-28 06:41:04,
1728,6510,missing_address,MEDIUM,HIGH,OPEN,2026-09-28 06:41:04,
1729,6511,missing_address,MEDIUM,HIGH,OPEN,2026-09-28 06:41:04,
1730,6512,missing_address,MEDIUM,HIGH,OPEN,2026-09-28 06:41:04,
1731,6513,missing_address,MEDIUM,HIGH,OPEN,2026-09-28 06:41:04,
1732,6514,missing_address,MEDIUM,HIGH,OPEN,2026-09-28 06:41:04,
1733,6515,missing_address,MEDIUM,HIGH,OPEN,2026-09-28 06:41:04,
1734,6516,missing_address,MEDIUM,HIGH,OPEN,2026-09-28 06:41:04,
1735,6517,missing_address,MEDIUM,HIGH,OPEN,2026-09-28 06:41:04,
1736,6518,missing_address,MEDIUM,HIGH,OPEN,2026-09-28 06:41:04,
1737,6519,missing_address,MEDIUM,HIGH,OPEN,2026-09-28 06:41:04,
1738,6520,missing_address,MEDIUM,HIGH,OPEN,2026-09-28 06:41:04,
1739,6521,missing_address,MEDIUM,HIGH,OPEN,2026-09-28 06:41:04,
1740,6522,missing_address,MEDIUM,HIGH,OPEN,2026-09-28 06:41:04,
1741,6523,missing_address,MEDIUM,HIGH,OPEN,2026-09-28 06:41:04,
1742,6524,missing_address,MEDIUM,HIGH,OPEN,2026-09-28 06:41:04,
1743,6525,missing_address,MEDIUM,HIGH,OPEN,2026-09-28 06:41:04,
1744,6526,missing_address,MEDIUM,HIGH,OPEN,2026-09-28 06:41:04,
1745,6527,missing_address,MEDIUM,HIGH,OPEN,2026-09-28 06:41:04,
1746,6528,missing_address,MEDIUM,HIGH,OPEN,2026-09-28 06:41:04,
1747,6529,missing_address,MEDIUM,HIGH,OPEN,2026-09-28 06:41:04,
1748,6530,missing_address,MEDIUM,HIGH,OPEN,2026-09-28 06:41:04,
1749,6531,missing_address,MEDIUM,HIGH,OPEN,2026-09-28 06:41:04,
1750,6532,missing_address,MEDIUM,HIGH,OPEN,2026-09-28 06:41:04,
1751,6533,missing_address,MEDIUM,HIGH,OPEN,2026-09-28 06:41:04,
1752,6534,missing_address,MEDIUM,HIGH,OPEN,2026-09-28 06:41:04,
1753,6535,missing_address,MEDIUM,HIGH,OPEN,2026-09-28 06:41:04,
1754,6536,missing_address,MEDIUM,HIGH,OPEN,2026-09-28 06:41:04,
1755,6537,missing_address,MEDIUM,HIGH,OPEN,2026-09-28 06:41:04,
1756,6538,missing_address,MEDIUM,HIGH,OPEN,2026-09-28 06:41:04,
1757,6539,missing_address,MEDIUM,HIGH,OPEN,2026-09-28 06:41:04,
1758,6540,missing_address,MEDIUM,HIGH,OPEN,2026-09-28 06:41:04,
1759,6541,missing_address,MEDIUM,HIGH,OPEN,2026-09-28 06:41:04,
1760,6542,missing_address,MEDIUM,HIGH,OPEN,2026-09-28 06:41:04,
1761,6543,missing_address,MEDIUM,HIGH,OPEN,2026-09-28 06:41:04,
1762,6544,missing_address,MEDIUM,HIGH,OPEN,2026-09-28 06:41:04,
1763,6545,missing_address,MEDIUM,HIGH,OPEN,2026-09-28 06:41:04,
1764,6546,missing_address,MEDIUM,HIGH,OPEN,2026-09-28 06:41:04,
1765,6547,missing_address,MEDIUM,HIGH,OPEN,2026-09-28 06:41:04,
1766,6548,missing_address,MEDIUM,HIGH,OPEN,2026-09-28 06:41:04,
1767,6549,missing_address,MEDIUM,HIGH,OPEN,2026-09-28 06:41:04,
1768,6550,missing_address,MEDIUM,HIGH,OPEN,2026-09-28 06:41:04,
1769,6551,missing_address,MEDIUM,HIGH,OPEN,2026-09-28 06:41:04,
1770,6552,missing_address,MEDIUM,HIGH,OPEN,2026-09-28 06:41:04,
1771,6553,missing_address,MEDIUM,HIGH,OPEN,2026-09-28 06:41:04,
1772,6554,missing_address,MEDIUM,HIGH,OPEN,2026-09-28 06:41:04,
1773,6555,missing_address,MEDIUM,HIGH,OPEN,2026-09-28 06:41:04,
1774,6556,missing_address,MEDIUM,HIGH,OPEN,2026-09-28 06:41:04,
1775,6557,missing_address,MEDIUM,HIGH,OPEN,2026-09-28 06:41:04,
1776,6558,missing_address,MEDIUM,HIGH,OPEN,2026-09-28 06:41:04,
1777,6559,missing_address,MEDIUM,HIGH,OPEN,2026-09-28 06:41:04,
1778,6560,missing_address,MEDIUM,HIGH,OPEN,2026-09-28 06:41:04,
1779,6561,missing_address,MEDIUM,HIGH,OPEN,2026-09-28 06:41:04,
1780,6562,missing_address,MEDIUM,HIGH,OPEN,2026-09-28 06:41:04,
1781,6563,missing_address,MEDIUM,HIGH,OPEN,2026-09-28 06:41:04,
1782,6564,missing_address,MEDIUM,HIGH,OPEN,2026-09-28 06:41:04,
1783,6565,missing_address,MEDIUM,HIGH,OPEN,2026-09-28 06:41:04,
1784,6566,missing_address,MEDIUM,HIGH,OPEN,2026-09-28 06:41:04,
1785,6567,missing_address,MEDIUM,HIGH,OPEN,2026-09-28 06:41:04,
1786,6568,missing_address,MEDIUM,HIGH,OPEN,2026-09-28 06:41:04,
1787,6569,missing_address,MEDIUM,HIGH,OPEN,2026-09-28 06:41:04,
1788,6570,missing_address,MEDIUM,HIGH,OPEN,2026-09-28 06:41:04,
1789,6571,missing_address,MEDIUM,HIGH,OPEN,2026-09-28 06:41:04,
1790,6572,missing_address,MEDIUM,HIGH,OPEN,2026-09-28 06:41:04,
1791,6573,missing_address,MEDIUM,HIGH,OPEN,2026-09-28 06:41:04,
1792,6574,missing_address,MEDIUM,HIGH,OPEN,2026-09-28 06:41:04,
1793,6575,missing_address,MEDIUM,HIGH,OPEN,2026-09-28 06:41:04,
1794,6576,missing_address,MEDIUM,HIGH,OPEN,2026-09-28 06:41:04,
1795,6577,missing_address,MEDIUM,HIGH,OPEN,2026-09-28 06:41:04,
1796,6578,missing_address,MEDIUM,HIGH,OPEN,2026-09-28 06:41:04,
1797,6579,missing_address,MEDIUM,HIGH,OPEN,2026-09-28 06:41:04,
1798,6580,missing_address,MEDIUM,HIGH,OPEN,2026-09-28 06:41:04,
1799,6581,missing_address,MEDIUM,HIGH,OPEN,2026-09-28 06:41:04,
1800,6582,missing_address,MEDIUM,HIGH,OPEN,2026-09-28 06:41:04,
1801,6583,missing_address,MEDIUM,HIGH,OPEN,2026-09-28 06:41:04,
1802,6584,missing_address,MEDIUM,HIGH,OPEN,2026-09-28 06:41:04,
1803,6585,missing_address,MEDIUM,HIGH,OPEN,2026-09-28 06:41:04,
1804,6586,missing_address,MEDIUM,HIGH,OPEN,2026-09-28 06:41:04,
1805,6587,missing_address,MEDIUM,HIGH,OPEN,2026-09-28 06:41:04,
1806,6588,missing_address,MEDIUM,HIGH,OPEN,2026-09-28 06:41:04,
1807,6589,missing_address,MEDIUM,HIGH,OPEN,2026-09-28 06:41:04,
1808,6590,missing_address,MEDIUM,HIGH,OPEN,2026-09-28 06:41:04,
1809,6591,missing_address,MEDIUM,HIGH,OPEN,2026-09-28 06:41:04,
1810,6592,missing_address,MEDIUM,HIGH,OPEN,2026-09-28 06:41:04,
1811,6593,missing_address,MEDIUM,HIGH,OPEN,2026-09-28 06:41:04,
1812,6594,missing_address,MEDIUM,HIGH,OPEN,2026-09-28 06:41:04,
1813,6595,missing_address,MEDIUM,HIGH,OPEN,2026-09-28 06:41:04,
1814,6596,missing_address,MEDIUM,HIGH,OPEN,2026-09-28 06:41:04,
1815,6597,missing_address,MEDIUM,HIGH,OPEN,2026-09-28 06:41:04,
1816,6598,missing_address,MEDIUM,HIGH,OPEN,2026-09-28 06:41:04,
1817,6599,missing_address,MEDIUM,HIGH,OPEN,2026-09-28 06:41:04,
1818,6600,missing_address,MEDIUM,HIGH,OPEN,2026-09-28 06:41:04,
1819,6601,missing_address,MEDIUM,HIGH,OPEN,2026-09-28 06:41:04,
1820,6602,missing_address,MEDIUM,HIGH,OPEN,2026-09-28 06:41:04,
1821,6603,missing_address,MEDIUM,HIGH,OPEN,2026-09-28 06:41:04,
1822,6604,missing_address,MEDIUM,HIGH,OPEN,2026-09-28 06:41:04,
1823,6605,missing_address,MEDIUM,HIGH,OPEN,2026-09-28 06:41:04,
1824,6606,missing_address,MEDIUM,HIGH,OPEN,2026-09-28 06:41:04,
1825,6607,missing_address,MEDIUM,HIGH,OPEN,2026-09-28 06:41:04,
1826,6608,missing_address,MEDIUM,HIGH,OPEN,2026-09-28 06:41:04,
1827,6609,missing_address,MEDIUM,HIGH,OPEN,2026-09-28 06:41:04,
1828,6610,missing_address,MEDIUM,HIGH,OPEN,2026-09-28 06:41:04,
1829,6611,missing_address,MEDIUM,HIGH,OPEN,2026-09-28 06:41:04,
1830,6612,missing_address,MEDIUM,HIGH,OPEN,2026-09-28 06:41:04,
1831,6613,missing_address,MEDIUM,HIGH,OPEN,2026-09-28 06:41:04,
1832,6614,missing_address,MEDIUM,HIGH,OPEN,2026-09-28 06:41:04,
1833,6615,missing_address,MEDIUM,HIGH,OPEN,2026-09-28 06:41:04,
1834,6616,missing_address,MEDIUM,HIGH,OPEN,2026-09-28 06:41:04,
1835,6617,missing_address,MEDIUM,HIGH,OPEN,2026-09-28 06:41:04,
1836,6618,missing_address,MEDIUM,HIGH,OPEN,2026-09-28 06:41:04,
1837,6619,missing_address,MEDIUM,HIGH,OPEN,2026-09-28 06:41:04,
1838,6620,missing_address,MEDIUM,HIGH,OPEN,2026-09-28 06:41:04,
1839,6621,missing_address,MEDIUM,HIGH,OPEN,2026-09-28 06:41:04,
1840,6622,missing_address,MEDIUM,HIGH,OPEN,2026-09-28 06:41:04,
1841,6623,missing_address,MEDIUM,HIGH,OPEN,2026-09-28 06:41:04,
1842,6624,missing_address,MEDIUM,HIGH,OPEN,2026-09-28 06:41:04,
1843,6625,missing_address,MEDIUM,HIGH,OPEN,2026-09-28 06:41:04,
1844,6626,missing_address,MEDIUM,HIGH,OPEN,2026-09-28 06:41:04,
1845,6627,missing_address,MEDIUM,HIGH,OPEN,2026-09-28 06:41:04,
1846,6628,missing_address,MEDIUM,HIGH,OPEN,2026-09-28 06:41:04,
1847,6629,missing_address,MEDIUM,HIGH,OPEN,2026-09-28 06:41:04,
1848,6630,missing_address,MEDIUM,HIGH,OPEN,2026-09-28 06:41:04,
1849,6631,missing_address,MEDIUM,HIGH,OPEN,2026-09-28 06:41:04,
1850,6632,missing_address,MEDIUM,HIGH,OPEN,2026-09-28 06:41:04,
1851,6633,missing_address,MEDIUM,HIGH,OPEN,2026-09-28 06:41:04,
1852,6634,missing_address,MEDIUM,HIGH,OPEN,2026-09-28 06:41:04,
1853,6635,missing_address,MEDIUM,HIGH,OPEN,2026-09-28 06:41:04,
1854,6636,missing_address,MEDIUM,HIGH,OPEN,2026-09-28 06:41:04,
1855,6637,missing_address,MEDIUM,HIGH,OPEN,2026-09-28 06:41:04,
1856,6638,missing_address,MEDIUM,HIGH,OPEN,2026-09-28 06:41:04,
1857,6639,missing_address,MEDIUM,HIGH,OPEN,2026-09-28 06:41:04,
1858,6640,missing_address,MEDIUM,HIGH,OPEN,2026-09-28 06:41:04,
1859,6641,missing_address,MEDIUM,HIGH,OPEN,2026-09-28 06:41:04,
1860,6642,missing_address,MEDIUM,HIGH,OPEN,2026-09-28 06:41:04,
1861,6643,missing_address,MEDIUM,HIGH,OPEN,2026-09-28 06:41:04,
1862,6644,missing_address,MEDIUM,HIGH,OPEN,2026-09-28 06:41:04,
1863,6645,missing_address,MEDIUM,HIGH,OPEN,2026-09-28 06:41:04,
1864,6646,missing_address,MEDIUM,HIGH,OPEN,2026-09-28 06:41:04,
1865,6647,missing_address,MEDIUM,HIGH,OPEN,2026-09-28 06:41:04,
1866,6648,missing_address,MEDIUM,HIGH,OPEN,2026-09-28 06:41:04,
1867,6649,missing_address,MEDIUM,HIGH,OPEN,2026-09-28 06:41:04,
1868,6650,missing_address,MEDIUM,HIGH,OPEN,2026-09-28 06:41:04,
1869,6651,missing_address,MEDIUM,HIGH,OPEN,2026-09-28 06:41:04,
1870,6652,missing_address,MEDIUM,HIGH,OPEN,2026-09-28 06:41:04,
1871,6653,missing_address,MEDIUM,HIGH,OPEN,2026-09-28 06:41:04,
1872,6654,missing_address,MEDIUM,HIGH,OPEN,2026-09-28 06:41:04,
1873,6655,missing_address,MEDIUM,HIGH,OPEN,2026-09-28 06:41:04,
1874,6656,missing_address,MEDIUM,HIGH,OPEN,2026-09-28 06:41:04,
1875,6657,missing_address,MEDIUM,HIGH,OPEN,2026-09-28 06:41:04,
1876,6658,missing_address,MEDIUM,HIGH,OPEN,2026-09-28 06:41:04,
1877,6659,missing_address,MEDIUM,HIGH,OPEN,2026-09-28 06:41:04,
1878,6660,missing_address,MEDIUM,HIGH,OPEN,2026-09-28 06:41:04,
1879,6661,missing_address,MEDIUM,HIGH,OPEN,2026-09-28 06:41:04,
1880,6662,missing_address,MEDIUM,HIGH,OPEN,2026-09-28 06:41:04,
1881,6663,missing_address,MEDIUM,HIGH,OPEN,2026-09-28 06:41:04,
1882,6664,missing_address,MEDIUM,HIGH,OPEN,2026-09-28 06:41:04,
1883,6665,missing_address,MEDIUM,HIGH,OPEN,2026-09-28 06:41:04,
1884,6666,missing_address,MEDIUM,HIGH,OPEN,2026-09-28 06:41:04,
1885,6667,missing_address,MEDIUM,HIGH,OPEN,2026-09-28 06:41:04,
1886,6668,missing_address,MEDIUM,HIGH,OPEN,2026-09-28 06:41:04,
1887,6669,missing_address,MEDIUM,HIGH,OPEN,2026-09-28 06:41:04,
1888,6670,missing_address,MEDIUM,HIGH,OPEN,2026-09-28 06:41:04,
1889,6671,missing_address,MEDIUM,HIGH,OPEN,2026-09-28 06:41:04,
1890,6672,missing_address,MEDIUM,HIGH,OPEN,2026-09-28 06:41:04,
1891,6673,missing_address,MEDIUM,HIGH,OPEN,2026-09-28 06:41:04,
1892,6674,missing_address,MEDIUM,HIGH,OPEN,2026-09-28 06:41:04,
1893,6675,missing_address,MEDIUM,HIGH,OPEN,2026-09-28 06:41:04,
1894,6676,missing_address,MEDIUM,HIGH,OPEN,2026-09-28 06:41:04,
1895,6677,missing_address,MEDIUM,HIGH,OPEN,2026-09-28 06:41:04,
1896,6678,missing_address,MEDIUM,HIGH,OPEN,2026-09-28 06:41:04,
1897,6679,missing_address,MEDIUM,HIGH,OPEN,2026-09-28 06:41:04,
1898,6680,missing_address,MEDIUM,HIGH,OPEN,2026-09-28 06:41:04,
1899,6681,missing_address,MEDIUM,HIGH,OPEN,2026-09-28 06:41:04,
1900,6682,missing_address,MEDIUM,HIGH,OPEN,2026-09-28 06:41:04,
1901,6683,missing_address,MEDIUM,HIGH,OPEN,2026-09-28 06:41:04,
1902,6684,missing_address,MEDIUM,HIGH,OPEN,2026-09-28 06:41:04,
1903,6685,missing_address,MEDIUM,HIGH,OPEN,2026-09-28 06:41:04,
1904,6686,missing_address,MEDIUM,HIGH,OPEN,2026-09-28 06:41:04,
1905,6687,missing_address,MEDIUM,HIGH,OPEN,2026-09-28 06:41:04,
1906,6688,missing_address,MEDIUM,HIGH,OPEN,2026-09-28 06:41:04,
1907,6689,missing_address,MEDIUM,HIGH,OPEN,2026-09-28 06:41:04,
1908,6690,missing_address,MEDIUM,HIGH,OPEN,2026-09-28 06:41:04,
1909,6691,missing_address,MEDIUM,HIGH,OPEN,2026-09-28 06:41:04,
1910,6692,missing_address,MEDIUM,HIGH,OPEN,2026-09-28 06:41:04,
1911,6693,missing_address,MEDIUM,HIGH,OPEN,2026-09-28 06:41:04,
1912,6694,missing_address,MEDIUM,HIGH,OPEN,2026-09-28 06:41:04,
1913,6695,missing_address,MEDIUM,HIGH,OPEN,2026-09-28 06:41:04,
1914,6696,missing_address,MEDIUM,HIGH,OPEN,2026-09-28 06:41:04,
1915,6697,missing_address,MEDIUM,HIGH,OPEN,2026-09-28 06:41:04,
1916,6698,missing_address,MEDIUM,HIGH,OPEN,2026-09-28 06:41:04,
1917,6699,missing_address,MEDIUM,HIGH,OPEN,2026-09-28 06:41:04,
1918,6700,missing_address,MEDIUM,HIGH,OPEN,2026-09-28 06:41:04,
1919,6701,missing_address,MEDIUM,HIGH,OPEN,2026-09-28 06:41:04,
1920,6702,missing_address,MEDIUM,HIGH,OPEN,2026-09-28 06:41:04,
1921,6703,missing_address,MEDIUM,HIGH,OPEN,2026-09-28 06:41:04,
1922,6704,missing_address,MEDIUM,HIGH,OPEN,2026-09-28 06:41:04,
1923,6705,missing_address,MEDIUM,HIGH,OPEN,2026-09-28 06:41:04,
1924,6706,missing_address,MEDIUM,HIGH,OPEN,2026-09-28 06:41:04,
1925,6707,missing_address,MEDIUM,HIGH,OPEN,2026-09-28 06:41:04,
1926,6708,missing_address,MEDIUM,HIGH,OPEN,2026-09-28 06:41:04,
1927,6709,missing_address,MEDIUM,HIGH,OPEN,2026-09-28 06:41:04,
1928,6710,missing_address,MEDIUM,HIGH,OPEN,2026-09-28 06:41:04,
1929,6711,missing_address,MEDIUM,HIGH,OPEN,2026-09-28 06:41:04,
1930,6712,missing_address,MEDIUM,HIGH,OPEN,2026-09-28 06:41:04,
1931,6713,missing_address,MEDIUM,HIGH,OPEN,2026-09-28 06:41:04,
1932,6714,missing_address,MEDIUM,HIGH,OPEN,2026-09-28 06:41:04,
1933,6715,missing_address,MEDIUM,HIGH,OPEN,2026-09-28 06:41:04,
1934,6716,missing_address,MEDIUM,HIGH,OPEN,2026-09-28 06:41:04,
1935,6717,missing_address,MEDIUM,HIGH,OPEN,2026-09-28 06:41:04,
1936,6718,missing_address,MEDIUM,HIGH,OPEN,2026-09-28 06:41:04,
1937,6719,missing_address,MEDIUM,HIGH,OPEN,2026-09-28 06:41:04,
1938,6720,missing_address,MEDIUM,HIGH,OPEN,2026-09-28 06:41:04,
1939,6721,missing_address,MEDIUM,HIGH,OPEN,2026-09-28 06:41:04,
1940,6722,missing_address,MEDIUM,HIGH,OPEN,2026-09-28 06:41:04,
1941,6723,missing_address,MEDIUM,HIGH,OPEN,2026-09-28 06:41:04,
1942,6724,missing_address,MEDIUM,HIGH,OPEN,2026-09-28 06:41:04,
1943,6725,missing_address,MEDIUM,HIGH,OPEN,2026-09-28 06:41:04,
1944,6726,missing_address,MEDIUM,HIGH,OPEN,2026-09-28 06:41:04,
1945,6727,missing_address,MEDIUM,HIGH,OPEN,2026-09-28 06:41:04,
1946,6728,missing_address,MEDIUM,HIGH,OPEN,2026-09-28 06:41:04,
1947,6729,missing_address,MEDIUM,HIGH,OPEN,2026-09-28 06:41:04,
1948,6730,missing_address,MEDIUM,HIGH,OPEN,2026-09-28 06:41:04,
1949,6731,missing_address,MEDIUM,HIGH,OPEN,2026-09-28 06:41:04,
1950,6732,missing_address,MEDIUM,HIGH,OPEN,2026-09-28 06:41:04,
1951,6733,missing_address,MEDIUM,HIGH,OPEN,2026-09-28 06:41:04,
1952,6734,missing_address,MEDIUM,HIGH,OPEN,2026-09-28 06:41:04,
1953,6735,missing_address,MEDIUM,HIGH,OPEN,2026-09-28 06:41:04,
1954,6736,missing_address,MEDIUM,HIGH,OPEN,2026-09-28 06:41:04,
1955,6737,missing_address,MEDIUM,HIGH,OPEN,2026-09-28 06:41:04,
1956,6738,missing_address,MEDIUM,HIGH,OPEN,2026-09-28 06:41:04,
1957,6739,missing_address,MEDIUM,HIGH,OPEN,2026-09-28 06:41:04,
1958,6740,missing_address,MEDIUM,HIGH,OPEN,2026-09-28 06:41:04,
1959,6741,missing_address,MEDIUM,HIGH,OPEN,2026-09-28 06:41:04,
1960,6742,missing_address,MEDIUM,HIGH,OPEN,2026-09-28 06:41:04,
1961,6743,missing_address,MEDIUM,HIGH,OPEN,2026-09-28 06:41:04,
1962,6744,missing_address,MEDIUM,HIGH,OPEN,2026-09-28 06:41:04,
1963,6745,missing_address,MEDIUM,HIGH,OPEN,2026-09-28 06:41:04,
1964,6746,missing_address,MEDIUM,HIGH,OPEN,2026-09-28 06:41:04,
1965,6747,missing_address,MEDIUM,HIGH,OPEN,2026-09-28 06:41:04,
1966,6748,missing_address,MEDIUM,HIGH,OPEN,2026-09-28 06:41:04,
1967,6749,missing_address,MEDIUM,HIGH,OPEN,2026-09-28 06:41:04,
1968,6750,missing_address,MEDIUM,HIGH,OPEN,2026-09-28 06:41:04,
1969,6751,missing_address,MEDIUM,HIGH,OPEN,2026-09-28 06:41:04,
1970,6752,missing_address,MEDIUM,HIGH,OPEN,2026-09-28 06:41:04,
1971,6753,missing_address,MEDIUM,HIGH,OPEN,2026-09-28 06:41:04,
1972,6754,missing_address,MEDIUM,HIGH,OPEN,2026-09-28 06:41:04,
1973,6755,missing_address,MEDIUM,HIGH,OPEN,2026-09-28 06:41:04,
1974,6756,missing_address,MEDIUM,HIGH,OPEN,2026-09-28 06:41:04,
1975,6757,missing_address,MEDIUM,HIGH,OPEN,2026-09-28 06:41:04,
1976,6758,missing_address,MEDIUM,HIGH,OPEN,2026-09-28 06:41:04,
1977,6759,missing_address,MEDIUM,HIGH,OPEN,2026-09-28 06:41:04,
1978,6760,missing_address,MEDIUM,HIGH,OPEN,2026-09-28 06:41:04,
1979,6761,missing_address,MEDIUM,HIGH,OPEN,2026-09-28 06:41:04,
1980,6762,missing_address,MEDIUM,HIGH,OPEN,2026-09-28 06:41:04,
1981,6763,missing_address,MEDIUM,HIGH,OPEN,2026-09-28 06:41:04,
1982,6764,missing_address,MEDIUM,HIGH,OPEN,2026-09-28 06:41:04,
1983,6765,missing_address,MEDIUM,HIGH,OPEN,2026-09-28 06:41:04,
1984,6766,missing_address,MEDIUM,HIGH,OPEN,2026-09-28 06:41:04,
1985,6767,missing_address,MEDIUM,HIGH,OPEN,2026-09-28 06:41:04,
1986,6768,missing_address,MEDIUM,HIGH,OPEN,2026-09-28 06:41:04,
1987,6769,missing_address,MEDIUM,HIGH,OPEN,2026-09-28 06:41:04,
1988,6770,missing_address,MEDIUM,HIGH,OPEN,2026-09-28 06:41:04,
1989,6771,missing_address,MEDIUM,HIGH,OPEN,2026-09-28 06:41:04,
1990,6772,missing_address,MEDIUM,HIGH,OPEN,2026-09-28 06:41:04,
1991,6773,missing_address,MEDIUM,HIGH,OPEN,2026-09-28 06:41:04,
1992,6774,missing_address,MEDIUM,HIGH,OPEN,2026-09-28 06:41:04,
1993,6775,missing_address,MEDIUM,HIGH,OPEN,2026-09-28 06:41:04,
1994,6776,missing_address,MEDIUM,HIGH,OPEN,2026-09-28 06:41:04,
1995,6777,missing_address,MEDIUM,HIGH,OPEN,2026-09-28 06:41:04,
1996,6778,missing_address,MEDIUM,HIGH,OPEN,2026-09-28 06:41:04,
1997,6779,missing_address,MEDIUM,HIGH,OPEN,2026-09-28 06:41:04,
1998,6780,missing_address,MEDIUM,HIGH,OPEN,2026-09-28 06:41:04,
1999,6781,missing_address,MEDIUM,HIGH,OPEN,2026-09-28 06:41:04,
2000,6782,missing_address,MEDIUM,HIGH,OPEN,2026-09-28 06:41:04,
2001,6783,missing_address,MEDIUM,HIGH,OPEN,2026-09-28 06:41:04,
2002,6784,missing_address,MEDIUM,HIGH,OPEN,2026-09-28 06:41:04,
2003,6785,missing_address,MEDIUM,HIGH,OPEN,2026-09-28 06:41:04,
2004,6786,missing_address,MEDIUM,HIGH,OPEN,2026-09-28 06:41:04,
2005,6787,missing_address,MEDIUM,HIGH,OPEN,2026-09-28 06:41:04,
2006,6788,missing_address,MEDIUM,HIGH,OPEN,2026-09-28 06:41:04,
2007,6789,missing_address,MEDIUM,HIGH,OPEN,2026-09-28 06:41:04,
2008,6790,missing_address,MEDIUM,HIGH,OPEN,2026-09-28 06:41:04,
2009,6791,missing_address,MEDIUM,HIGH,OPEN,2026-09-28 06:41:04,
2010,6792,missing_address,MEDIUM,HIGH,OPEN,2026-09-28 06:41:04,
2011,6793,missing_address,MEDIUM,HIGH,OPEN,2026-09-28 06:41:04,
2012,6794,missing_address,MEDIUM,HIGH,OPEN,2026-09-28 06:41:04,
2013,6795,missing_address,MEDIUM,HIGH,OPEN,2026-09-28 06:41:04,
2014,6796,missing_address,MEDIUM,HIGH,OPEN,2026-09-28 06:41:04,
2015,6797,missing_address,MEDIUM,HIGH,OPEN,2026-09-28 06:41:04,
2016,6798,missing_address,MEDIUM,HIGH,OPEN,2026-09-28 06:41:04,
2017,6799,missing_address,MEDIUM,HIGH,OPEN,2026-09-28 06:41:04,
2018,6800,missing_address,MEDIUM,HIGH,OPEN,2026-09-28 06:41:04,
2019,6801,missing_address,MEDIUM,HIGH,OPEN,2026-09-28 06:41:04,
2020,6802,missing_address,MEDIUM,HIGH,OPEN,2026-09-28 06:41:04,
2021,6803,missing_address,MEDIUM,HIGH,OPEN,2026-09-28 06:41:04,
2022,6804,missing_address,MEDIUM,HIGH,OPEN,2026-09-28 06:41:04,
2023,6805,missing_address,MEDIUM,HIGH,OPEN,2026-09-28 06:41:04,
2024,6806,missing_address,MEDIUM,HIGH,OPEN,2026-09-28 06:41:04,
2025,6807,missing_address,MEDIUM,HIGH,OPEN,2026-09-28 06:41:04,
2026,6808,missing_address,MEDIUM,HIGH,OPEN,2026-09-28 06:41:04,
2027,6809,missing_address,MEDIUM,HIGH,OPEN,2026-09-28 06:41:04,
2028,6810,missing_address,MEDIUM,HIGH,OPEN,2026-09-28 06:41:04,
2029,6811,missing_address,MEDIUM,HIGH,OPEN,2026-09-28 06:41:04,
2030,6812,missing_address,MEDIUM,HIGH,OPEN,2026-09-28 06:41:04,
2031,6813,missing_address,MEDIUM,HIGH,OPEN,2026-09-28 06:41:04,
2032,6814,missing_address,MEDIUM,HIGH,OPEN,2026-09-28 06:41:04,
2033,6815,missing_address,MEDIUM,HIGH,OPEN,2026-09-28 06:41:04,
2034,6816,missing_address,MEDIUM,HIGH,OPEN,2026-09-28 06:41:04,
2035,6817,missing_address,MEDIUM,HIGH,OPEN,2026-09-28 06:41:04,
2036,6818,missing_address,MEDIUM,HIGH,OPEN,2026-09-28 06:41:04,
2037,6819,missing_address,MEDIUM,HIGH,OPEN,2026-09-28 06:41:04,
2038,6820,missing_address,MEDIUM,HIGH,OPEN,2026-09-28 06:41:04,
2039,6821,missing_address,MEDIUM,HIGH,OPEN,2026-09-28 06:41:04,
2040,6822,missing_address,MEDIUM,HIGH,OPEN,2026-09-28 06:41:04,
2041,6823,missing_address,MEDIUM,HIGH,OPEN,2026-09-28 06:41:04,
2042,6824,missing_address,MEDIUM,HIGH,OPEN,2026-09-28 06:41:04,
2043,6825,missing_address,MEDIUM,HIGH,OPEN,2026-09-28 06:41:04,
2044,6826,missing_address,MEDIUM,HIGH,OPEN,2026-09-28 06:41:04,
2045,6827,missing_address,MEDIUM,HIGH,OPEN,2026-09-28 06:41:04,
2046,6828,missing_address,MEDIUM,HIGH,OPEN,2026-09-28 06:41:04,
2047,6829,missing_address,MEDIUM,HIGH,OPEN,2026-09-28 06:41:04,
2048,6830,missing_address,MEDIUM,HIGH,OPEN,2026-09-28 06:41:04,
2049,6831,missing_address,MEDIUM,HIGH,OPEN,2026-09-28 06:41:04,
2050,6832,missing_address,MEDIUM,HIGH,OPEN,2026-09-28 06:41:04,
2051,6833,missing_address,MEDIUM,HIGH,OPEN,2026-09-28 06:41:04,
2052,6834,missing_address,MEDIUM,HIGH,OPEN,2026-09-28 06:41:04,
2053,6835,missing_address,MEDIUM,HIGH,OPEN,2026-09-28 06:41:04,
2054,6836,missing_address,MEDIUM,HIGH,OPEN,2026-09-28 06:41:04,
2055,6837,missing_address,MEDIUM,HIGH,OPEN,2026-09-28 06:41:04,
2056,6838,missing_address,MEDIUM,HIGH,OPEN,2026-09-28 06:41:04,
2057,6839,missing_address,MEDIUM,HIGH,OPEN,2026-09-28 06:41:04,
2058,6840,missing_address,MEDIUM,HIGH,OPEN,2026-09-28 06:41:04,
2059,6841,missing_address,MEDIUM,HIGH,OPEN,2026-09-28 06:41:04,
2060,6842,missing_address,MEDIUM,HIGH,OPEN,2026-09-28 06:41:04,
2061,6843,missing_address,MEDIUM,HIGH,OPEN,2026-09-28 06:41:04,
2062,6844,missing_address,MEDIUM,HIGH,OPEN,2026-09-28 06:41:04,
2063,6845,missing_address,MEDIUM,HIGH,OPEN,2026-09-28 06:41:04,
2064,6846,missing_address,MEDIUM,HIGH,OPEN,2026-09-28 06:41:04,
2065,6847,missing_address,MEDIUM,HIGH,OPEN,2026-09-28 06:41:04,
2066,6848,missing_address,MEDIUM,HIGH,OPEN,2026-09-28 06:41:04,
2067,6849,missing_address,MEDIUM,HIGH,OPEN,2026-09-28 06:41:04,
2068,6850,missing_address,MEDIUM,HIGH,OPEN,2026-09-28 06:41:04,
2069,6851,missing_address,MEDIUM,HIGH,OPEN,2026-09-28 06:41:04,
2070,6852,missing_address,MEDIUM,HIGH,OPEN,2026-09-28 06:41:04,
2071,6853,missing_address,MEDIUM,HIGH,OPEN,2026-09-28 06:41:04,
2072,6854,missing_address,MEDIUM,HIGH,OPEN,2026-09-28 06:41:04,
2073,6855,missing_address,MEDIUM,HIGH,OPEN,2026-09-28 06:41:04,
2074,6856,missing_address,MEDIUM,HIGH,OPEN,2026-09-28 06:41:04,
2075,6857,missing_address,MEDIUM,HIGH,OPEN,2026-09-28 06:41:04,
2076,6858,missing_address,MEDIUM,HIGH,OPEN,2026-09-28 06:41:04,
2077,6859,missing_address,MEDIUM,HIGH,OPEN,2026-09-28 06:41:04,
2078,6860,missing_address,MEDIUM,HIGH,OPEN,2026-09-28 06:41:04,
2079,6861,missing_address,MEDIUM,HIGH,OPEN,2026-09-28 06:41:04,
2080,6862,missing_address,MEDIUM,HIGH,OPEN,2026-09-28 06:41:04,
2081,6863,missing_address,MEDIUM,HIGH,OPEN,2026-09-28 06:41:04,
2082,6864,missing_address,MEDIUM,HIGH,OPEN,2026-09-28 06:41:04,
2083,6865,missing_address,MEDIUM,HIGH,OPEN,2026-09-28 06:41:04,
2084,6866,missing_address,MEDIUM,HIGH,OPEN,2026-09-28 06:41:04,
2085,6867,missing_address,MEDIUM,HIGH,OPEN,2026-09-28 06:41:04,
2086,6868,missing_address,MEDIUM,HIGH,OPEN,2026-09-28 06:41:04,
2087,6869,missing_address,MEDIUM,HIGH,OPEN,2026-09-28 06:41:04,
2088,6870,missing_address,MEDIUM,HIGH,OPEN,2026-09-28 06:41:04,
2089,6871,missing_address,MEDIUM,HIGH,OPEN,2026-09-28 06:41:04,
2090,6872,missing_address,MEDIUM,HIGH,OPEN,2026-09-28 06:41:04,
2091,6873,missing_address,MEDIUM,HIGH,OPEN,2026-09-28 06:41:04,
2092,6874,missing_address,MEDIUM,HIGH,OPEN,2026-09-28 06:41:04,
2093,6875,missing_address,MEDIUM,HIGH,OPEN,2026-09-28 06:41:04,
2094,6876,missing_address,MEDIUM,HIGH,OPEN,2026-09-28 06:41:04,
2095,6877,missing_address,MEDIUM,HIGH,OPEN,2026-09-28 06:41:04,
2096,6878,missing_address,MEDIUM,HIGH,OPEN,2026-09-28 06:41:04,
2097,6879,missing_address,MEDIUM,HIGH,OPEN,2026-09-28 06:41:04,
2098,6880,missing_address,MEDIUM,HIGH,OPEN,2026-09-28 06:41:04,
2099,6881,missing_address,MEDIUM,HIGH,OPEN,2026-09-28 06:41:04,
2100,6882,missing_address,MEDIUM,HIGH,OPEN,2026-09-28 06:41:04,
2101,6883,missing_address,MEDIUM,HIGH,OPEN,2026-09-28 06:41:04,
2102,6884,missing_address,MEDIUM,HIGH,OPEN,2026-09-28 06:41:04,
2103,6885,missing_address,MEDIUM,HIGH,OPEN,2026-09-28 06:41:04,
2104,6886,missing_address,MEDIUM,HIGH,OPEN,2026-09-28 06:41:04,
2105,6887,missing_address,MEDIUM,HIGH,OPEN,2026-09-28 06:41:04,
2106,6888,missing_address,MEDIUM,HIGH,OPEN,2026-09-28 06:41:04,
2107,6889,missing_address,MEDIUM,HIGH,OPEN,2026-09-28 06:41:04,
2108,6890,missing_address,MEDIUM,HIGH,OPEN,2026-09-28 06:41:04,
2109,6891,missing_address,MEDIUM,HIGH,OPEN,2026-09-28 06:41:04,
2110,6892,missing_address,MEDIUM,HIGH,OPEN,2026-09-28 06:41:04,
2111,6893,missing_address,MEDIUM,HIGH,OPEN,2026-09-28 06:41:04,
2112,6894,missing_address,MEDIUM,HIGH,OPEN,2026-09-28 06:41:04,
2113,6895,missing_address,MEDIUM,HIGH,OPEN,2026-09-28 06:41:04,
2114,6896,missing_address,MEDIUM,HIGH,OPEN,2026-09-28 06:41:04,
2115,6897,missing_address,MEDIUM,HIGH,OPEN,2026-09-28 06:41:04,
2116,6898,missing_address,MEDIUM,HIGH,OPEN,2026-09-28 06:41:04,
2117,6899,missing_address,MEDIUM,HIGH,OPEN,2026-09-28 06:41:04,
2118,6900,missing_address,MEDIUM,HIGH,OPEN,2026-09-28 06:41:04,
2119,6901,missing_address,MEDIUM,HIGH,OPEN,2026-09-28 06:41:04,
2120,6902,missing_address,MEDIUM,HIGH,OPEN,2026-09-28 06:41:04,
2121,6903,missing_address,MEDIUM,HIGH,OPEN,2026-09-28 06:41:04,
2122,6904,missing_address,MEDIUM,HIGH,OPEN,2026-09-28 06:41:04,
2123,6905,missing_address,MEDIUM,HIGH,OPEN,2026-09-28 06:41:04,
2124,6906,missing_address,MEDIUM,HIGH,OPEN,2026-09-28 06:41:04,
2125,6907,missing_address,MEDIUM,HIGH,OPEN,2026-09-28 06:41:04,
2126,6908,missing_address,MEDIUM,HIGH,OPEN,2026-09-28 06:41:04,
2127,6909,missing_address,MEDIUM,HIGH,OPEN,2026-09-28 06:41:04,
2128,6910,missing_address,MEDIUM,HIGH,OPEN,2026-09-28 06:41:04,
2129,6911,missing_address,MEDIUM,HIGH,OPEN,2026-09-28 06:41:04,
2130,6912,missing_address,MEDIUM,HIGH,OPEN,2026-09-28 06:41:04,
2131,6913,missing_address,MEDIUM,HIGH,OPEN,2026-09-28 06:41:04,
2132,6914,missing_address,MEDIUM,HIGH,OPEN,2026-09-28 06:41:04,
2133,6915,missing_address,MEDIUM,HIGH,OPEN,2026-09-28 06:41:04,
2134,6916,missing_address,MEDIUM,HIGH,OPEN,2026-09-28 06:41:04,
2135,6917,missing_address,MEDIUM,HIGH,OPEN,2026-09-28 06:41:04,
2136,6918,missing_address,MEDIUM,HIGH,OPEN,2026-09-28 06:41:04,
2137,6919,missing_address,MEDIUM,HIGH,OPEN,2026-09-28 06:41:04,
2138,6920,missing_address,MEDIUM,HIGH,OPEN,2026-09-28 06:41:04,
2139,6921,missing_address,MEDIUM,HIGH,OPEN,2026-09-28 06:41:04,
2140,6922,missing_address,MEDIUM,HIGH,OPEN,2026-09-28 06:41:04,
2141,6923,missing_address,MEDIUM,HIGH,OPEN,2026-09-28 06:41:04,
2142,6924,missing_address,MEDIUM,HIGH,OPEN,2026-09-28 06:41:04,
2143,6925,missing_address,MEDIUM,HIGH,OPEN,2026-09-28 06:41:04,
2144,6926,missing_address,MEDIUM,HIGH,OPEN,2026-09-28 06:41:04,
2145,6927,missing_address,MEDIUM,HIGH,OPEN,2026-09-28 06:41:04,
2146,6928,missing_address,MEDIUM,HIGH,OPEN,2026-09-28 06:41:04,
2147,6929,missing_address,MEDIUM,HIGH,OPEN,2026-09-28 06:41:04,
2148,6930,missing_address,MEDIUM,HIGH,OPEN,2026-09-28 06:41:04,
2149,6931,missing_address,MEDIUM,HIGH,OPEN,2026-09-28 06:41:04,
2150,6932,missing_address,MEDIUM,HIGH,OPEN,2026-09-28 06:41:04,
2151,6933,missing_address,MEDIUM,HIGH,OPEN,2026-09-28 06:41:04,
2152,6934,missing_address,MEDIUM,HIGH,OPEN,2026-09-28 06:41:04,
2153,6935,missing_address,MEDIUM,HIGH,OPEN,2026-09-28 06:41:04,
2154,6936,missing_address,MEDIUM,HIGH,OPEN,2026-09-28 06:41:04,
2155,6937,missing_address,MEDIUM,HIGH,OPEN,2026-09-28 06:41:04,
2156,6938,missing_address,MEDIUM,HIGH,OPEN,2026-09-28 06:41:04,
2157,6939,missing_address,MEDIUM,HIGH,OPEN,2026-09-28 06:41:04,
2158,6940,missing_address,MEDIUM,HIGH,OPEN,2026-09-28 06:41:04,
2159,6941,missing_address,MEDIUM,HIGH,OPEN,2026-09-28 06:41:04,
2160,6942,missing_address,MEDIUM,HIGH,OPEN,2026-09-28 06:41:04,
2161,6943,missing_address,MEDIUM,HIGH,OPEN,2026-09-28 06:41:04,
2162,6944,missing_address,MEDIUM,HIGH,OPEN,2026-09-28 06:41:04,
2163,6945,missing_address,MEDIUM,HIGH,OPEN,2026-09-28 06:41:04,
2164,6946,missing_address,MEDIUM,HIGH,OPEN,2026-09-28 06:41:04,
2165,6947,missing_address,MEDIUM,HIGH,OPEN,2026-09-28 06:41:04,
2166,6948,missing_address,MEDIUM,HIGH,OPEN,2026-09-28 06:41:04,
2167,6949,missing_address,MEDIUM,HIGH,OPEN,2026-09-28 06:41:04,
2168,6950,missing_address,MEDIUM,HIGH,OPEN,2026-09-28 06:41:04,
2169,6951,missing_address,MEDIUM,HIGH,OPEN,2026-09-28 06:41:04,
2170,6952,missing_address,MEDIUM,HIGH,OPEN,2026-09-28 06:41:04,
2171,6953,missing_address,MEDIUM,HIGH,OPEN,2026-09-28 06:41:04,
2172,6954,missing_address,MEDIUM,HIGH,OPEN,2026-09-28 06:41:04,
2173,6955,missing_address,MEDIUM,HIGH,OPEN,2026-09-28 06:41:04,
2174,6956,missing_address,MEDIUM,HIGH,OPEN,2026-09-28 06:41:04,
2175,6957,missing_address,MEDIUM,HIGH,OPEN,2026-09-28 06:41:04,
2176,6958,missing_address,MEDIUM,HIGH,OPEN,2026-09-28 06:41:04,
2177,6959,missing_address,MEDIUM,HIGH,OPEN,2026-09-28 06:41:04,
2178,6960,missing_address,MEDIUM,HIGH,OPEN,2026-09-28 06:41:04,
2179,6961,missing_address,MEDIUM,HIGH,OPEN,2026-09-28 06:41:04,
2180,6962,missing_address,MEDIUM,HIGH,OPEN,2026-09-28 06:41:04,
2181,6963,missing_address,MEDIUM,HIGH,OPEN,2026-09-28 06:41:04,
2182,6964,missing_address,MEDIUM,HIGH,OPEN,2026-09-28 06:41:04,
2183,6965,missing_address,MEDIUM,HIGH,OPEN,2026-09-28 06:41:04,
2184,6966,missing_address,MEDIUM,HIGH,OPEN,2026-09-28 06:41:04,
2185,6967,missing_address,MEDIUM,HIGH,OPEN,2026-09-28 06:41:04,
2186,6968,missing_address,MEDIUM,HIGH,OPEN,2026-09-28 06:41:04,
2187,6969,missing_address,MEDIUM,HIGH,OPEN,2026-09-28 06:41:04,
2188,6970,missing_address,MEDIUM,HIGH,OPEN,2026-09-28 06:41:04,
2189,6971,missing_address,MEDIUM,HIGH,OPEN,2026-09-28 06:41:04,
2190,6972,missing_address,MEDIUM,HIGH,OPEN,2026-09-28 06:41:04,
2191,6973,missing_address,MEDIUM,HIGH,OPEN,2026-09-28 06:41:04,
2192,6974,missing_address,MEDIUM,HIGH,OPEN,2026-09-28 06:41:04,
2193,6975,missing_address,MEDIUM,HIGH,OPEN,2026-09-28 06:41:04,
2194,6976,missing_address,MEDIUM,HIGH,OPEN,2026-09-28 06:41:04,
2195,6977,missing_address,MEDIUM,HIGH,OPEN,2026-09-28 06:41:04,
2196,6978,missing_address,MEDIUM,HIGH,OPEN,2026-09-28 06:41:04,
2197,6979,missing_address,MEDIUM,HIGH,OPEN,2026-09-28 06:41:04,
2198,6980,missing_address,MEDIUM,HIGH,OPEN,2026-09-28 06:41:04,
2199,6981,missing_address,MEDIUM,HIGH,OPEN,2026-09-28 06:41:04,
2200,6982,missing_address,MEDIUM,HIGH,OPEN,2026-09-28 06:41:04,
2201,6983,missing_address,MEDIUM,HIGH,OPEN,2026-09-28 06:41:04,
2202,6984,missing_address,MEDIUM,HIGH,OPEN,2026-09-28 06:41:04,
2203,6985,missing_address,MEDIUM,HIGH,OPEN,2026-09-28 06:41:04,
2204,6986,missing_address,MEDIUM,HIGH,OPEN,2026-09-28 06:41:04,
2205,6987,missing_address,MEDIUM,HIGH,OPEN,2026-09-28 06:41:04,
2206,6988,missing_address,MEDIUM,HIGH,OPEN,2026-09-28 06:41:04,
2207,6989,missing_address,MEDIUM,HIGH,OPEN,2026-09-28 06:41:04,
2208,6990,missing_address,MEDIUM,HIGH,OPEN,2026-09-28 06:41:04,
2209,6991,missing_address,MEDIUM,HIGH,OPEN,2026-09-28 06:41:04,
2210,6992,missing_address,MEDIUM,HIGH,OPEN,2026-09-28 06:41:04,
2211,6993,missing_address,MEDIUM,HIGH,OPEN,2026-09-28 06:41:04,
2212,6994,missing_address,MEDIUM,HIGH,OPEN,2026-09-28 06:41:04,
2213,6995,missing_address,MEDIUM,HIGH,OPEN,2026-09-28 06:41:04,
2214,6996,missing_address,MEDIUM,HIGH,OPEN,2026-09-28 06:41:04,
2215,6997,missing_address,MEDIUM,HIGH,OPEN,2026-09-28 06:41:04,
2216,6998,missing_address,MEDIUM,HIGH,OPEN,2026-09-28 06:41:04,
2217,6999,missing_address,MEDIUM,HIGH,OPEN,2026-09-28 06:41:04,
2218,7000,missing_address,MEDIUM,HIGH,OPEN,2026-09-28 06:41:04,
2219,7001,missing_address,MEDIUM,HIGH,OPEN,2026-09-28 06:41:04,
2220,7002,missing_address,MEDIUM,HIGH,OPEN,2026-09-28 06:41:04,
2221,7003,missing_address,MEDIUM,HIGH,OPEN,2026-09-28 06:41:04,
2222,7004,missing_address,MEDIUM,HIGH,OPEN,2026-09-28 06:41:04,
2223,7005,missing_address,MEDIUM,HIGH,OPEN,2026-09-28 06:41:04,
2224,7006,missing_address,MEDIUM,HIGH,OPEN,2026-09-28 06:41:04,
2225,7007,missing_address,MEDIUM,HIGH,OPEN,2026-09-28 06:41:04,
2226,7008,missing_address,MEDIUM,HIGH,OPEN,2026-09-28 06:41:04,
2227,7009,missing_address,MEDIUM,HIGH,OPEN,2026-09-28 06:41:04,
2228,7010,missing_address,MEDIUM,HIGH,OPEN,2026-09-28 06:41:04,
2229,7011,missing_address,MEDIUM,HIGH,OPEN,2026-09-28 06:41:04,
2230,7012,missing_address,MEDIUM,HIGH,OPEN,2026-09-28 06:41:04,
2231,7013,missing_address,MEDIUM,HIGH,OPEN,2026-09-28 06:41:04,
2232,7014,missing_address,MEDIUM,HIGH,OPEN,2026-09-28 06:41:04,
2233,7015,missing_address,MEDIUM,HIGH,OPEN,2026-09-28 06:41:04,
2234,7016,missing_address,MEDIUM,HIGH,OPEN,2026-09-28 06:41:04,
2235,7017,missing_address,MEDIUM,HIGH,OPEN,2026-09-28 06:41:04,
2236,7018,missing_address,MEDIUM,HIGH,OPEN,2026-09-28 06:41:04,
2237,7019,missing_address,MEDIUM,HIGH,OPEN,2026-09-28 06:41:04,
2238,7020,missing_address,MEDIUM,HIGH,OPEN,2026-09-28 06:41:04,
2239,7021,missing_address,MEDIUM,HIGH,OPEN,2026-09-28 06:41:04,
2240,7022,missing_address,MEDIUM,HIGH,OPEN,2026-09-28 06:41:04,
2241,7023,missing_address,MEDIUM,HIGH,OPEN,2026-09-28 06:41:04,
2242,7024,missing_address,MEDIUM,HIGH,OPEN,2026-09-28 06:41:04,
2243,7025,missing_address,MEDIUM,HIGH,OPEN,2026-09-28 06:41:04,
2244,7026,missing_address,MEDIUM,HIGH,OPEN,2026-09-28 06:41:04,
2245,7027,missing_address,MEDIUM,HIGH,OPEN,2026-09-28 06:41:04,
2246,7028,missing_address,MEDIUM,HIGH,OPEN,2026-09-28 06:41:04,
2247,7029,missing_address,MEDIUM,HIGH,OPEN,2026-09-28 06:41:04,
2248,7030,missing_address,MEDIUM,HIGH,OPEN,2026-09-28 06:41:04,
2249,7031,missing_address,MEDIUM,HIGH,OPEN,2026-09-28 06:41:04,
2250,7032,missing_address,MEDIUM,HIGH,OPEN,2026-09-28 06:41:04,
2251,7033,missing_address,MEDIUM,HIGH,OPEN,2026-09-28 06:41:04,
2252,7034,missing_address,MEDIUM,HIGH,OPEN,2026-09-28 06:41:04,
2253,7035,missing_address,MEDIUM,HIGH,OPEN,2026-09-28 06:41:04,
2254,7036,missing_address,MEDIUM,HIGH,OPEN,2026-09-28 06:41:04,
2255,7037,missing_address,MEDIUM,HIGH,OPEN,2026-09-28 06:41:04,
2256,7038,missing_address,MEDIUM,HIGH,OPEN,2026-09-28 06:41:04,
2257,7039,missing_address,MEDIUM,HIGH,OPEN,2026-09-28 06:41:04,
2258,7040,missing_address,MEDIUM,HIGH,OPEN,2026-09-28 06:41:04,
2259,7041,missing_address,MEDIUM,HIGH,OPEN,2026-09-28 06:41:04,
2260,7042,missing_address,MEDIUM,HIGH,OPEN,2026-09-28 06:41:04,
2261,7043,missing_address,MEDIUM,HIGH,OPEN,2026-09-28 06:41:04,
2262,7044,missing_address,MEDIUM,HIGH,OPEN,2026-09-28 06:41:04,
2263,7045,missing_address,MEDIUM,HIGH,OPEN,2026-09-28 06:41:04,
2264,7046,missing_address,MEDIUM,HIGH,OPEN,2026-09-28 06:41:04,
2265,7047,missing_address,MEDIUM,HIGH,OPEN,2026-09-28 06:41:04,
2266,7048,missing_address,MEDIUM,HIGH,OPEN,2026-09-28 06:41:04,
2267,7049,missing_address,MEDIUM,HIGH,OPEN,2026-09-28 06:41:04,
2268,7050,missing_address,MEDIUM,HIGH,OPEN,2026-09-28 06:41:04,
2269,7051,missing_address,MEDIUM,HIGH,OPEN,2026-09-28 06:41:04,
2270,7052,missing_address,MEDIUM,HIGH,OPEN,2026-09-28 06:41:04,
2271,7053,missing_address,MEDIUM,HIGH,OPEN,2026-09-28 06:41:04,
2272,7054,missing_address,MEDIUM,HIGH,OPEN,2026-09-28 06:41:04,
2273,7055,missing_address,MEDIUM,HIGH,OPEN,2026-09-28 06:41:04,
2274,7056,missing_address,MEDIUM,HIGH,OPEN,2026-09-28 06:41:04,
2275,7057,missing_address,MEDIUM,HIGH,OPEN,2026-09-28 06:41:04,
2276,7058,missing_address,MEDIUM,HIGH,OPEN,2026-09-28 06:41:04,
2277,7059,missing_address,MEDIUM,HIGH,OPEN,2026-09-28 06:41:04,
2278,7060,missing_address,MEDIUM,HIGH,OPEN,2026-09-28 06:41:04,
2279,7061,missing_address,MEDIUM,HIGH,OPEN,2026-09-28 06:41:04,
2280,7062,missing_address,MEDIUM,HIGH,OPEN,2026-09-28 06:41:04,
2281,7063,missing_address,MEDIUM,HIGH,OPEN,2026-09-28 06:41:04,
2282,7064,missing_address,MEDIUM,HIGH,OPEN,2026-09-28 06:41:04,
2283,7065,missing_address,MEDIUM,HIGH,OPEN,2026-09-28 06:41:04,
2284,7066,missing_address,MEDIUM,HIGH,OPEN,2026-09-28 06:41:04,
2285,7067,missing_address,MEDIUM,HIGH,OPEN,2026-09-28 06:41:04,
2286,7068,missing_address,MEDIUM,HIGH,OPEN,2026-09-28 06:41:04,
2287,7069,missing_address,MEDIUM,HIGH,OPEN,2026-09-28 06:41:04,
2288,7070,missing_address,MEDIUM,HIGH,OPEN,2026-09-28 06:41:04,
2289,7071,missing_address,MEDIUM,HIGH,OPEN,2026-09-28 06:41:04,
2290,7072,missing_address,MEDIUM,HIGH,OPEN,2026-09-28 06:41:04,
2291,7073,missing_address,MEDIUM,HIGH,OPEN,2026-09-28 06:41:04,
2292,7074,missing_name,MEDIUM,MEDIUM,OPEN,2026-09-28 06:41:04,
2293,7074,missing_address,MEDIUM,HIGH,OPEN,2026-09-28 06:41:04,
2294,7075,missing_address,MEDIUM,HIGH,OPEN,2026-09-28 06:41:04,
2295,7076,missing_name,MEDIUM,MEDIUM,OPEN,2026-09-28 06:41:04,
2296,7076,missing_address,MEDIUM,HIGH,OPEN,2026-09-28 06:41:04,
2297,7077,missing_name,MEDIUM,MEDIUM,OPEN,2026-09-28 06:41:04,
2298,7077,missing_address,MEDIUM,HIGH,OPEN,2026-09-28 06:41:04,
2299,7078,missing_address,MEDIUM,HIGH,OPEN,2026-09-28 06:41:04,
2300,7079,missing_address,MEDIUM,HIGH,OPEN,2026-09-28 06:41:04,
2301,7080,missing_address,MEDIUM,HIGH,OPEN,2026-09-28 06:41:04,
2302,7081,missing_address,MEDIUM,HIGH,OPEN,2026-09-28 06:41:04,
2303,7082,missing_address,MEDIUM,HIGH,OPEN,2026-09-28 06:41:04,
2304,7083,missing_address,MEDIUM,HIGH,OPEN,2026-09-28 06:41:04,
2305,7084,missing_address,MEDIUM,HIGH,OPEN,2026-09-28 06:41:04,
2306,7085,missing_address,MEDIUM,HIGH,OPEN,2026-09-28 06:41:04,
2307,7086,missing_address,MEDIUM,HIGH,OPEN,2026-09-28 06:41:04,
2308,7087,missing_address,MEDIUM,HIGH,OPEN,2026-09-28 06:41:04,
2309,7088,missing_address,MEDIUM,HIGH,OPEN,2026-09-28 06:41:04,
2310,7089,missing_address,MEDIUM,HIGH,OPEN,2026-09-28 06:41:04,
2311,7090,missing_address,MEDIUM,HIGH,OPEN,2026-09-28 06:41:04,
2312,7091,missing_address,MEDIUM,HIGH,OPEN,2026-09-28 06:41:04,
2313,7092,missing_address,MEDIUM,HIGH,OPEN,2026-09-28 06:41:04,
2314,7093,missing_address,MEDIUM,HIGH,OPEN,2026-09-28 06:41:04,
2315,7094,missing_address,MEDIUM,HIGH,OPEN,2026-09-28 06:41:04,
2316,7095,missing_address,MEDIUM,HIGH,OPEN,2026-09-28 06:41:04,
2317,7096,missing_address,MEDIUM,HIGH,OPEN,2026-09-28 06:41:04,
2318,7097,missing_address,MEDIUM,HIGH,OPEN,2026-09-28 06:41:04,
2319,7098,missing_address,MEDIUM,HIGH,OPEN,2026-09-28 06:41:04,
2320,7099,missing_address,MEDIUM,HIGH,OPEN,2026-09-28 06:41:04,
2321,7100,missing_address,MEDIUM,HIGH,OPEN,2026-09-28 06:41:04,
2322,7101,missing_address,MEDIUM,HIGH,OPEN,2026-09-28 06:41:04,
2323,7102,missing_address,MEDIUM,HIGH,OPEN,2026-09-28 06:41:04,
2324,7103,missing_address,MEDIUM,HIGH,OPEN,2026-09-28 06:41:04,
2325,7104,missing_address,MEDIUM,HIGH,OPEN,2026-09-28 06:41:04,
2326,7105,missing_address,MEDIUM,HIGH,OPEN,2026-09-28 06:41:04,
2327,7106,missing_address,MEDIUM,HIGH,OPEN,2026-09-28 06:41:04,
2328,7107,missing_address,MEDIUM,HIGH,OPEN,2026-09-28 06:41:04,
2329,7108,missing_address,MEDIUM,HIGH,OPEN,2026-09-28 06:41:04,
2330,7109,missing_address,MEDIUM,HIGH,OPEN,2026-09-28 06:41:04,
2331,7110,missing_address,MEDIUM,HIGH,OPEN,2026-09-28 06:41:04,
2332,7111,missing_address,MEDIUM,HIGH,OPEN,2026-09-28 06:41:04,
2333,7112,missing_address,MEDIUM,HIGH,OPEN,2026-09-28 06:41:04,
2334,7113,missing_address,MEDIUM,HIGH,OPEN,2026-09-28 06:41:04,
2335,7114,missing_address,MEDIUM,HIGH,OPEN,2026-09-28 06:41:04,
2336,7115,missing_address,MEDIUM,HIGH,OPEN,2026-09-28 06:41:04,
2337,7116,missing_address,MEDIUM,HIGH,OPEN,2026-09-28 06:41:04,
2338,7117,missing_address,MEDIUM,HIGH,OPEN,2026-09-28 06:41:04,
2339,7118,missing_address,MEDIUM,HIGH,OPEN,2026-09-28 06:41:04,
2340,7119,missing_address,MEDIUM,HIGH,OPEN,2026-09-28 06:41:04,
2341,7120,missing_address,MEDIUM,HIGH,OPEN,2026-09-28 06:41:04,
2342,7121,missing_address,MEDIUM,HIGH,OPEN,2026-09-28 06:41:04,
2343,7122,missing_address,MEDIUM,HIGH,OPEN,2026-09-28 06:41:04,
2344,7123,missing_address,MEDIUM,HIGH,OPEN,2026-09-28 06:41:04,
2345,7124,missing_address,MEDIUM,HIGH,OPEN,2026-09-28 06:41:04,
2346,7125,missing_address,MEDIUM,HIGH,OPEN,2026-09-28 06:41:04,
2347,7126,missing_address,MEDIUM,HIGH,OPEN,2026-09-28 06:41:04,
2348,7127,missing_address,MEDIUM,HIGH,OPEN,2026-09-28 06:41:04,
2349,7128,missing_address,MEDIUM,HIGH,OPEN,2026-09-28 06:41:04,
2350,7129,missing_address,MEDIUM,HIGH,OPEN,2026-09-28 06:41:04,
2351,7130,missing_address,MEDIUM,HIGH,OPEN,2026-09-28 06:41:04,
2352,7131,missing_address,MEDIUM,HIGH,OPEN,2026-09-28 06:41:04,
2353,7132,missing_address,MEDIUM,HIGH,OPEN,2026-09-28 06:41:04,
2354,7133,missing_address,MEDIUM,HIGH,OPEN,2026-09-28 06:41:04,
2355,7134,missing_address,MEDIUM,HIGH,OPEN,2026-09-28 06:41:04,
2356,7135,missing_address,MEDIUM,HIGH,OPEN,2026-09-28 06:41:04,
2357,7136,missing_address,MEDIUM,HIGH,OPEN,2026-09-28 06:41:04,
2358,7137,missing_address,MEDIUM,HIGH,OPEN,2026-09-28 06:41:04,
2359,7138,missing_address,MEDIUM,HIGH,OPEN,2026-09-28 06:41:04,
2360,7139,missing_address,MEDIUM,HIGH,OPEN,2026-09-28 06:41:04,
2361,7140,missing_address,MEDIUM,HIGH,OPEN,2026-09-28 06:41:04,
2362,7141,missing_address,MEDIUM,HIGH,OPEN,2026-09-28 06:41:04,
2363,7142,missing_address,MEDIUM,HIGH,OPEN,2026-09-28 06:41:04,
2364,7143,missing_address,MEDIUM,HIGH,OPEN,2026-09-28 06:41:04,
2365,7144,missing_address,MEDIUM,HIGH,OPEN,2026-09-28 06:41:04,
2366,7145,missing_address,MEDIUM,HIGH,OPEN,2026-09-28 06:41:04,
2367,7146,missing_address,MEDIUM,HIGH,OPEN,2026-09-28 06:41:04,
2368,7147,missing_address,MEDIUM,HIGH,OPEN,2026-09-28 06:41:04,
2369,7148,missing_address,MEDIUM,HIGH,OPEN,2026-09-28 06:41:04,
2370,7149,missing_address,MEDIUM,HIGH,OPEN,2026-09-28 06:41:04,
2371,7150,missing_address,MEDIUM,HIGH,OPEN,2026-09-28 06:41:04,
2372,7151,missing_address,MEDIUM,HIGH,OPEN,2026-09-28 06:41:04,
2373,7152,missing_address,MEDIUM,HIGH,OPEN,2026-09-28 06:41:04,
2374,7153,missing_address,MEDIUM,HIGH,OPEN,2026-09-28 06:41:04,
2375,7154,missing_address,MEDIUM,HIGH,OPEN,2026-09-28 06:41:04,
2376,7155,missing_address,MEDIUM,HIGH,OPEN,2026-09-28 06:41:04,
2377,7156,missing_address,MEDIUM,HIGH,OPEN,2026-09-28 06:41:04,
2378,7157,missing_address,MEDIUM,HIGH,OPEN,2026-09-28 06:41:04,
2379,7158,missing_address,MEDIUM,HIGH,OPEN,2026-09-28 06:41:04,
2380,7159,missing_address,MEDIUM,HIGH,OPEN,2026-09-28 06:41:04,
2381,7160,missing_address,MEDIUM,HIGH,OPEN,2026-09-28 06:41:04,
2382,7161,missing_address,MEDIUM,HIGH,OPEN,2026-09-28 06:41:04,
2383,7162,missing_address,MEDIUM,HIGH,OPEN,2026-09-28 06:41:04,
2384,7163,missing_address,MEDIUM,HIGH,OPEN,2026-09-28 06:41:04,
2385,7164,missing_address,MEDIUM,HIGH,OPEN,2026-09-28 06:41:04,
2386,7165,missing_address,MEDIUM,HIGH,OPEN,2026-09-28 06:41:04,
2387,7166,missing_address,MEDIUM,HIGH,OPEN,2026-09-28 06:41:04,
2388,7167,missing_address,MEDIUM,HIGH,OPEN,2026-09-28 06:41:04,
2389,7168,missing_address,MEDIUM,HIGH,OPEN,2026-09-28 06:41:04,
2390,7169,missing_address,MEDIUM,HIGH,OPEN,2026-09-28 06:41:04,
2391,7170,missing_address,MEDIUM,HIGH,OPEN,2026-09-28 06:41:04,
2392,7171,missing_address,MEDIUM,HIGH,OPEN,2026-09-28 06:41:04,
2393,7172,missing_address,MEDIUM,HIGH,OPEN,2026-09-28 06:41:04,
2394,7173,missing_address,MEDIUM,HIGH,OPEN,2026-09-28 06:41:04,
2395,7174,missing_address,MEDIUM,HIGH,OPEN,2026-09-28 06:41:04,
2396,7175,missing_address,MEDIUM,HIGH,OPEN,2026-09-28 06:41:04,
2397,7176,missing_address,MEDIUM,HIGH,OPEN,2026-09-28 06:41:04,
2398,7177,missing_address,MEDIUM,HIGH,OPEN,2026-09-28 06:41:04,
2399,7178,missing_address,MEDIUM,HIGH,OPEN,2026-09-28 06:41:04,
2400,7179,missing_address,MEDIUM,HIGH,OPEN,2026-09-28 06:41:04,
2401,7180,missing_address,MEDIUM,HIGH,OPEN,2026-09-28 06:41:04,
2402,7181,missing_address,MEDIUM,HIGH,OPEN,2026-09-28 06:41:04,
2403,7182,missing_address,MEDIUM,HIGH,OPEN,2026-09-28 06:41:04,
2404,7183,missing_address,MEDIUM,HIGH,OPEN,2026-09-28 06:41:04,
2405,7184,missing_address,MEDIUM,HIGH,OPEN,2026-09-28 06:41:04,
2406,7185,missing_address,MEDIUM,HIGH,OPEN,2026-09-28 06:41:04,
2407,7186,missing_address,MEDIUM,HIGH,OPEN,2026-09-28 06:41:04,
2408,7187,missing_address,MEDIUM,HIGH,OPEN,2026-09-28 06:41:04,
2409,7188,missing_address,MEDIUM,HIGH,OPEN,2026-09-28 06:41:04,
2410,7189,missing_address,MEDIUM,HIGH,OPEN,2026-09-28 06:41:04,
2411,7190,missing_address,MEDIUM,HIGH,OPEN,2026-09-28 06:41:04,
2412,7191,missing_address,MEDIUM,HIGH,OPEN,2026-09-28 06:41:04,
2413,7192,missing_address,MEDIUM,HIGH,OPEN,2026-09-28 06:41:04,
2414,7193,missing_address,MEDIUM,HIGH,OPEN,2026-09-28 06:41:04,
2415,7194,missing_address,MEDIUM,HIGH,OPEN,2026-09-28 06:41:04,
2416,7195,missing_address,MEDIUM,HIGH,OPEN,2026-09-28 06:41:04,
2417,7196,missing_address,MEDIUM,HIGH,OPEN,2026-09-28 06:41:04,
2418,7197,missing_address,MEDIUM,HIGH,OPEN,2026-09-28 06:41:04,
2419,7198,missing_address,MEDIUM,HIGH,OPEN,2026-09-28 06:41:04,
2420,7199,missing_address,MEDIUM,HIGH,OPEN,2026-09-28 06:41:04,
2421,7200,missing_address,MEDIUM,HIGH,OPEN,2026-09-28 06:41:04,
2422,7201,missing_address,MEDIUM,HIGH,OPEN,2026-09-28 06:41:04,
2423,7202,missing_address,MEDIUM,HIGH,OPEN,2026-09-28 06:41:04,
2424,7203,missing_address,MEDIUM,HIGH,OPEN,2026-09-28 06:41:04,
2425,7204,missing_address,MEDIUM,HIGH,OPEN,2026-09-28 06:41:04,
2426,7205,missing_address,MEDIUM,HIGH,OPEN,2026-09-28 06:41:04,
2427,7206,missing_address,MEDIUM,HIGH,OPEN,2026-09-28 06:41:04,
2428,7207,missing_address,MEDIUM,HIGH,OPEN,2026-09-28 06:41:04,
2429,7208,missing_address,MEDIUM,HIGH,OPEN,2026-09-28 06:41:04,
2430,7209,missing_address,MEDIUM,HIGH,OPEN,2026-09-28 06:41:04,
2431,7210,missing_address,MEDIUM,HIGH,OPEN,2026-09-28 06:41:04,
2432,7211,missing_address,MEDIUM,HIGH,OPEN,2026-09-28 06:41:04,
2433,7212,missing_address,MEDIUM,HIGH,OPEN,2026-09-28 06:41:04,
2434,7213,missing_address,MEDIUM,HIGH,OPEN,2026-09-28 06:41:04,
2435,7214,missing_address,MEDIUM,HIGH,OPEN,2026-09-28 06:41:04,
2436,7215,missing_address,MEDIUM,HIGH,OPEN,2026-09-28 06:41:04,
2437,7216,missing_address,MEDIUM,HIGH,OPEN,2026-09-28 06:41:04,
2438,7217,missing_address,MEDIUM,HIGH,OPEN,2026-09-28 06:41:04,
2439,7218,missing_address,MEDIUM,HIGH,OPEN,2026-09-28 06:41:04,
2440,7219,missing_address,MEDIUM,HIGH,OPEN,2026-09-28 06:41:04,
2441,7220,missing_address,MEDIUM,HIGH,OPEN,2026-09-28 06:41:04,
2442,7221,missing_address,MEDIUM,HIGH,OPEN,2026-09-28 06:41:04,
2443,7222,missing_address,MEDIUM,HIGH,OPEN,2026-09-28 06:41:04,
2444,7223,missing_address,MEDIUM,HIGH,OPEN,2026-09-28 06:41:04,
2445,7224,missing_address,MEDIUM,HIGH,OPEN,2026-09-28 06:41:04,
2446,7225,missing_address,MEDIUM,HIGH,OPEN,2026-09-28 06:41:04,
2447,7226,missing_address,MEDIUM,HIGH,OPEN,2026-09-28 06:41:04,
2448,7227,missing_address,MEDIUM,HIGH,OPEN,2026-09-28 06:41:04,
2449,7228,missing_address,MEDIUM,HIGH,OPEN,2026-09-28 06:41:04,
2450,7229,missing_address,MEDIUM,HIGH,OPEN,2026-09-28 06:41:04,
2451,7230,missing_address,MEDIUM,HIGH,OPEN,2026-09-28 06:41:04,
2452,7231,missing_address,MEDIUM,HIGH,OPEN,2026-09-28 06:41:04,
2453,7232,missing_address,MEDIUM,HIGH,OPEN,2026-09-28 06:41:04,
2454,7233,missing_address,MEDIUM,HIGH,OPEN,2026-09-28 06:41:04,
2455,7234,missing_address,MEDIUM,HIGH,OPEN,2026-09-28 06:41:04,
2456,7235,missing_address,MEDIUM,HIGH,OPEN,2026-09-28 06:41:04,
2457,7236,missing_address,MEDIUM,HIGH,OPEN,2026-09-28 06:41:04,
2458,7237,missing_address,MEDIUM,HIGH,OPEN,2026-09-28 06:41:04,
2459,7238,missing_address,MEDIUM,HIGH,OPEN,2026-09-28 06:41:04,
2460,7239,missing_address,MEDIUM,HIGH,OPEN,2026-09-28 06:41:04,
2461,7240,missing_address,MEDIUM,HIGH,OPEN,2026-09-28 06:41:04,
2462,7241,missing_address,MEDIUM,HIGH,OPEN,2026-09-28 06:41:04,
2463,7242,missing_address,MEDIUM,HIGH,OPEN,2026-09-28 06:41:04,
2464,7243,missing_address,MEDIUM,HIGH,OPEN,2026-09-28 06:41:04,
2465,7244,missing_address,MEDIUM,HIGH,OPEN,2026-09-28 06:41:04,
2466,7245,missing_address,MEDIUM,HIGH,OPEN,2026-09-28 06:41:04,
2467,7246,missing_address,MEDIUM,HIGH,OPEN,2026-09-28 06:41:04,
2468,7247,missing_address,MEDIUM,HIGH,OPEN,2026-09-28 06:41:04,
2469,7248,missing_address,MEDIUM,HIGH,OPEN,2026-09-28 06:41:04,
2470,7249,missing_address,MEDIUM,HIGH,OPEN,2026-09-28 06:41:04,
2471,7250,missing_address,MEDIUM,HIGH,OPEN,2026-09-28 06:41:04,
2472,7251,missing_address,MEDIUM,HIGH,OPEN,2026-09-28 06:41:04,
2473,7252,missing_address,MEDIUM,HIGH,OPEN,2026-09-28 06:41:04,
2474,7253,missing_address,MEDIUM,HIGH,OPEN,2026-09-28 06:41:04,
2475,7254,missing_address,MEDIUM,HIGH,OPEN,2026-09-28 06:41:04,
2476,7255,missing_address,MEDIUM,HIGH,OPEN,2026-09-28 06:41:04,
2477,7256,missing_address,MEDIUM,HIGH,OPEN,2026-09-28 06:41:04,
2478,7257,missing_address,MEDIUM,HIGH,OPEN,2026-09-28 06:41:04,
2479,7258,missing_address,MEDIUM,HIGH,OPEN,2026-09-28 06:41:04,
2480,7259,missing_address,MEDIUM,HIGH,OPEN,2026-09-28 06:41:04,
2481,7260,missing_address,MEDIUM,HIGH,OPEN,2026-09-28 06:41:04,
2482,7261,missing_address,MEDIUM,HIGH,OPEN,2026-09-28 06:41:04,
2483,7262,missing_address,MEDIUM,HIGH,OPEN,2026-09-28 06:41:04,
2484,7263,missing_address,MEDIUM,HIGH,OPEN,2026-09-28 06:41:04,
2485,7264,missing_address,MEDIUM,HIGH,OPEN,2026-09-28 06:41:04,
2486,7265,missing_address,MEDIUM,HIGH,OPEN,2026-09-28 06:41:04,
2487,7266,missing_address,MEDIUM,HIGH,OPEN,2026-09-28 06:41:04,
2488,7267,missing_address,MEDIUM,HIGH,OPEN,2026-09-28 06:41:04,
2489,7268,missing_address,MEDIUM,HIGH,OPEN,2026-09-28 06:41:04,
2490,7269,missing_address,MEDIUM,HIGH,OPEN,2026-09-28 06:41:04,
2491,7270,missing_address,MEDIUM,HIGH,OPEN,2026-09-28 06:41:04,
2492,7271,missing_address,MEDIUM,HIGH,OPEN,2026-09-28 06:41:04,
2493,7272,missing_address,MEDIUM,HIGH,OPEN,2026-09-28 06:41:04,
2494,7273,missing_address,MEDIUM,HIGH,OPEN,2026-09-28 06:41:04,
2495,7274,missing_address,MEDIUM,HIGH,OPEN,2026-09-28 06:41:04,
2496,7275,missing_address,MEDIUM,HIGH,OPEN,2026-09-28 06:41:04,
2497,7276,missing_address,MEDIUM,HIGH,OPEN,2026-09-28 06:41:04,
2498,7277,missing_address,MEDIUM,HIGH,OPEN,2026-09-28 06:41:04,
2499,7278,missing_address,MEDIUM,HIGH,OPEN,2026-09-28 06:41:04,
2500,7279,missing_address,MEDIUM,HIGH,OPEN,2026-09-28 06:41:04,
2501,7280,missing_address,MEDIUM,HIGH,OPEN,2026-09-28 06:41:04,
2502,7281,missing_address,MEDIUM,HIGH,OPEN,2026-09-28 06:41:04,
2503,7282,missing_address,MEDIUM,HIGH,OPEN,2026-09-28 06:41:04,
2504,7283,missing_address,MEDIUM,HIGH,OPEN,2026-09-28 06:41:04,
2505,7284,missing_address,MEDIUM,HIGH,OPEN,2026-09-28 06:41:04,
2506,7285,missing_address,MEDIUM,HIGH,OPEN,2026-09-28 06:41:04,
2507,7286,missing_address,MEDIUM,HIGH,OPEN,2026-09-28 06:41:04,
2508,7287,missing_address,MEDIUM,HIGH,OPEN,2026-09-28 06:41:04,
2509,7288,missing_address,MEDIUM,HIGH,OPEN,2026-09-28 06:41:04,
2510,7289,missing_address,MEDIUM,HIGH,OPEN,2026-09-28 06:41:04,
2511,7290,missing_address,MEDIUM,HIGH,OPEN,2026-09-28 06:41:04,
2512,7291,missing_address,MEDIUM,HIGH,OPEN,2026-09-28 06:41:04,
2513,7292,missing_address,MEDIUM,HIGH,OPEN,2026-09-28 06:41:04,
2514,7293,missing_address,MEDIUM,HIGH,OPEN,2026-09-28 06:41:04,
2515,7294,missing_address,MEDIUM,HIGH,OPEN,2026-09-28 06:41:04,
2516,7295,missing_address,MEDIUM,HIGH,OPEN,2026-09-28 06:41:04,
2517,7296,missing_address,MEDIUM,HIGH,OPEN,2026-09-28 06:41:04,
2518,7297,missing_address,MEDIUM,HIGH,OPEN,2026-09-28 06:41:04,
2519,7298,missing_address,MEDIUM,HIGH,OPEN,2026-09-28 06:41:04,
2520,7299,missing_address,MEDIUM,HIGH,OPEN,2026-09-28 06:41:04,
2521,7300,missing_address,MEDIUM,HIGH,OPEN,2026-09-28 06:41:04,
2522,7301,missing_address,MEDIUM,HIGH,OPEN,2026-09-28 06:41:04,
2523,7302,missing_address,MEDIUM,HIGH,OPEN,2026-09-28 06:41:04,
2524,7303,missing_address,MEDIUM,HIGH,OPEN,2026-09-28 06:41:04,
2525,7304,missing_address,MEDIUM,HIGH,OPEN,2026-09-28 06:41:04,
2526,7305,missing_address,MEDIUM,HIGH,OPEN,2026-09-28 06:41:04,
2527,7306,missing_address,MEDIUM,HIGH,OPEN,2026-09-28 06:41:04,
2528,7307,missing_address,MEDIUM,HIGH,OPEN,2026-09-28 06:41:04,
2529,7308,missing_address,MEDIUM,HIGH,OPEN,2026-09-28 06:41:04,
2530,7309,missing_address,MEDIUM,HIGH,OPEN,2026-09-28 06:41:04,
2531,7310,missing_address,MEDIUM,HIGH,OPEN,2026-09-28 06:41:04,
2532,7311,missing_address,MEDIUM,HIGH,OPEN,2026-09-28 06:41:04,
2533,7312,missing_address,MEDIUM,HIGH,OPEN,2026-09-28 06:41:04,
2534,7313,missing_address,MEDIUM,HIGH,OPEN,2026-09-28 06:41:04,
2535,7314,missing_address,MEDIUM,HIGH,OPEN,2026-09-28 06:41:04,
2536,7315,missing_address,MEDIUM,HIGH,OPEN,2026-09-28 06:41:04,
2537,7316,missing_address,MEDIUM,HIGH,OPEN,2026-09-28 06:41:04,
2538,7317,missing_address,MEDIUM,HIGH,OPEN,2026-09-28 06:41:04,
2539,7318,missing_address,MEDIUM,HIGH,OPEN,2026-09-28 06:41:04,
2540,7319,missing_address,MEDIUM,HIGH,OPEN,2026-09-28 06:41:04,
2541,7320,missing_address,MEDIUM,HIGH,OPEN,2026-09-28 06:41:04,
2542,7321,missing_address,MEDIUM,HIGH,OPEN,2026-09-28 06:41:04,
2543,7322,missing_address,MEDIUM,HIGH,OPEN,2026-09-28 06:41:04,
2544,7323,missing_address,MEDIUM,HIGH,OPEN,2026-09-28 06:41:04,
2545,7324,missing_address,MEDIUM,HIGH,OPEN,2026-09-28 06:41:04,
2546,7325,missing_address,MEDIUM,HIGH,OPEN,2026-09-28 06:41:04,
2547,7326,missing_address,MEDIUM,HIGH,OPEN,2026-09-28 06:41:04,
2548,7327,missing_address,MEDIUM,HIGH,OPEN,2026-09-28 06:41:04,
2549,7328,missing_address,MEDIUM,HIGH,OPEN,2026-09-28 06:41:04,
2550,7329,missing_address,MEDIUM,HIGH,OPEN,2026-09-28 06:41:04,
2551,7330,missing_address,MEDIUM,HIGH,OPEN,2026-09-28 06:41:04,
2552,7331,missing_address,MEDIUM,HIGH,OPEN,2026-09-28 06:41:04,
2553,7332,missing_address,MEDIUM,HIGH,OPEN,2026-09-28 06:41:04,
2554,7333,missing_address,MEDIUM,HIGH,OPEN,2026-09-28 06:41:04,
2555,7334,missing_address,MEDIUM,HIGH,OPEN,2026-09-28 06:41:04,
2556,7335,missing_address,MEDIUM,HIGH,OPEN,2026-09-28 06:41:04,
2557,7336,missing_address,MEDIUM,HIGH,OPEN,2026-09-28 06:41:04,
2558,7337,missing_address,MEDIUM,HIGH,OPEN,2026-09-28 06:41:04,
2559,7338,missing_address,MEDIUM,HIGH,OPEN,2026-09-28 06:41:04,
2560,7339,missing_address,MEDIUM,HIGH,OPEN,2026-09-28 06:41:04,
2561,7340,missing_address,MEDIUM,HIGH,OPEN,2026-09-28 06:41:04,
2562,7341,missing_address,MEDIUM,HIGH,OPEN,2026-09-28 06:41:04,
2563,7342,missing_address,MEDIUM,HIGH,OPEN,2026-09-28 06:41:04,
2564,7343,missing_address,MEDIUM,HIGH,OPEN,2026-09-28 06:41:04,
2565,7344,missing_address,MEDIUM,HIGH,OPEN,2026-09-28 06:41:04,
2566,7345,missing_address,MEDIUM,HIGH,OPEN,2026-09-28 06:41:04,
2567,7346,missing_address,MEDIUM,HIGH,OPEN,2026-09-28 06:41:04,
2568,7347,missing_address,MEDIUM,HIGH,OPEN,2026-09-28 06:41:04,
2569,7348,missing_address,MEDIUM,HIGH,OPEN,2026-09-28 06:41:04,
2570,7349,missing_address,MEDIUM,HIGH,OPEN,2026-09-28 06:41:04,
2571,7350,missing_address,MEDIUM,HIGH,OPEN,2026-09-28 06:41:04,
2572,7351,missing_address,MEDIUM,HIGH,OPEN,2026-09-28 06:41:04,
2573,7352,missing_address,MEDIUM,HIGH,OPEN,2026-09-28 06:41:04,
2574,7353,missing_address,MEDIUM,HIGH,OPEN,2026-09-28 06:41:04,
2575,7354,missing_address,MEDIUM,HIGH,OPEN,2026-09-28 06:41:04,
2576,7355,missing_address,MEDIUM,HIGH,OPEN,2026-09-28 06:41:04,
2577,7356,missing_address,MEDIUM,HIGH,OPEN,2026-09-28 06:41:04,
2578,7357,missing_address,MEDIUM,HIGH,OPEN,2026-09-28 06:41:04,
2579,7358,missing_address,MEDIUM,HIGH,OPEN,2026-09-28 06:41:04,
2580,7359,missing_address,MEDIUM,HIGH,OPEN,2026-09-28 06:41:04,
2581,7360,missing_address,MEDIUM,HIGH,OPEN,2026-09-28 06:41:04,
2582,7361,missing_address,MEDIUM,HIGH,OPEN,2026-09-28 06:41:04,
2583,7362,missing_address,MEDIUM,HIGH,OPEN,2026-09-28 06:41:04,
2584,7363,missing_address,MEDIUM,HIGH,OPEN,2026-09-28 06:41:04,
2585,7364,missing_address,MEDIUM,HIGH,OPEN,2026-09-28 06:41:04,
2586,7365,missing_address,MEDIUM,HIGH,OPEN,2026-09-28 06:41:04,
2587,7366,missing_address,MEDIUM,HIGH,OPEN,2026-09-28 06:41:04,
2588,7367,missing_address,MEDIUM,HIGH,OPEN,2026-09-28 06:41:04,
2589,7368,missing_address,MEDIUM,HIGH,OPEN,2026-09-28 06:41:04,
2590,7369,missing_address,MEDIUM,HIGH,OPEN,2026-09-28 06:41:04,
2591,7370,missing_address,MEDIUM,HIGH,OPEN,2026-09-28 06:41:04,
2592,7371,missing_address,MEDIUM,HIGH,OPEN,2026-09-28 06:41:04,
2593,7372,missing_address,MEDIUM,HIGH,OPEN,2026-09-28 06:41:04,
2594,7373,missing_address,MEDIUM,HIGH,OPEN,2026-09-28 06:41:04,
2595,7374,missing_address,MEDIUM,HIGH,OPEN,2026-09-28 06:41:04,
2596,7375,missing_address,MEDIUM,HIGH,OPEN,2026-09-28 06:41:04,
2597,7376,missing_address,MEDIUM,HIGH,OPEN,2026-09-28 06:41:04,
2598,7377,missing_address,MEDIUM,HIGH,OPEN,2026-09-28 06:41:04,
2599,7378,missing_address,MEDIUM,HIGH,OPEN,2026-09-28 06:41:04,
2600,7379,missing_address,MEDIUM,HIGH,OPEN,2026-09-28 06:41:04,
2601,7380,missing_address,MEDIUM,HIGH,OPEN,2026-09-28 06:41:04,
2602,7381,missing_address,MEDIUM,HIGH,OPEN,2026-09-28 06:41:04,
2603,7382,missing_address,MEDIUM,HIGH,OPEN,2026-09-28 06:41:04,
2604,7383,missing_address,MEDIUM,HIGH,OPEN,2026-09-28 06:41:04,
2605,7384,missing_address,MEDIUM,HIGH,OPEN,2026-09-28 06:41:04,
2606,7385,missing_address,MEDIUM,HIGH,OPEN,2026-09-28 06:41:04,
2607,7386,missing_address,MEDIUM,HIGH,OPEN,2026-09-28 06:41:04,
2608,7387,missing_address,MEDIUM,HIGH,OPEN,2026-09-28 06:41:04,
2609,7388,missing_address,MEDIUM,HIGH,OPEN,2026-09-28 06:41:04,
2610,7389,missing_address,MEDIUM,HIGH,OPEN,2026-09-28 06:41:04,
2611,7390,missing_address,MEDIUM,HIGH,OPEN,2026-09-28 06:41:04,
2612,7391,missing_address,MEDIUM,HIGH,OPEN,2026-09-28 06:41:04,
2613,7392,missing_address,MEDIUM,HIGH,OPEN,2026-09-28 06:41:04,
2614,7393,missing_address,MEDIUM,HIGH,OPEN,2026-09-28 06:41:04,
2615,7394,missing_address,MEDIUM,HIGH,OPEN,2026-09-28 06:41:04,
2616,7395,missing_address,MEDIUM,HIGH,OPEN,2026-09-28 06:41:04,
2617,7396,missing_address,MEDIUM,HIGH,OPEN,2026-09-28 06:41:04,
2618,7397,missing_address,MEDIUM,HIGH,OPEN,2026-09-28 06:41:04,
2619,7398,missing_address,MEDIUM,HIGH,OPEN,2026-09-28 06:41:04,
2620,7399,missing_address,MEDIUM,HIGH,OPEN,2026-09-28 06:41:04,
2621,7400,missing_address,MEDIUM,HIGH,OPEN,2026-09-28 06:41:04,
2622,7401,missing_address,MEDIUM,HIGH,OPEN,2026-09-28 06:41:04,
2623,7402,missing_address,MEDIUM,HIGH,OPEN,2026-09-28 06:41:04,
2624,7403,missing_address,MEDIUM,HIGH,OPEN,2026-09-28 06:41:04,
2625,7404,missing_address,MEDIUM,HIGH,OPEN,2026-09-28 06:41:04,
2626,7405,missing_address,MEDIUM,HIGH,OPEN,2026-09-28 06:41:04,
2627,7406,missing_address,MEDIUM,HIGH,OPEN,2026-09-28 06:41:04,
2628,7407,missing_address,MEDIUM,HIGH,OPEN,2026-09-28 06:41:04,
2629,7408,missing_address,MEDIUM,HIGH,OPEN,2026-09-28 06:41:04,
2630,7409,missing_address,MEDIUM,HIGH,OPEN,2026-09-28 06:41:04,
2631,7410,missing_address,MEDIUM,HIGH,OPEN,2026-09-28 06:41:04,
2632,7411,missing_address,MEDIUM,HIGH,OPEN,2026-09-28 06:41:04,
2633,7412,missing_address,MEDIUM,HIGH,OPEN,2026-09-28 06:41:04,
2634,7413,missing_address,MEDIUM,HIGH,OPEN,2026-09-28 06:41:04,
2635,7414,missing_address,MEDIUM,HIGH,OPEN,2026-09-28 06:41:04,
2636,7415,missing_address,MEDIUM,HIGH,OPEN,2026-09-28 06:41:04,
2637,7416,missing_address,MEDIUM,HIGH,OPEN,2026-09-28 06:41:04,
2638,7417,missing_address,MEDIUM,HIGH,OPEN,2026-09-28 06:41:04,
2639,7418,missing_address,MEDIUM,HIGH,OPEN,2026-09-28 06:41:04,
2640,7419,missing_address,MEDIUM,HIGH,OPEN,2026-09-28 06:41:04,
2641,7420,missing_address,MEDIUM,HIGH,OPEN,2026-09-28 06:41:04,
2642,7421,missing_address,MEDIUM,HIGH,OPEN,2026-09-28 06:41:04,
2643,7422,missing_address,MEDIUM,HIGH,OPEN,2026-09-28 06:41:04,
2644,7423,missing_address,MEDIUM,HIGH,OPEN,2026-09-28 06:41:04,
2645,7424,missing_address,MEDIUM,HIGH,OPEN,2026-09-28 06:41:04,
2646,7425,missing_address,MEDIUM,HIGH,OPEN,2026-09-28 06:41:04,
2647,7426,missing_address,MEDIUM,HIGH,OPEN,2026-09-28 06:41:04,
2648,7427,missing_address,MEDIUM,HIGH,OPEN,2026-09-28 06:41:04,
2649,7428,missing_address,MEDIUM,HIGH,OPEN,2026-09-28 06:41:04,
2650,7429,missing_address,MEDIUM,HIGH,OPEN,2026-09-28 06:41:04,
2651,7430,missing_address,MEDIUM,HIGH,OPEN,2026-09-28 06:41:04,
2652,7431,missing_address,MEDIUM,HIGH,OPEN,2026-09-28 06:41:04,
2653,7432,missing_address,MEDIUM,HIGH,OPEN,2026-09-28 06:41:04,
2654,7433,missing_address,MEDIUM,HIGH,OPEN,2026-09-28 06:41:04,
2655,7434,missing_address,MEDIUM,HIGH,OPEN,2026-09-28 06:41:04,
2656,7435,missing_address,MEDIUM,HIGH,OPEN,2026-09-28 06:41:04,
2657,7436,missing_address,MEDIUM,HIGH,OPEN,2026-09-28 06:41:04,
2658,7437,missing_address,MEDIUM,HIGH,OPEN,2026-09-28 06:41:04,
2659,7438,missing_address,MEDIUM,HIGH,OPEN,2026-09-28 06:41:04,
2660,7439,missing_address,MEDIUM,HIGH,OPEN,2026-09-28 06:41:04,
2661,7440,missing_address,MEDIUM,HIGH,OPEN,2026-09-28 06:41:04,
2662,7441,missing_address,MEDIUM,HIGH,OPEN,2026-09-28 06:41:04,
2663,7442,missing_address,MEDIUM,HIGH,OPEN,2026-09-28 06:41:04,
2664,7443,missing_address,MEDIUM,HIGH,OPEN,2026-09-28 06:41:04,
2665,7444,missing_address,MEDIUM,HIGH,OPEN,2026-09-28 06:41:04,
2666,7445,missing_address,MEDIUM,HIGH,OPEN,2026-09-28 06:41:04,
2667,7446,missing_address,MEDIUM,HIGH,OPEN,2026-09-28 06:41:04,
2668,7447,missing_address,MEDIUM,HIGH,OPEN,2026-09-28 06:41:04,
2669,7448,missing_address,MEDIUM,HIGH,OPEN,2026-09-28 06:41:04,
2670,7449,missing_address,MEDIUM,HIGH,OPEN,2026-09-28 06:41:04,
2671,7450,missing_address,MEDIUM,HIGH,OPEN,2026-09-28 06:41:04,
2672,7451,missing_address,MEDIUM,HIGH,OPEN,2026-09-28 06:41:04,
2673,7452,missing_address,MEDIUM,HIGH,OPEN,2026-09-28 06:41:04,
2674,7453,missing_address,MEDIUM,HIGH,OPEN,2026-09-28 06:41:04,
2675,7454,missing_address,MEDIUM,HIGH,OPEN,2026-09-28 06:41:04,
2676,7455,missing_address,MEDIUM,HIGH,OPEN,2026-09-28 06:41:04,
2677,7456,missing_address,MEDIUM,HIGH,OPEN,2026-09-28 06:41:04,
2678,7457,missing_address,MEDIUM,HIGH,OPEN,2026-09-28 06:41:04,
2679,7458,missing_address,MEDIUM,HIGH,OPEN,2026-09-28 06:41:04,
2680,7459,missing_address,MEDIUM,HIGH,OPEN,2026-09-28 06:41:04,
2681,7460,missing_address,MEDIUM,HIGH,OPEN,2026-09-28 06:41:04,
2682,7461,missing_address,MEDIUM,HIGH,OPEN,2026-09-28 06:41:04,
2683,7462,missing_address,MEDIUM,HIGH,OPEN,2026-09-28 06:41:04,
2684,7463,missing_address,MEDIUM,HIGH,OPEN,2026-09-28 06:41:04,
2685,7464,missing_address,MEDIUM,HIGH,OPEN,2026-09-28 06:41:04,
2686,7465,missing_address,MEDIUM,HIGH,OPEN,2026-09-28 06:41:04,
2687,7466,missing_address,MEDIUM,HIGH,OPEN,2026-09-28 06:41:04,
2688,7467,missing_address,MEDIUM,HIGH,OPEN,2026-09-28 06:41:04,
2689,7468,missing_address,MEDIUM,HIGH,OPEN,2026-09-28 06:41:04,
2690,7469,missing_address,MEDIUM,HIGH,OPEN,2026-09-28 06:41:04,
2691,7470,missing_address,MEDIUM,HIGH,OPEN,2026-09-28 06:41:04,
2692,7471,missing_address,MEDIUM,HIGH,OPEN,2026-09-28 06:41:04,
2693,7472,missing_address,MEDIUM,HIGH,OPEN,2026-09-28 06:41:04,
2694,7473,missing_address,MEDIUM,HIGH,OPEN,2026-09-28 06:41:04,
2695,7474,missing_address,MEDIUM,HIGH,OPEN,2026-09-28 06:41:04,
2696,7475,missing_address,MEDIUM,HIGH,OPEN,2026-09-28 06:41:04,
2697,7476,missing_address,MEDIUM,HIGH,OPEN,2026-09-28 06:41:04,
2698,7477,missing_address,MEDIUM,HIGH,OPEN,2026-09-28 06:41:04,
2699,7478,missing_address,MEDIUM,HIGH,OPEN,2026-09-28 06:41:04,
2700,7479,missing_address,MEDIUM,HIGH,OPEN,2026-09-28 06:41:04,
2701,7480,missing_address,MEDIUM,HIGH,OPEN,2026-09-28 06:41:04,
2702,7481,missing_address,MEDIUM,HIGH,OPEN,2026-09-28 06:41:04,
2703,7482,missing_address,MEDIUM,HIGH,OPEN,2026-09-28 06:41:04,
2704,7483,missing_address,MEDIUM,HIGH,OPEN,2026-09-28 06:41:04,
2705,7484,missing_address,MEDIUM,HIGH,OPEN,2026-09-28 06:41:04,
2706,7485,missing_address,MEDIUM,HIGH,OPEN,2026-09-28 06:41:04,
2707,7486,missing_address,MEDIUM,HIGH,OPEN,2026-09-28 06:41:04,
2708,7487,missing_address,MEDIUM,HIGH,OPEN,2026-09-28 06:41:04,
2709,7488,missing_address,MEDIUM,HIGH,OPEN,2026-09-28 06:41:04,
2710,7489,missing_address,MEDIUM,HIGH,OPEN,2026-09-28 06:41:04,
2711,7490,missing_address,MEDIUM,HIGH,OPEN,2026-09-28 06:41:04,
2712,7491,missing_address,MEDIUM,HIGH,OPEN,2026-09-28 06:41:04,
2713,7492,missing_address,MEDIUM,HIGH,OPEN,2026-09-28 06:41:04,
2714,7493,missing_address,MEDIUM,HIGH,OPEN,2026-09-28 06:41:04,
2715,7494,missing_address,MEDIUM,HIGH,OPEN,2026-09-28 06:41:04,
2716,7495,missing_address,MEDIUM,HIGH,OPEN,2026-09-28 06:41:04,
2717,7496,missing_address,MEDIUM,HIGH,OPEN,2026-09-28 06:41:04,
2718,7497,missing_address,MEDIUM,HIGH,OPEN,2026-09-28 06:41:04,
2719,7498,missing_address,MEDIUM,HIGH,OPEN,2026-09-28 06:41:04,
2720,7499,missing_address,MEDIUM,HIGH,OPEN,2026-09-28 06:41:04,
2721,7500,missing_address,MEDIUM,HIGH,OPEN,2026-09-28 06:41:04,
2722,7501,missing_address,MEDIUM,HIGH,OPEN,2026-09-28 06:41:04,
2723,7502,missing_address,MEDIUM,HIGH,OPEN,2026-09-28 06:41:04,
2724,7503,missing_address,MEDIUM,HIGH,OPEN,2026-09-28 06:41:04,
2725,7504,missing_address,MEDIUM,HIGH,OPEN,2026-09-28 06:41:04,
2726,7505,missing_address,MEDIUM,HIGH,OPEN,2026-09-28 06:41:04,
2727,7506,missing_address,MEDIUM,HIGH,OPEN,2026-09-28 06:41:04,
2728,7507,missing_address,MEDIUM,HIGH,OPEN,2026-09-28 06:41:04,
2729,7508,missing_address,MEDIUM,HIGH,OPEN,2026-09-28 06:41:04,
2730,7509,missing_address,MEDIUM,HIGH,OPEN,2026-09-28 06:41:04,
2731,7510,missing_address,MEDIUM,HIGH,OPEN,2026-09-28 06:41:04,
2732,7511,missing_address,MEDIUM,HIGH,OPEN,2026-09-28 06:41:04,
2733,7512,missing_address,MEDIUM,HIGH,OPEN,2026-09-28 06:41:04,
2734,7513,missing_address,MEDIUM,HIGH,OPEN,2026-09-28 06:41:04,
2735,7514,missing_address,MEDIUM,HIGH,OPEN,2026-09-28 06:41:04,
2736,7515,missing_address,MEDIUM,HIGH,OPEN,2026-09-28 06:41:04,
2737,7516,missing_address,MEDIUM,HIGH,OPEN,2026-09-28 06:41:04,
2738,7517,missing_address,MEDIUM,HIGH,OPEN,2026-09-28 06:41:04,
2739,7518,missing_address,MEDIUM,HIGH,OPEN,2026-09-28 06:41:04,
2740,7519,missing_address,MEDIUM,HIGH,OPEN,2026-09-28 06:41:04,
2741,7520,missing_address,MEDIUM,HIGH,OPEN,2026-09-28 06:41:04,
2742,7521,missing_address,MEDIUM,HIGH,OPEN,2026-09-28 06:41:04,
2743,7522,missing_address,MEDIUM,HIGH,OPEN,2026-09-28 06:41:04,
2744,7523,missing_address,MEDIUM,HIGH,OPEN,2026-09-28 06:41:04,
2745,7524,missing_address,MEDIUM,HIGH,OPEN,2026-09-28 06:41:04,
2746,7525,missing_address,MEDIUM,HIGH,OPEN,2026-09-28 06:41:04,
2747,7526,missing_address,MEDIUM,HIGH,OPEN,2026-09-28 06:41:04,
2748,7527,missing_address,MEDIUM,HIGH,OPEN,2026-09-28 06:41:04,
2749,7528,missing_address,MEDIUM,HIGH,OPEN,2026-09-28 06:41:04,
2750,7529,missing_address,MEDIUM,HIGH,OPEN,2026-09-28 06:41:04,
2751,7530,missing_address,MEDIUM,HIGH,OPEN,2026-09-28 06:41:04,
2752,7531,missing_address,MEDIUM,HIGH,OPEN,2026-09-28 06:41:04,
2753,7532,missing_address,MEDIUM,HIGH,OPEN,2026-09-28 06:41:04,
2754,7533,missing_address,MEDIUM,HIGH,OPEN,2026-09-28 06:41:04,
2755,7534,missing_address,MEDIUM,HIGH,OPEN,2026-09-28 06:41:04,
2756,7535,missing_address,MEDIUM,HIGH,OPEN,2026-09-28 06:41:04,
2757,7536,missing_address,MEDIUM,HIGH,OPEN,2026-09-28 06:41:04,
2758,7537,missing_address,MEDIUM,HIGH,OPEN,2026-09-28 06:41:04,
2759,7538,missing_address,MEDIUM,HIGH,OPEN,2026-09-28 06:41:04,
2760,7539,missing_address,MEDIUM,HIGH,OPEN,2026-09-28 06:41:04,
2761,7540,missing_address,MEDIUM,HIGH,OPEN,2026-09-28 06:41:04,
2762,7541,missing_address,MEDIUM,HIGH,OPEN,2026-09-28 06:41:04,
2763,7542,missing_address,MEDIUM,HIGH,OPEN,2026-09-28 06:41:04,
2764,7543,missing_address,MEDIUM,HIGH,OPEN,2026-09-28 06:41:04,
2765,7544,missing_address,MEDIUM,HIGH,OPEN,2026-09-28 06:41:04,
2766,7545,missing_address,MEDIUM,HIGH,OPEN,2026-09-28 06:41:04,
2767,7546,missing_address,MEDIUM,HIGH,OPEN,2026-09-28 06:41:04,
2768,7547,missing_address,MEDIUM,HIGH,OPEN,2026-09-28 06:41:04,
2769,7548,missing_address,MEDIUM,HIGH,OPEN,2026-09-28 06:41:04,
2770,7549,missing_address,MEDIUM,HIGH,OPEN,2026-09-28 06:41:04,
2771,7550,missing_address,MEDIUM,HIGH,OPEN,2026-09-28 06:41:04,
2772,7551,missing_address,MEDIUM,HIGH,OPEN,2026-09-28 06:41:04,
2773,7552,missing_address,MEDIUM,HIGH,OPEN,2026-09-28 06:41:04,
2774,7553,missing_address,MEDIUM,HIGH,OPEN,2026-09-28 06:41:04,
2775,7554,missing_address,MEDIUM,HIGH,OPEN,2026-09-28 06:41:04,
2776,7555,missing_address,MEDIUM,HIGH,OPEN,2026-09-28 06:41:04,
2777,7556,missing_address,MEDIUM,HIGH,OPEN,2026-09-28 06:41:04,
2778,7557,missing_address,MEDIUM,HIGH,OPEN,2026-09-28 06:41:04,
2779,7558,missing_address,MEDIUM,HIGH,OPEN,2026-09-28 06:41:04,
2780,7559,missing_address,MEDIUM,HIGH,OPEN,2026-09-28 06:41:04,
2781,7560,missing_address,MEDIUM,HIGH,OPEN,2026-09-28 06:41:04,
2782,7561,missing_address,MEDIUM,HIGH,OPEN,2026-09-28 06:41:04,
2783,7562,missing_address,MEDIUM,HIGH,OPEN,2026-09-28 06:41:04,
2784,7563,missing_address,MEDIUM,HIGH,OPEN,2026-09-28 06:41:04,
2785,7564,missing_address,MEDIUM,HIGH,OPEN,2026-09-28 06:41:04,
2786,7565,missing_address,MEDIUM,HIGH,OPEN,2026-09-28 06:41:04,
2787,7566,missing_address,MEDIUM,HIGH,OPEN,2026-09-28 06:41:04,
2788,7567,missing_address,MEDIUM,HIGH,OPEN,2026-09-28 06:41:04,
2789,7568,missing_address,MEDIUM,HIGH,OPEN,2026-09-28 06:41:04,
2790,7569,missing_address,MEDIUM,HIGH,OPEN,2026-09-28 06:41:04,
2791,7570,missing_address,MEDIUM,HIGH,OPEN,2026-09-28 06:41:04,
2792,7571,missing_address,MEDIUM,HIGH,OPEN,2026-09-28 06:41:04,
2793,7572,missing_address,MEDIUM,HIGH,OPEN,2026-09-28 06:41:04,
2794,7573,missing_address,MEDIUM,HIGH,OPEN,2026-09-28 06:41:04,
2795,7574,missing_address,MEDIUM,HIGH,OPEN,2026-09-28 06:41:04,
2796,7575,missing_address,MEDIUM,HIGH,OPEN,2026-09-28 06:41:04,
2797,7576,missing_address,MEDIUM,HIGH,OPEN,2026-09-28 06:41:04,
2798,7577,missing_address,MEDIUM,HIGH,OPEN,2026-09-28 06:41:04,
2799,7578,missing_address,MEDIUM,HIGH,OPEN,2026-09-28 06:41:04,
2800,7579,missing_address,MEDIUM,HIGH,OPEN,2026-09-28 06:41:04,
2801,7580,missing_address,MEDIUM,HIGH,OPEN,2026-09-28 06:41:04,
2802,7581,missing_address,MEDIUM,HIGH,OPEN,2026-09-28 06:41:04,
2803,7582,missing_address,MEDIUM,HIGH,OPEN,2026-09-28 06:41:04,
2804,7583,missing_address,MEDIUM,HIGH,OPEN,2026-09-28 06:41:04,
2805,7584,missing_address,MEDIUM,HIGH,OPEN,2026-09-28 06:41:04,
2806,7585,missing_address,MEDIUM,HIGH,OPEN,2026-09-28 06:41:04,
2807,7586,missing_address,MEDIUM,HIGH,OPEN,2026-09-28 06:41:04,
2808,7587,missing_address,MEDIUM,HIGH,OPEN,2026-09-28 06:41:04,
2809,7588,missing_address,MEDIUM,HIGH,OPEN,2026-09-28 06:41:04,
2810,7589,missing_address,MEDIUM,HIGH,OPEN,2026-09-28 06:41:04,
2811,7590,missing_address,MEDIUM,HIGH,OPEN,2026-09-28 06:41:04,
2812,7591,missing_address,MEDIUM,HIGH,OPEN,2026-09-28 06:41:04,
2813,7592,missing_address,MEDIUM,HIGH,OPEN,2026-09-28 06:41:04,
2814,7593,missing_address,MEDIUM,HIGH,OPEN,2026-09-28 06:41:04,
2815,7594,missing_address,MEDIUM,HIGH,OPEN,2026-09-28 06:41:04,
2816,7595,missing_address,MEDIUM,HIGH,OPEN,2026-09-28 06:41:04,
2817,7596,missing_address,MEDIUM,HIGH,OPEN,2026-09-28 06:41:04,
2818,7597,missing_address,MEDIUM,HIGH,OPEN,2026-09-28 06:41:04,
2819,7598,missing_address,MEDIUM,HIGH,OPEN,2026-09-28 06:41:04,
2820,7599,missing_address,MEDIUM,HIGH,OPEN,2026-09-28 06:41:04,
2821,7600,missing_address,MEDIUM,HIGH,OPEN,2026-09-28 06:41:04,
2822,7601,missing_address,MEDIUM,HIGH,OPEN,2026-09-28 06:41:04,
2823,7602,missing_address,MEDIUM,HIGH,OPEN,2026-09-28 06:41:04,
2824,7603,missing_address,MEDIUM,HIGH,OPEN,2026-09-28 06:41:04,
2825,7604,missing_address,MEDIUM,HIGH,OPEN,2026-09-28 06:41:04,
2826,7605,missing_address,MEDIUM,HIGH,OPEN,2026-09-28 06:41:04,
2827,7606,missing_address,MEDIUM,HIGH,OPEN,2026-09-28 06:41:04,
2828,7607,missing_address,MEDIUM,HIGH,OPEN,2026-09-28 06:41:04,
2829,7608,missing_address,MEDIUM,HIGH,OPEN,2026-09-28 06:41:04,
2830,7609,missing_address,MEDIUM,HIGH,OPEN,2026-09-28 06:41:04,
2831,7610,missing_address,MEDIUM,HIGH,OPEN,2026-09-28 06:41:04,
2832,7611,missing_address,MEDIUM,HIGH,OPEN,2026-09-28 06:41:04,
2833,7612,missing_address,MEDIUM,HIGH,OPEN,2026-09-28 06:41:04,
2834,7613,missing_address,MEDIUM,HIGH,OPEN,2026-09-28 06:41:04,
2835,7614,missing_address,MEDIUM,HIGH,OPEN,2026-09-28 06:41:04,
2836,7615,missing_address,MEDIUM,HIGH,OPEN,2026-09-28 06:41:04,
2837,7616,missing_address,MEDIUM,HIGH,OPEN,2026-09-28 06:41:04,
2838,7617,missing_address,MEDIUM,HIGH,OPEN,2026-09-28 06:41:04,
2839,7618,missing_address,MEDIUM,HIGH,OPEN,2026-09-28 06:41:04,
2840,7619,missing_address,MEDIUM,HIGH,OPEN,2026-09-28 06:41:04,
2841,7620,missing_address,MEDIUM,HIGH,OPEN,2026-09-28 06:41:04,
2842,7621,missing_address,MEDIUM,HIGH,OPEN,2026-09-28 06:41:04,
2843,7622,missing_address,MEDIUM,HIGH,OPEN,2026-09-28 06:41:04,
2844,7623,missing_address,MEDIUM,HIGH,OPEN,2026-09-28 06:41:04,
2845,7624,missing_address,MEDIUM,HIGH,OPEN,2026-09-28 06:41:04,
2846,7625,missing_address,MEDIUM,HIGH,OPEN,2026-09-28 06:41:04,
2847,7626,missing_address,MEDIUM,HIGH,OPEN,2026-09-28 06:41:04,
2848,7627,missing_address,MEDIUM,HIGH,OPEN,2026-09-28 06:41:04,
2849,7628,missing_address,MEDIUM,HIGH,OPEN,2026-09-28 06:41:04,
2850,7629,missing_address,MEDIUM,HIGH,OPEN,2026-09-28 06:41:04,
2851,7630,missing_address,MEDIUM,HIGH,OPEN,2026-09-28 06:41:04,
2852,7631,missing_address,MEDIUM,HIGH,OPEN,2026-09-28 06:41:04,
2853,7632,missing_address,MEDIUM,HIGH,OPEN,2026-09-28 06:41:04,
2854,7633,missing_address,MEDIUM,HIGH,OPEN,2026-09-28 06:41:04,
2855,7634,missing_address,MEDIUM,HIGH,OPEN,2026-09-28 06:41:04,
2856,7635,missing_address,MEDIUM,HIGH,OPEN,2026-09-28 06:41:04,
2857,7636,missing_address,MEDIUM,HIGH,OPEN,2026-09-28 06:41:04,
2858,7637,missing_address,MEDIUM,HIGH,OPEN,2026-09-28 06:41:04,
2859,7638,missing_address,MEDIUM,HIGH,OPEN,2026-09-28 06:41:04,
2860,7639,missing_address,MEDIUM,HIGH,OPEN,2026-09-28 06:41:04,
2861,7640,missing_address,MEDIUM,HIGH,OPEN,2026-09-28 06:41:04,
2862,7641,missing_address,MEDIUM,HIGH,OPEN,2026-09-28 06:41:04,
2863,7642,missing_address,MEDIUM,HIGH,OPEN,2026-09-28 06:41:04,
2864,7643,missing_address,MEDIUM,HIGH,OPEN,2026-09-28 06:41:04,
2865,7644,missing_address,MEDIUM,HIGH,OPEN,2026-09-28 06:41:04,
2866,7645,missing_address,MEDIUM,HIGH,OPEN,2026-09-28 06:41:04,
2867,7646,missing_address,MEDIUM,HIGH,OPEN,2026-09-28 06:41:04,
2868,7647,missing_address,MEDIUM,HIGH,OPEN,2026-09-28 06:41:04,
2869,7648,missing_address,MEDIUM,HIGH,OPEN,2026-09-28 06:41:04,
2870,7649,missing_address,MEDIUM,HIGH,OPEN,2026-09-28 06:41:04,
2871,7650,missing_address,MEDIUM,HIGH,OPEN,2026-09-28 06:41:04,
2872,7651,missing_address,MEDIUM,HIGH,OPEN,2026-09-28 06:41:04,
2873,7652,missing_address,MEDIUM,HIGH,OPEN,2026-09-28 06:41:04,
2874,7653,missing_address,MEDIUM,HIGH,OPEN,2026-09-28 06:41:04,
2875,7654,missing_address,MEDIUM,HIGH,OPEN,2026-09-28 06:41:04,
2876,7655,missing_address,MEDIUM,HIGH,OPEN,2026-09-28 06:41:04,
2877,7656,missing_address,MEDIUM,HIGH,OPEN,2026-09-28 06:41:04,
2878,7657,missing_address,MEDIUM,HIGH,OPEN,2026-09-28 06:41:04,
2879,7658,missing_address,MEDIUM,HIGH,OPEN,2026-09-28 06:41:04,
2880,7659,missing_address,MEDIUM,HIGH,OPEN,2026-09-28 06:41:04,
2881,7660,missing_address,MEDIUM,HIGH,OPEN,2026-09-28 06:41:04,
2882,7661,missing_address,MEDIUM,HIGH,OPEN,2026-09-28 06:41:04,
2883,7662,missing_address,MEDIUM,HIGH,OPEN,2026-09-28 06:41:04,
2884,7663,missing_address,MEDIUM,HIGH,OPEN,2026-09-28 06:41:04,
2885,7664,missing_address,MEDIUM,HIGH,OPEN,2026-09-28 06:41:04,
2886,7665,missing_address,MEDIUM,HIGH,OPEN,2026-09-28 06:41:04,
2887,7666,missing_address,MEDIUM,HIGH,OPEN,2026-09-28 06:41:04,
2888,7667,missing_address,MEDIUM,HIGH,OPEN,2026-09-28 06:41:04,
2889,7668,missing_address,MEDIUM,HIGH,OPEN,2026-09-28 06:41:04,
2890,7669,missing_address,MEDIUM,HIGH,OPEN,2026-09-28 06:41:04,
2891,7670,missing_address,MEDIUM,HIGH,OPEN,2026-09-28 06:41:04,
2892,7671,missing_address,MEDIUM,HIGH,OPEN,2026-09-28 06:41:04,
2893,7672,missing_address,MEDIUM,HIGH,OPEN,2026-09-28 06:41:04,
2894,7673,missing_address,MEDIUM,HIGH,OPEN,2026-09-28 06:41:04,
2895,7674,missing_address,MEDIUM,HIGH,OPEN,2026-09-28 06:41:04,
2896,7675,missing_address,MEDIUM,HIGH,OPEN,2026-09-28 06:41:04,
2897,7676,missing_address,MEDIUM,HIGH,OPEN,2026-09-28 06:41:04,
2898,7677,missing_address,MEDIUM,HIGH,OPEN,2026-09-28 06:41:04,
2899,7678,missing_address,MEDIUM,HIGH,OPEN,2026-09-28 06:41:04,
2900,7679,missing_address,MEDIUM,HIGH,OPEN,2026-09-28 06:41:04,
2901,7680,missing_address,MEDIUM,HIGH,OPEN,2026-09-28 06:41:04,
2902,7681,missing_address,MEDIUM,HIGH,OPEN,2026-09-28 06:41:04,
2903,7682,missing_address,MEDIUM,HIGH,OPEN,2026-09-28 06:41:04,
2904,7683,missing_address,MEDIUM,HIGH,OPEN,2026-09-28 06:41:04,
2905,7684,missing_address,MEDIUM,HIGH,OPEN,2026-09-28 06:41:04,
2906,7685,missing_address,MEDIUM,HIGH,OPEN,2026-09-28 06:41:04,
2907,7686,missing_address,MEDIUM,HIGH,OPEN,2026-09-28 06:41:04,
2908,7687,missing_address,MEDIUM,HIGH,OPEN,2026-09-28 06:41:04,
2909,7688,missing_address,MEDIUM,HIGH,OPEN,2026-09-28 06:41:04,
2910,7689,missing_address,MEDIUM,HIGH,OPEN,2026-09-28 06:41:04,
2911,7690,missing_address,MEDIUM,HIGH,OPEN,2026-09-28 06:41:04,
2912,7691,missing_address,MEDIUM,HIGH,OPEN,2026-09-28 06:41:04,
2913,7692,missing_address,MEDIUM,HIGH,OPEN,2026-09-28 06:41:04,
2914,7693,missing_address,MEDIUM,HIGH,OPEN,2026-09-28 06:41:04,
2915,7694,missing_address,MEDIUM,HIGH,OPEN,2026-09-28 06:41:04,
2916,7695,missing_address,MEDIUM,HIGH,OPEN,2026-09-28 06:41:04,
2917,7696,missing_address,MEDIUM,HIGH,OPEN,2026-09-28 06:41:04,
2918,7697,missing_address,MEDIUM,HIGH,OPEN,2026-09-28 06:41:04,
2919,7698,missing_address,MEDIUM,HIGH,OPEN,2026-09-28 06:41:04,
2920,7699,missing_address,MEDIUM,HIGH,OPEN,2026-09-28 06:41:04,
2921,7700,missing_address,MEDIUM,HIGH,OPEN,2026-09-28 06:41:04,
2922,7701,missing_address,MEDIUM,HIGH,OPEN,2026-09-28 06:41:04,
2923,7702,missing_address,MEDIUM,HIGH,OPEN,2026-09-28 06:41:04,
2924,7703,missing_address,MEDIUM,HIGH,OPEN,2026-09-28 06:41:04,
2925,7704,missing_address,MEDIUM,HIGH,OPEN,2026-09-28 06:41:04,
2926,7705,missing_address,MEDIUM,HIGH,OPEN,2026-09-28 06:41:04,
2927,7706,missing_address,MEDIUM,HIGH,OPEN,2026-09-28 06:41:04,
2928,7707,missing_address,MEDIUM,HIGH,OPEN,2026-09-28 06:41:04,
2929,7708,missing_address,MEDIUM,HIGH,OPEN,2026-09-28 06:41:04,
2930,7709,missing_address,MEDIUM,HIGH,OPEN,2026-09-28 06:41:04,
2931,7710,missing_address,MEDIUM,HIGH,OPEN,2026-09-28 06:41:04,
2932,7711,missing_address,MEDIUM,HIGH,OPEN,2026-09-28 06:41:04,
2933,7712,missing_address,MEDIUM,HIGH,OPEN,2026-09-28 06:41:04,
2934,7713,missing_address,MEDIUM,HIGH,OPEN,2026-09-28 06:41:04,
2935,7714,missing_address,MEDIUM,HIGH,OPEN,2026-09-28 06:41:04,
2936,7715,missing_address,MEDIUM,HIGH,OPEN,2026-09-28 06:41:04,
2937,7716,missing_address,MEDIUM,HIGH,OPEN,2026-09-28 06:41:04,
2938,7717,missing_address,MEDIUM,HIGH,OPEN,2026-09-28 06:41:04,
2939,7718,missing_address,MEDIUM,HIGH,OPEN,2026-09-28 06:41:04,
2940,7719,missing_address,MEDIUM,HIGH,OPEN,2026-09-28 06:41:04,
2941,7720,missing_address,MEDIUM,HIGH,OPEN,2026-09-28 06:41:04,
2942,7721,missing_address,MEDIUM,HIGH,OPEN,2026-09-28 06:41:04,
2943,7722,missing_address,MEDIUM,HIGH,OPEN,2026-09-28 06:41:04,
2944,7723,missing_address,MEDIUM,HIGH,OPEN,2026-09-28 06:41:04,
2945,7724,missing_address,MEDIUM,HIGH,OPEN,2026-09-28 06:41:04,
2946,7725,missing_address,MEDIUM,HIGH,OPEN,2026-09-28 06:41:04,
2947,7726,missing_address,MEDIUM,HIGH,OPEN,2026-09-28 06:41:04,
2948,7727,missing_address,MEDIUM,HIGH,OPEN,2026-09-28 06:41:04,
2949,7728,missing_address,MEDIUM,HIGH,OPEN,2026-09-28 06:41:04,
2950,7729,missing_address,MEDIUM,HIGH,OPEN,2026-09-28 06:41:04,
2951,7730,missing_address,MEDIUM,HIGH,OPEN,2026-09-28 06:41:04,
2952,7731,missing_address,MEDIUM,HIGH,OPEN,2026-09-28 06:41:04,
2953,7732,missing_address,MEDIUM,HIGH,OPEN,2026-09-28 06:41:04,
2954,7733,missing_address,MEDIUM,HIGH,OPEN,2026-09-28 06:41:04,
2955,7734,missing_address,MEDIUM,HIGH,OPEN,2026-09-28 06:41:04,
2956,7735,missing_address,MEDIUM,HIGH,OPEN,2026-09-28 06:41:04,
2957,7736,missing_address,MEDIUM,HIGH,OPEN,2026-09-28 06:41:04,
2958,7737,missing_address,MEDIUM,HIGH,OPEN,2026-09-28 06:41:04,
2959,7738,missing_address,MEDIUM,HIGH,OPEN,2026-09-28 06:41:04,
2960,7739,missing_address,MEDIUM,HIGH,OPEN,2026-09-28 06:41:04,
2961,7740,missing_address,MEDIUM,HIGH,OPEN,2026-09-28 06:41:04,
2962,7741,missing_address,MEDIUM,HIGH,OPEN,2026-09-28 06:41:04,
2963,7742,missing_address,MEDIUM,HIGH,OPEN,2026-09-28 06:41:04,
2964,7743,missing_address,MEDIUM,HIGH,OPEN,2026-09-28 06:41:04,
2965,7744,missing_address,MEDIUM,HIGH,OPEN,2026-09-28 06:41:04,
2966,7745,missing_address,MEDIUM,HIGH,OPEN,2026-09-28 06:41:04,
2967,7746,missing_address,MEDIUM,HIGH,OPEN,2026-09-28 06:41:04,
2968,7747,missing_address,MEDIUM,HIGH,OPEN,2026-09-28 06:41:04,
2969,7748,missing_address,MEDIUM,HIGH,OPEN,2026-09-28 06:41:04,
2970,7749,missing_address,MEDIUM,HIGH,OPEN,2026-09-28 06:41:04,
2971,7750,missing_address,MEDIUM,HIGH,OPEN,2026-09-28 06:41:04,
2972,7751,missing_address,MEDIUM,HIGH,OPEN,2026-09-28 06:41:04,
2973,7752,missing_address,MEDIUM,HIGH,OPEN,2026-09-28 06:41:04,
2974,7753,missing_address,MEDIUM,HIGH,OPEN,2026-09-28 06:41:04,
2975,7754,missing_address,MEDIUM,HIGH,OPEN,2026-09-28 06:41:04,
2976,7755,missing_address,MEDIUM,HIGH,OPEN,2026-09-28 06:41:04,
2977,7756,missing_address,MEDIUM,HIGH,OPEN,2026-09-28 06:41:04,
2978,7757,missing_address,MEDIUM,HIGH,OPEN,2026-09-28 06:41:04,
2979,7758,missing_address,MEDIUM,HIGH,OPEN,2026-09-28 06:41:04,
2980,7759,missing_address,MEDIUM,HIGH,OPEN,2026-09-28 06:41:04,
2981,7760,missing_address,MEDIUM,HIGH,OPEN,2026-09-28 06:41:04,
2982,7761,missing_address,MEDIUM,HIGH,OPEN,2026-09-28 06:41:04,
2983,7762,missing_address,MEDIUM,HIGH,OPEN,2026-09-28 06:41:04,
2984,7763,missing_address,MEDIUM,HIGH,OPEN,2026-09-28 06:41:04,
2985,7764,missing_address,MEDIUM,HIGH,OPEN,2026-09-28 06:41:04,
2986,7765,missing_address,MEDIUM,HIGH,OPEN,2026-09-28 06:41:04,
2987,7766,missing_address,MEDIUM,HIGH,OPEN,2026-09-28 06:41:04,
2988,7767,missing_address,MEDIUM,HIGH,OPEN,2026-09-28 06:41:04,
2989,7768,missing_address,MEDIUM,HIGH,OPEN,2026-09-28 06:41:04,
2990,7769,missing_address,MEDIUM,HIGH,OPEN,2026-09-28 06:41:04,
2991,7770,missing_address,MEDIUM,HIGH,OPEN,2026-09-28 06:41:04,
2992,7771,missing_address,MEDIUM,HIGH,OPEN,2026-09-28 06:41:04,
2993,7772,missing_address,MEDIUM,HIGH,OPEN,2026-09-28 06:41:04,
2994,7773,missing_address,MEDIUM,HIGH,OPEN,2026-09-28 06:41:04,
2995,7774,missing_address,MEDIUM,HIGH,OPEN,2026-09-28 06:41:04,
2996,7775,missing_address,MEDIUM,HIGH,OPEN,2026-09-28 06:41:04,
2997,7776,missing_address,MEDIUM,HIGH,OPEN,2026-09-28 06:41:04,
2998,7777,missing_address,MEDIUM,HIGH,OPEN,2026-09-28 06:41:04,
2999,7778,missing_address,MEDIUM,HIGH,OPEN,2026-09-28 06:41:04,
3000,7779,missing_address,MEDIUM,HIGH,OPEN,2026-09-28 06:41:04,
3001,7780,missing_address,MEDIUM,HIGH,OPEN,2026-09-28 06:41:04,
3002,7781,missing_address,MEDIUM,HIGH,OPEN,2026-09-28 06:41:04,
3003,7782,missing_address,MEDIUM,HIGH,OPEN,2026-09-28 06:41:04,
3004,7783,missing_address,MEDIUM,HIGH,OPEN,2026-09-28 06:41:04,
3005,7784,missing_address,MEDIUM,HIGH,OPEN,2026-09-28 06:41:04,
3006,7785,missing_address,MEDIUM,HIGH,OPEN,2026-09-28 06:41:04,
3007,7786,missing_address,MEDIUM,HIGH,OPEN,2026-09-28 06:41:04,
3008,7787,missing_address,MEDIUM,HIGH,OPEN,2026-09-28 06:41:04,
3009,7788,missing_address,MEDIUM,HIGH,OPEN,2026-09-28 06:41:04,
3010,7789,missing_address,MEDIUM,HIGH,OPEN,2026-09-28 06:41:04,
3011,7790,missing_address,MEDIUM,HIGH,OPEN,2026-09-28 06:41:04,
3012,7791,missing_address,MEDIUM,HIGH,OPEN,2026-09-28 06:41:04,
3013,7792,missing_address,MEDIUM,HIGH,OPEN,2026-09-28 06:41:04,
3014,7793,missing_address,MEDIUM,HIGH,OPEN,2026-09-28 06:41:04,
3015,7794,missing_address,MEDIUM,HIGH,OPEN,2026-09-28 06:41:04,
3016,7795,missing_address,MEDIUM,HIGH,OPEN,2026-09-28 06:41:04,
3017,7796,missing_address,MEDIUM,HIGH,OPEN,2026-09-28 06:41:04,
3018,7797,missing_address,MEDIUM,HIGH,OPEN,2026-09-28 06:41:04,
3019,7798,missing_address,MEDIUM,HIGH,OPEN,2026-09-28 06:41:04,
3020,7799,missing_address,MEDIUM,HIGH,OPEN,2026-09-28 06:41:04,
3021,7800,missing_address,MEDIUM,HIGH,OPEN,2026-09-28 06:41:04,
3022,7801,missing_address,MEDIUM,HIGH,OPEN,2026-09-28 06:41:04,
3023,7802,missing_address,MEDIUM,HIGH,OPEN,2026-09-28 06:41:04,
3024,7803,missing_address,MEDIUM,HIGH,OPEN,2026-09-28 06:41:04,
3025,7804,missing_address,MEDIUM,HIGH,OPEN,2026-09-28 06:41:04,
3026,7805,missing_address,MEDIUM,HIGH,OPEN,2026-09-28 06:41:04,
3027,7806,missing_address,MEDIUM,HIGH,OPEN,2026-09-28 06:41:04,
3028,7807,missing_address,MEDIUM,HIGH,OPEN,2026-09-28 06:41:04,
3029,7808,missing_address,MEDIUM,HIGH,OPEN,2026-09-28 06:41:04,
3030,7809,missing_address,MEDIUM,HIGH,OPEN,2026-09-28 06:41:04,
3031,7810,missing_address,MEDIUM,HIGH,OPEN,2026-09-28 06:41:04,
3032,7811,missing_address,MEDIUM,HIGH,OPEN,2026-09-28 06:41:04,
3033,7812,missing_address,MEDIUM,HIGH,OPEN,2026-09-28 06:41:04,
3034,7813,missing_address,MEDIUM,HIGH,OPEN,2026-09-28 06:41:04,
3035,7814,missing_address,MEDIUM,HIGH,OPEN,2026-09-28 06:41:04,
3036,7815,missing_address,MEDIUM,HIGH,OPEN,2026-09-28 06:41:04,
3037,7816,missing_address,MEDIUM,HIGH,OPEN,2026-09-28 06:41:04,
3038,7817,missing_address,MEDIUM,HIGH,OPEN,2026-09-28 06:41:04,
3039,7818,missing_address,MEDIUM,HIGH,OPEN,2026-09-28 06:41:04,
3040,7819,missing_address,MEDIUM,HIGH,OPEN,2026-09-28 06:41:04,
3041,7820,missing_address,MEDIUM,HIGH,OPEN,2026-09-28 06:41:04,
3042,7821,missing_address,MEDIUM,HIGH,OPEN,2026-09-28 06:41:04,
3043,7822,missing_address,MEDIUM,HIGH,OPEN,2026-09-28 06:41:04,
3044,7823,missing_address,MEDIUM,HIGH,OPEN,2026-09-28 06:41:04,
3045,7824,missing_address,MEDIUM,HIGH,OPEN,2026-09-28 06:41:04,
3046,7825,missing_address,MEDIUM,HIGH,OPEN,2026-09-28 06:41:04,
3047,7826,missing_address,MEDIUM,HIGH,OPEN,2026-09-28 06:41:04,
3048,7827,missing_address,MEDIUM,HIGH,OPEN,2026-09-28 06:41:04,
3049,7828,missing_address,MEDIUM,HIGH,OPEN,2026-09-28 06:41:04,
3050,7829,missing_address,MEDIUM,HIGH,OPEN,2026-09-28 06:41:04,
3051,7830,missing_address,MEDIUM,HIGH,OPEN,2026-09-28 06:41:04,
3052,7831,missing_address,MEDIUM,HIGH,OPEN,2026-09-28 06:41:04,
3053,7832,missing_address,MEDIUM,HIGH,OPEN,2026-09-28 06:41:04,
3054,7833,missing_address,MEDIUM,HIGH,OPEN,2026-09-28 06:41:04,
3055,7834,missing_address,MEDIUM,HIGH,OPEN,2026-09-28 06:41:04,
3056,7835,missing_address,MEDIUM,HIGH,OPEN,2026-09-28 06:41:04,
3057,7836,missing_address,MEDIUM,HIGH,OPEN,2026-09-28 06:41:04,
3058,7837,missing_address,MEDIUM,HIGH,OPEN,2026-09-28 06:41:04,
3059,7838,missing_address,MEDIUM,HIGH,OPEN,2026-09-28 06:41:04,
3060,7839,missing_address,MEDIUM,HIGH,OPEN,2026-09-28 06:41:04,
3061,7840,missing_address,MEDIUM,HIGH,OPEN,2026-09-28 06:41:04,
3062,7841,missing_address,MEDIUM,HIGH,OPEN,2026-09-28 06:41:04,
3063,7842,missing_address,MEDIUM,HIGH,OPEN,2026-09-28 06:41:04,
3064,7843,missing_address,MEDIUM,HIGH,OPEN,2026-09-28 06:41:04,
3065,7844,missing_address,MEDIUM,HIGH,OPEN,2026-09-28 06:41:04,
3066,7845,missing_address,MEDIUM,HIGH,OPEN,2026-09-28 06:41:04,
3067,7846,missing_address,MEDIUM,HIGH,OPEN,2026-09-28 06:41:04,
3068,7847,missing_address,MEDIUM,HIGH,OPEN,2026-09-28 06:41:04,
3069,7848,missing_address,MEDIUM,HIGH,OPEN,2026-09-28 06:41:04,
3070,7849,missing_address,MEDIUM,HIGH,OPEN,2026-09-28 06:41:04,
3071,7850,missing_address,MEDIUM,HIGH,OPEN,2026-09-28 06:41:04,
3072,7851,missing_address,MEDIUM,HIGH,OPEN,2026-09-28 06:41:04,
3073,7852,missing_address,MEDIUM,HIGH,OPEN,2026-09-28 06:41:04,
3074,7853,missing_address,MEDIUM,HIGH,OPEN,2026-09-28 06:41:04,
3075,7854,missing_address,MEDIUM,HIGH,OPEN,2026-09-28 06:41:04,
3076,7855,missing_address,MEDIUM,HIGH,OPEN,2026-09-28 06:41:04,
3077,7856,missing_address,MEDIUM,HIGH,OPEN,2026-09-28 06:41:04,
3078,7857,missing_address,MEDIUM,HIGH,OPEN,2026-09-28 06:41:04,
3079,7858,missing_address,MEDIUM,HIGH,OPEN,2026-09-28 06:41:04,
3080,7859,missing_address,MEDIUM,HIGH,OPEN,2026-09-28 06:41:04,
3081,7860,missing_address,MEDIUM,HIGH,OPEN,2026-09-28 06:41:04,
3082,7861,missing_address,MEDIUM,HIGH,OPEN,2026-09-28 06:41:04,
3083,7862,missing_address,MEDIUM,HIGH,OPEN,2026-09-28 06:41:04,
3084,7863,missing_address,MEDIUM,HIGH,OPEN,2026-09-28 06:41:04,
3085,7864,missing_address,MEDIUM,HIGH,OPEN,2026-09-28 06:41:04,
3086,7865,missing_address,MEDIUM,HIGH,OPEN,2026-09-28 06:41:04,
3087,7866,missing_address,MEDIUM,HIGH,OPEN,2026-09-28 06:41:04,
3088,7867,missing_address,MEDIUM,HIGH,OPEN,2026-09-28 06:41:04,
3089,7868,missing_address,MEDIUM,HIGH,OPEN,2026-09-28 06:41:04,
3090,7869,missing_address,MEDIUM,HIGH,OPEN,2026-09-28 06:41:04,
3091,7870,missing_address,MEDIUM,HIGH,OPEN,2026-09-28 06:41:04,
3092,7871,missing_address,MEDIUM,HIGH,OPEN,2026-09-28 06:41:04,
3093,7872,missing_address,MEDIUM,HIGH,OPEN,2026-09-28 06:41:04,
3094,7873,missing_address,MEDIUM,HIGH,OPEN,2026-09-28 06:41:04,
3095,7874,missing_address,MEDIUM,HIGH,OPEN,2026-09-28 06:41:04,
3096,7875,missing_address,MEDIUM,HIGH,OPEN,2026-09-28 06:41:04,
3097,7876,missing_address,MEDIUM,HIGH,OPEN,2026-09-28 06:41:04,
3098,7877,missing_address,MEDIUM,HIGH,OPEN,2026-09-28 06:41:04,
3099,7878,missing_address,MEDIUM,HIGH,OPEN,2026-09-28 06:41:04,
3100,7879,missing_address,MEDIUM,HIGH,OPEN,2026-09-28 06:41:04,
3101,7880,missing_address,MEDIUM,HIGH,OPEN,2026-09-28 06:41:04,
3102,7881,missing_address,MEDIUM,HIGH,OPEN,2026-09-28 06:41:04,
3103,7882,missing_address,MEDIUM,HIGH,OPEN,2026-09-28 06:41:04,
3104,7883,missing_address,MEDIUM,HIGH,OPEN,2026-09-28 06:41:04,
3105,7884,missing_address,MEDIUM,HIGH,OPEN,2026-09-28 06:41:04,
3106,7885,missing_address,MEDIUM,HIGH,OPEN,2026-09-28 06:41:04,
3107,7886,missing_address,MEDIUM,HIGH,OPEN,2026-09-28 06:41:04,
3108,7887,missing_address,MEDIUM,HIGH,OPEN,2026-09-28 06:41:04,
3109,7888,missing_address,MEDIUM,HIGH,OPEN,2026-09-28 06:41:04,
3110,7889,missing_address,MEDIUM,HIGH,OPEN,2026-09-28 06:41:04,
3111,7890,missing_address,MEDIUM,HIGH,OPEN,2026-09-28 06:41:04,
3112,7891,missing_address,MEDIUM,HIGH,OPEN,2026-09-28 06:41:04,
3113,7892,missing_address,MEDIUM,HIGH,OPEN,2026-09-28 06:41:04,
3114,7893,missing_address,MEDIUM,HIGH,OPEN,2026-09-28 06:41:04,
3115,7894,missing_address,MEDIUM,HIGH,OPEN,2026-09-28 06:41:04,
3116,7895,missing_address,MEDIUM,HIGH,OPEN,2026-09-28 06:41:04,
3117,7896,missing_address,MEDIUM,HIGH,OPEN,2026-09-28 06:41:04,
3118,7897,missing_address,MEDIUM,HIGH,OPEN,2026-09-28 06:41:04,
3119,7898,missing_address,MEDIUM,HIGH,OPEN,2026-09-28 06:41:04,
3120,7899,missing_address,MEDIUM,HIGH,OPEN,2026-09-28 06:41:04,
3121,7900,missing_address,MEDIUM,HIGH,OPEN,2026-09-28 06:41:04,
3122,7901,missing_address,MEDIUM,HIGH,OPEN,2026-09-28 06:41:04,
3123,7902,missing_address,MEDIUM,HIGH,OPEN,2026-09-28 06:41:04,
3124,7903,missing_address,MEDIUM,HIGH,OPEN,2026-09-28 06:41:04,
3125,7904,missing_address,MEDIUM,HIGH,OPEN,2026-09-28 06:41:04,
3126,7905,missing_address,MEDIUM,HIGH,OPEN,2026-09-28 06:41:04,
3127,7906,missing_address,MEDIUM,HIGH,OPEN,2026-09-28 06:41:04,
3128,7907,missing_address,MEDIUM,HIGH,OPEN,2026-09-28 06:41:04,
3129,7908,missing_address,MEDIUM,HIGH,OPEN,2026-09-28 06:41:04,
3130,7909,missing_address,MEDIUM,HIGH,OPEN,2026-09-28 06:41:04,
3131,7910,missing_address,MEDIUM,HIGH,OPEN,2026-09-28 06:41:04,
3132,7911,missing_address,MEDIUM,HIGH,OPEN,2026-09-28 06:41:04,
3133,7912,missing_address,MEDIUM,HIGH,OPEN,2026-09-28 06:41:04,
3134,7913,missing_address,MEDIUM,HIGH,OPEN,2026-09-28 06:41:04,
3135,7914,missing_address,MEDIUM,HIGH,OPEN,2026-09-28 06:41:04,
3136,7915,missing_address,MEDIUM,HIGH,OPEN,2026-09-28 06:41:04,
3137,7916,missing_address,MEDIUM,HIGH,OPEN,2026-09-28 06:41:04,
3138,7917,missing_address,MEDIUM,HIGH,OPEN,2026-09-28 06:41:04,
3139,7918,missing_address,MEDIUM,HIGH,OPEN,2026-09-28 06:41:04,
3140,7919,missing_address,MEDIUM,HIGH,OPEN,2026-09-28 06:41:04,
3141,7920,missing_address,MEDIUM,HIGH,OPEN,2026-09-28 06:41:04,
3142,7921,missing_address,MEDIUM,HIGH,OPEN,2026-09-28 06:41:04,
3143,7922,missing_address,MEDIUM,HIGH,OPEN,2026-09-28 06:41:04,
3144,7923,missing_address,MEDIUM,HIGH,OPEN,2026-09-28 06:41:04,
3145,7924,missing_address,MEDIUM,HIGH,OPEN,2026-09-28 06:41:04,
3146,7925,missing_address,MEDIUM,HIGH,OPEN,2026-09-28 06:41:04,
3147,7926,missing_address,MEDIUM,HIGH,OPEN,2026-09-28 06:41:04,
3148,7927,missing_address,MEDIUM,HIGH,OPEN,2026-09-28 06:41:04,
3149,7928,missing_address,MEDIUM,HIGH,OPEN,2026-09-28 06:41:04,
3150,7929,missing_address,MEDIUM,HIGH,OPEN,2026-09-28 06:41:04,
3151,7930,missing_address,MEDIUM,HIGH,OPEN,2026-09-28 06:41:04,
3152,7931,missing_address,MEDIUM,HIGH,OPEN,2026-09-28 06:41:04,
3153,7932,missing_address,MEDIUM,HIGH,OPEN,2026-09-28 06:41:04,
3154,7933,missing_address,MEDIUM,HIGH,OPEN,2026-09-28 06:41:04,
3155,7934,missing_address,MEDIUM,HIGH,OPEN,2026-09-28 06:41:04,
3156,7935,missing_address,MEDIUM,HIGH,OPEN,2026-09-28 06:41:04,
3157,7936,missing_address,MEDIUM,HIGH,OPEN,2026-09-28 06:41:04,
3158,7937,missing_address,MEDIUM,HIGH,OPEN,2026-09-28 06:41:04,
3159,7938,missing_address,MEDIUM,HIGH,OPEN,2026-09-28 06:41:04,
3160,7939,missing_address,MEDIUM,HIGH,OPEN,2026-09-28 06:41:04,
3161,7940,missing_address,MEDIUM,HIGH,OPEN,2026-09-28 06:41:04,
3162,7941,missing_address,MEDIUM,HIGH,OPEN,2026-09-28 06:41:04,
3163,7942,missing_address,MEDIUM,HIGH,OPEN,2026-09-28 06:41:04,
3164,7943,missing_address,MEDIUM,HIGH,OPEN,2026-09-28 06:41:04,
3165,7944,missing_address,MEDIUM,HIGH,OPEN,2026-09-28 06:41:04,
3166,7945,missing_address,MEDIUM,HIGH,OPEN,2026-09-28 06:41:04,
3167,7946,missing_address,MEDIUM,HIGH,OPEN,2026-09-28 06:41:04,
3168,7947,missing_address,MEDIUM,HIGH,OPEN,2026-09-28 06:41:04,
3169,7948,missing_address,MEDIUM,HIGH,OPEN,2026-09-28 06:41:04,
3170,7949,missing_address,MEDIUM,HIGH,OPEN,2026-09-28 06:41:04,
3171,7950,missing_address,MEDIUM,HIGH,OPEN,2026-09-28 06:41:04,
3172,7951,missing_address,MEDIUM,HIGH,OPEN,2026-09-28 06:41:04,
3173,7952,missing_address,MEDIUM,HIGH,OPEN,2026-09-28 06:41:04,
3174,7953,missing_address,MEDIUM,HIGH,OPEN,2026-09-28 06:41:04,
3175,7954,missing_address,MEDIUM,HIGH,OPEN,2026-09-28 06:41:04,
3176,7955,missing_address,MEDIUM,HIGH,OPEN,2026-09-28 06:41:04,
3177,7956,missing_address,MEDIUM,HIGH,OPEN,2026-09-28 06:41:04,
3178,7957,missing_address,MEDIUM,HIGH,OPEN,2026-09-28 06:41:04,
3179,7958,missing_address,MEDIUM,HIGH,OPEN,2026-09-28 06:41:04,
3180,7959,missing_address,MEDIUM,HIGH,OPEN,2026-09-28 06:41:04,
3181,7960,missing_address,MEDIUM,HIGH,OPEN,2026-09-28 06:41:04,
3182,7961,missing_address,MEDIUM,HIGH,OPEN,2026-09-28 06:41:04,
3183,7962,missing_address,MEDIUM,HIGH,OPEN,2026-09-28 06:41:04,
3184,7963,missing_address,MEDIUM,HIGH,OPEN,2026-09-28 06:41:04,
3185,7964,missing_address,MEDIUM,HIGH,OPEN,2026-09-28 06:41:04,
3186,7965,missing_address,MEDIUM,HIGH,OPEN,2026-09-28 06:41:04,
3187,7966,missing_address,MEDIUM,HIGH,OPEN,2026-09-28 06:41:04,
3188,7967,missing_address,MEDIUM,HIGH,OPEN,2026-09-28 06:41:04,
3189,7968,missing_address,MEDIUM,HIGH,OPEN,2026-09-28 06:41:04,
3190,7969,missing_address,MEDIUM,HIGH,OPEN,2026-09-28 06:41:04,
3191,7970,missing_address,MEDIUM,HIGH,OPEN,2026-09-28 06:41:04,
3192,7971,missing_address,MEDIUM,HIGH,OPEN,2026-09-28 06:41:04,
3193,7972,missing_address,MEDIUM,HIGH,OPEN,2026-09-28 06:41:04,
3194,7973,missing_address,MEDIUM,HIGH,OPEN,2026-09-28 06:41:04,
3195,7974,missing_address,MEDIUM,HIGH,OPEN,2026-09-28 06:41:04,
3196,7975,missing_address,MEDIUM,HIGH,OPEN,2026-09-28 06:41:04,
3197,7976,missing_address,MEDIUM,HIGH,OPEN,2026-09-28 06:41:04,
3198,7977,missing_address,MEDIUM,HIGH,OPEN,2026-09-28 06:41:04,
3199,7978,missing_address,MEDIUM,HIGH,OPEN,2026-09-28 06:41:04,
3200,7979,missing_address,MEDIUM,HIGH,OPEN,2026-09-28 06:41:04,
3201,7980,missing_address,MEDIUM,HIGH,OPEN,2026-09-28 06:41:04,
3202,7981,missing_address,MEDIUM,HIGH,OPEN,2026-09-28 06:41:04,
3203,7982,missing_address,MEDIUM,HIGH,OPEN,2026-09-28 06:41:04,
3204,7983,missing_address,MEDIUM,HIGH,OPEN,2026-09-28 06:41:04,
3205,7984,missing_address,MEDIUM,HIGH,OPEN,2026-09-28 06:41:04,
3206,7985,missing_address,MEDIUM,HIGH,OPEN,2026-09-28 06:41:04,
3207,7986,missing_address,MEDIUM,HIGH,OPEN,2026-09-28 06:41:04,
3208,7987,missing_address,MEDIUM,HIGH,OPEN,2026-09-28 06:41:04,
3209,7988,missing_address,MEDIUM,HIGH,OPEN,2026-09-28 06:41:04,
3210,7989,missing_address,MEDIUM,HIGH,OPEN,2026-09-28 06:41:04,
3211,7990,missing_address,MEDIUM,HIGH,OPEN,2026-09-28 06:41:04,
3212,7991,missing_address,MEDIUM,HIGH,OPEN,2026-09-28 06:41:04,
3213,7992,missing_address,MEDIUM,HIGH,OPEN,2026-09-28 06:41:04,
3214,7993,missing_address,MEDIUM,HIGH,OPEN,2026-09-28 06:41:04,
3215,7994,missing_address,MEDIUM,HIGH,OPEN,2026-09-28 06:41:04,
3216,7995,missing_address,MEDIUM,HIGH,OPEN,2026-09-28 06:41:04,
3217,7996,missing_address,MEDIUM,HIGH,OPEN,2026-09-28 06:41:04,
3218,7997,missing_address,MEDIUM,HIGH,OPEN,2026-09-28 06:41:04,
3219,7998,missing_address,MEDIUM,HIGH,OPEN,2026-09-28 06:41:04,
3220,7999,missing_address,MEDIUM,HIGH,OPEN,2026-09-28 06:41:04,
3221,8000,missing_address,MEDIUM,HIGH,OPEN,2026-09-28 06:41:04,
3222,8001,missing_address,MEDIUM,HIGH,OPEN,2026-09-28 06:41:04,
3223,8002,missing_address,MEDIUM,HIGH,OPEN,2026-09-28 06:41:04,
3224,8003,missing_address,MEDIUM,HIGH,OPEN,2026-09-28 06:41:04,
3225,8004,missing_address,MEDIUM,HIGH,OPEN,2026-09-28 06:41:04,
3226,8005,missing_address,MEDIUM,HIGH,OPEN,2026-09-28 06:41:04,
3227,8006,missing_address,MEDIUM,HIGH,OPEN,2026-09-28 06:41:04,
3228,8007,missing_address,MEDIUM,HIGH,OPEN,2026-09-28 06:41:04,
3229,8008,missing_address,MEDIUM,HIGH,OPEN,2026-09-28 06:41:04,
3230,8009,missing_address,MEDIUM,HIGH,OPEN,2026-09-28 06:41:04,
3231,8010,missing_address,MEDIUM,HIGH,OPEN,2026-09-28 06:41:04,
3232,8011,missing_address,MEDIUM,HIGH,OPEN,2026-09-28 06:41:04,
3233,8012,missing_address,MEDIUM,HIGH,OPEN,2026-09-28 06:41:04,
3234,8013,missing_address,MEDIUM,HIGH,OPEN,2026-09-28 06:41:04,
3235,8014,missing_address,MEDIUM,HIGH,OPEN,2026-09-28 06:41:04,
3236,8015,missing_address,MEDIUM,HIGH,OPEN,2026-09-28 06:41:04,
3237,8016,missing_address,MEDIUM,HIGH,OPEN,2026-09-28 06:41:04,
3238,8017,missing_address,MEDIUM,HIGH,OPEN,2026-09-28 06:41:04,
3239,8018,missing_address,MEDIUM,HIGH,OPEN,2026-09-28 06:41:04,
3240,8019,missing_address,MEDIUM,HIGH,OPEN,2026-09-28 06:41:04,
3241,8020,missing_address,MEDIUM,HIGH,OPEN,2026-09-28 06:41:04,
3242,8021,missing_address,MEDIUM,HIGH,OPEN,2026-09-28 06:41:04,
3243,8022,missing_address,MEDIUM,HIGH,OPEN,2026-09-28 06:41:04,
3244,8023,missing_address,MEDIUM,HIGH,OPEN,2026-09-28 06:41:04,
3245,8024,missing_address,MEDIUM,HIGH,OPEN,2026-09-28 06:41:04,
3246,8025,missing_address,MEDIUM,HIGH,OPEN,2026-09-28 06:41:04,
3247,8026,missing_address,MEDIUM,HIGH,OPEN,2026-09-28 06:41:04,
3248,8027,missing_address,MEDIUM,HIGH,OPEN,2026-09-28 06:41:04,
3249,8028,missing_address,MEDIUM,HIGH,OPEN,2026-09-28 06:41:04,
3250,8029,missing_address,MEDIUM,HIGH,OPEN,2026-09-28 06:41:04,
3251,8030,missing_address,MEDIUM,HIGH,OPEN,2026-09-28 06:41:04,
3252,8031,missing_address,MEDIUM,HIGH,OPEN,2026-09-28 06:41:04,
3253,8032,missing_address,MEDIUM,HIGH,OPEN,2026-09-28 06:41:04,
3254,8033,missing_address,MEDIUM,HIGH,OPEN,2026-09-28 06:41:04,
3255,8034,missing_address,MEDIUM,HIGH,OPEN,2026-09-28 06:41:04,
3256,8035,missing_address,MEDIUM,HIGH,OPEN,2026-09-28 06:41:04,
3257,8036,missing_address,MEDIUM,HIGH,OPEN,2026-09-28 06:41:04,
3258,8037,missing_address,MEDIUM,HIGH,OPEN,2026-09-28 06:41:04,
3259,8038,missing_address,MEDIUM,HIGH,OPEN,2026-09-28 06:41:04,
3260,8039,missing_address,MEDIUM,HIGH,OPEN,2026-09-28 06:41:04,
3261,8040,missing_address,MEDIUM,HIGH,OPEN,2026-09-28 06:41:04,
3262,8041,missing_address,MEDIUM,HIGH,OPEN,2026-09-28 06:41:04,
3263,8042,missing_address,MEDIUM,HIGH,OPEN,2026-09-28 06:41:04,
3264,8043,missing_address,MEDIUM,HIGH,OPEN,2026-09-28 06:41:04,
3265,8044,missing_address,MEDIUM,HIGH,OPEN,2026-09-28 06:41:04,
3266,8045,missing_address,MEDIUM,HIGH,OPEN,2026-09-28 06:41:04,
3267,8046,missing_address,MEDIUM,HIGH,OPEN,2026-09-28 06:41:04,
3268,8047,missing_address,MEDIUM,HIGH,OPEN,2026-09-28 06:41:04,
3269,8048,missing_address,MEDIUM,HIGH,OPEN,2026-09-28 06:41:04,
3270,8049,missing_address,MEDIUM,HIGH,OPEN,2026-09-28 06:41:04,
3271,8050,missing_address,MEDIUM,HIGH,OPEN,2026-09-28 06:41:04,
3272,8051,missing_address,MEDIUM,HIGH,OPEN,2026-09-28 06:41:04,
3273,8052,missing_address,MEDIUM,HIGH,OPEN,2026-09-28 06:41:04,
3274,8053,missing_address,MEDIUM,HIGH,OPEN,2026-09-28 06:41:04,
3275,8054,missing_address,MEDIUM,HIGH,OPEN,2026-09-28 06:41:04,
3276,8055,missing_address,MEDIUM,HIGH,OPEN,2026-09-28 06:41:04,
3277,8056,missing_address,MEDIUM,HIGH,OPEN,2026-09-28 06:41:04,
3278,8057,missing_address,MEDIUM,HIGH,OPEN,2026-09-28 06:41:04,
3279,8058,missing_address,MEDIUM,HIGH,OPEN,2026-09-28 06:41:04,
3280,8059,missing_address,MEDIUM,HIGH,OPEN,2026-09-28 06:41:04,
3281,8060,missing_address,MEDIUM,HIGH,OPEN,2026-09-28 06:41:04,
3282,8061,missing_address,MEDIUM,HIGH,OPEN,2026-09-28 06:41:04,
3283,8062,missing_address,MEDIUM,HIGH,OPEN,2026-09-28 06:41:04,
3284,8063,missing_address,MEDIUM,HIGH,OPEN,2026-09-28 06:41:04,
3285,8064,missing_address,MEDIUM,HIGH,OPEN,2026-09-28 06:41:04,
3286,8065,missing_address,MEDIUM,HIGH,OPEN,2026-09-28 06:41:04,
3287,8066,missing_address,MEDIUM,HIGH,OPEN,2026-09-28 06:41:04,
3288,8067,missing_address,MEDIUM,HIGH,OPEN,2026-09-28 06:41:04,
3289,8068,missing_address,MEDIUM,HIGH,OPEN,2026-09-28 06:41:04,
3290,8069,missing_address,MEDIUM,HIGH,OPEN,2026-09-28 06:41:04,
3291,8070,missing_address,MEDIUM,HIGH,OPEN,2026-09-28 06:41:04,
3292,8071,missing_address,MEDIUM,HIGH,OPEN,2026-09-28 06:41:04,
3293,8072,missing_address,MEDIUM,HIGH,OPEN,2026-09-28 06:41:04,
3294,8073,missing_address,MEDIUM,HIGH,OPEN,2026-09-28 06:41:04,
3295,8074,missing_address,MEDIUM,HIGH,OPEN,2026-09-28 06:41:04,
3296,8075,missing_address,MEDIUM,HIGH,OPEN,2026-09-28 06:41:04,
3297,8076,missing_address,MEDIUM,HIGH,OPEN,2026-09-28 06:41:04,
3298,8077,missing_address,MEDIUM,HIGH,OPEN,2026-09-28 06:41:04,
3299,8078,missing_address,MEDIUM,HIGH,OPEN,2026-09-28 06:41:04,
3300,8079,missing_address,MEDIUM,HIGH,OPEN,2026-09-28 06:41:04,
3301,8080,missing_address,MEDIUM,HIGH,OPEN,2026-09-28 06:41:04,
3302,8081,missing_address,MEDIUM,HIGH,OPEN,2026-09-28 06:41:04,
3303,8082,missing_address,MEDIUM,HIGH,OPEN,2026-09-28 06:41:04,
3304,8083,missing_address,MEDIUM,HIGH,OPEN,2026-09-28 06:41:04,
3305,8084,missing_address,MEDIUM,HIGH,OPEN,2026-09-28 06:41:04,
3306,8085,missing_address,MEDIUM,HIGH,OPEN,2026-09-28 06:41:04,
3307,8086,missing_address,MEDIUM,HIGH,OPEN,2026-09-28 06:41:04,
3308,8087,missing_address,MEDIUM,HIGH,OPEN,2026-09-28 06:41:04,
3309,8088,missing_address,MEDIUM,HIGH,OPEN,2026-09-28 06:41:04,
3310,8089,missing_address,MEDIUM,HIGH,OPEN,2026-09-28 06:41:04,
3311,8090,missing_address,MEDIUM,HIGH,OPEN,2026-09-28 06:41:04,
3312,8091,missing_address,MEDIUM,HIGH,OPEN,2026-09-28 06:41:04,
3313,8092,missing_address,MEDIUM,HIGH,OPEN,2026-09-28 06:41:04,
3314,8093,missing_address,MEDIUM,HIGH,OPEN,2026-09-28 06:41:04,
3315,8094,missing_address,MEDIUM,HIGH,OPEN,2026-09-28 06:41:04,
3316,8095,missing_address,MEDIUM,HIGH,OPEN,2026-09-28 06:41:04,
3317,8096,missing_address,MEDIUM,HIGH,OPEN,2026-09-28 06:41:04,
3318,8097,missing_address,MEDIUM,HIGH,OPEN,2026-09-28 06:41:04,
3319,8098,missing_address,MEDIUM,HIGH,OPEN,2026-09-28 06:41:04,
3320,8099,missing_address,MEDIUM,HIGH,OPEN,2026-09-28 06:41:04,
3321,8100,missing_address,MEDIUM,HIGH,OPEN,2026-09-28 06:41:04,
3322,8101,missing_address,MEDIUM,HIGH,OPEN,2026-09-28 06:41:04,
3323,8102,missing_address,MEDIUM,HIGH,OPEN,2026-09-28 06:41:04,
3324,8103,missing_address,MEDIUM,HIGH,OPEN,2026-09-28 06:41:04,
3325,8104,missing_address,MEDIUM,HIGH,OPEN,2026-09-28 06:41:04,
3326,8105,missing_address,MEDIUM,HIGH,OPEN,2026-09-28 06:41:04,
3327,8106,missing_address,MEDIUM,HIGH,OPEN,2026-09-28 06:41:04,
3328,8107,missing_address,MEDIUM,HIGH,OPEN,2026-09-28 06:41:04,
3329,8108,missing_address,MEDIUM,HIGH,OPEN,2026-09-28 06:41:04,
3330,8109,missing_address,MEDIUM,HIGH,OPEN,2026-09-28 06:41:04,
3331,8110,missing_address,MEDIUM,HIGH,OPEN,2026-09-28 06:41:04,
3332,8111,missing_address,MEDIUM,HIGH,OPEN,2026-09-28 06:41:04,
3333,8112,missing_address,MEDIUM,HIGH,OPEN,2026-09-28 06:41:04,
3334,8113,missing_address,MEDIUM,HIGH,OPEN,2026-09-28 06:41:04,
3335,8114,missing_address,MEDIUM,HIGH,OPEN,2026-09-28 06:41:04,
3336,8115,missing_address,MEDIUM,HIGH,OPEN,2026-09-28 06:41:04,
3337,8116,missing_address,MEDIUM,HIGH,OPEN,2026-09-28 06:41:04,
3338,8117,missing_address,MEDIUM,HIGH,OPEN,2026-09-28 06:41:04,
3339,8118,missing_address,MEDIUM,HIGH,OPEN,2026-09-28 06:41:04,
3340,8119,missing_address,MEDIUM,HIGH,OPEN,2026-09-28 06:41:04,
3341,8120,missing_address,MEDIUM,HIGH,OPEN,2026-09-28 06:41:04,
3342,8121,missing_address,MEDIUM,HIGH,OPEN,2026-09-28 06:41:04,
3343,8122,missing_address,MEDIUM,HIGH,OPEN,2026-09-28 06:41:04,
3344,8123,missing_address,MEDIUM,HIGH,OPEN,2026-09-28 06:41:04,
3345,8124,missing_address,MEDIUM,HIGH,OPEN,2026-09-28 06:41:04,
3346,8125,missing_address,MEDIUM,HIGH,OPEN,2026-09-28 06:41:04,
3347,8126,missing_address,MEDIUM,HIGH,OPEN,2026-09-28 06:41:04,
3348,8127,missing_address,MEDIUM,HIGH,OPEN,2026-09-28 06:41:04,
3349,8128,missing_address,MEDIUM,HIGH,OPEN,2026-09-28 06:41:04,
3350,8129,missing_address,MEDIUM,HIGH,OPEN,2026-09-28 06:41:04,
3351,8130,missing_address,MEDIUM,HIGH,OPEN,2026-09-28 06:41:04,
3352,8131,missing_address,MEDIUM,HIGH,OPEN,2026-09-28 06:41:04,
3353,8132,missing_address,MEDIUM,HIGH,OPEN,2026-09-28 06:41:04,
3354,8133,missing_address,MEDIUM,HIGH,OPEN,2026-09-28 06:41:04,
3355,8134,missing_address,MEDIUM,HIGH,OPEN,2026-09-28 06:41:04,
3356,8135,missing_address,MEDIUM,HIGH,OPEN,2026-09-28 06:41:04,
3357,8136,missing_address,MEDIUM,HIGH,OPEN,2026-09-28 06:41:04,
3358,8137,missing_address,MEDIUM,HIGH,OPEN,2026-09-28 06:41:04,
3359,8138,missing_address,MEDIUM,HIGH,OPEN,2026-09-28 06:41:04,
3360,8139,missing_address,MEDIUM,HIGH,OPEN,2026-09-28 06:41:04,
3361,8140,missing_address,MEDIUM,HIGH,OPEN,2026-09-28 06:41:04,
3362,8141,missing_address,MEDIUM,HIGH,OPEN,2026-09-28 06:41:04,
3363,8142,missing_address,MEDIUM,HIGH,OPEN,2026-09-28 06:41:04,
3364,8143,missing_address,MEDIUM,HIGH,OPEN,2026-09-28 06:41:04,
3365,8144,missing_address,MEDIUM,HIGH,OPEN,2026-09-28 06:41:04,
3366,8145,missing_address,MEDIUM,HIGH,OPEN,2026-09-28 06:41:04,
3367,8146,missing_address,MEDIUM,HIGH,OPEN,2026-09-28 06:41:04,
3368,8147,missing_address,MEDIUM,HIGH,OPEN,2026-09-28 06:41:04,
3369,8148,missing_address,MEDIUM,HIGH,OPEN,2026-09-28 06:41:04,
3370,8149,missing_address,MEDIUM,HIGH,OPEN,2026-09-28 06:41:04,
3371,8150,missing_address,MEDIUM,HIGH,OPEN,2026-09-28 06:41:04,
3372,8151,missing_address,MEDIUM,HIGH,OPEN,2026-09-28 06:41:04,
3373,8152,missing_address,MEDIUM,HIGH,OPEN,2026-09-28 06:41:04,
3374,8153,missing_address,MEDIUM,HIGH,OPEN,2026-09-28 06:41:04,
3375,8154,missing_address,MEDIUM,HIGH,OPEN,2026-09-28 06:41:04,
3376,8155,missing_address,MEDIUM,HIGH,OPEN,2026-09-28 06:41:04,
3377,8156,missing_address,MEDIUM,HIGH,OPEN,2026-09-28 06:41:04,
3378,8157,missing_address,MEDIUM,HIGH,OPEN,2026-09-28 06:41:04,
3379,8158,missing_address,MEDIUM,HIGH,OPEN,2026-09-28 06:41:04,
3380,8159,missing_address,MEDIUM,HIGH,OPEN,2026-09-28 06:41:04,
3381,8160,missing_address,MEDIUM,HIGH,OPEN,2026-09-28 06:41:04,
3382,8161,missing_address,MEDIUM,HIGH,OPEN,2026-09-28 06:41:04,
3383,8162,missing_address,MEDIUM,HIGH,OPEN,2026-09-28 06:41:04,
3384,8163,missing_address,MEDIUM,HIGH,OPEN,2026-09-28 06:41:04,
3385,8164,missing_address,MEDIUM,HIGH,OPEN,2026-09-28 06:41:04,
3386,8165,missing_address,MEDIUM,HIGH,OPEN,2026-09-28 06:41:04,
3387,8166,missing_address,MEDIUM,HIGH,OPEN,2026-09-28 06:41:04,
3388,8167,missing_address,MEDIUM,HIGH,OPEN,2026-09-28 06:41:04,
3389,8168,missing_address,MEDIUM,HIGH,OPEN,2026-09-28 06:41:04,
3390,8169,missing_address,MEDIUM,HIGH,OPEN,2026-09-28 06:41:04,
3391,8170,missing_address,MEDIUM,HIGH,OPEN,2026-09-28 06:41:04,
3392,8171,missing_address,MEDIUM,HIGH,OPEN,2026-09-28 06:41:04,
3393,8172,missing_address,MEDIUM,HIGH,OPEN,2026-09-28 06:41:04,
3394,8173,missing_address,MEDIUM,HIGH,OPEN,2026-09-28 06:41:04,
3395,8174,missing_address,MEDIUM,HIGH,OPEN,2026-09-28 06:41:04,
3396,8175,missing_address,MEDIUM,HIGH,OPEN,2026-09-28 06:41:04,
3397,8176,missing_address,MEDIUM,HIGH,OPEN,2026-09-28 06:41:04,
3398,8177,missing_address,MEDIUM,HIGH,OPEN,2026-09-28 06:41:04,
3399,8178,missing_address,MEDIUM,HIGH,OPEN,2026-09-28 06:41:04,
3400,8179,missing_address,MEDIUM,HIGH,OPEN,2026-09-28 06:41:04,
3401,8180,missing_address,MEDIUM,HIGH,OPEN,2026-09-28 06:41:04,
3402,8181,missing_address,MEDIUM,HIGH,OPEN,2026-09-28 06:41:04,
3403,8182,missing_address,MEDIUM,HIGH,OPEN,2026-09-28 06:41:04,
3404,8183,missing_address,MEDIUM,HIGH,OPEN,2026-09-28 06:41:04,
3405,8184,missing_address,MEDIUM,HIGH,OPEN,2026-09-28 06:41:04,
3406,8185,missing_address,MEDIUM,HIGH,OPEN,2026-09-28 06:41:04,
3407,8186,missing_address,MEDIUM,HIGH,OPEN,2026-09-28 06:41:04,
3408,8187,missing_address,MEDIUM,HIGH,OPEN,2026-09-28 06:41:04,
3409,8188,missing_address,MEDIUM,HIGH,OPEN,2026-09-28 06:41:04,
3410,8189,missing_address,MEDIUM,HIGH,OPEN,2026-09-28 06:41:04,
3411,8190,missing_address,MEDIUM,HIGH,OPEN,2026-09-28 06:41:04,
3412,8191,missing_address,MEDIUM,HIGH,OPEN,2026-09-28 06:41:04,
3413,8192,missing_address,MEDIUM,HIGH,OPEN,2026-09-28 06:41:04,
3414,8193,missing_address,MEDIUM,HIGH,OPEN,2026-09-28 06:41:04,
3415,8194,missing_address,MEDIUM,HIGH,OPEN,2026-09-28 06:41:04,
3416,8195,missing_address,MEDIUM,HIGH,OPEN,2026-09-28 06:41:04,
3417,8196,missing_address,MEDIUM,HIGH,OPEN,2026-09-28 06:41:04,
3418,8197,missing_address,MEDIUM,HIGH,OPEN,2026-09-28 06:41:04,
3419,8198,missing_address,MEDIUM,HIGH,OPEN,2026-09-28 06:41:04,
3420,8199,missing_address,MEDIUM,HIGH,OPEN,2026-09-28 06:41:04,
3421,8200,missing_address,MEDIUM,HIGH,OPEN,2026-09-28 06:41:04,
3422,8201,missing_address,MEDIUM,HIGH,OPEN,2026-09-28 06:41:04,
3423,8202,missing_address,MEDIUM,HIGH,OPEN,2026-09-28 06:41:04,
3424,8203,missing_address,MEDIUM,HIGH,OPEN,2026-09-28 06:41:04,
3425,8204,missing_address,MEDIUM,HIGH,OPEN,2026-09-28 06:41:04,
3426,8205,missing_address,MEDIUM,HIGH,OPEN,2026-09-28 06:41:04,
3427,8206,missing_address,MEDIUM,HIGH,OPEN,2026-09-28 06:41:04,
3428,8207,missing_address,MEDIUM,HIGH,OPEN,2026-09-28 06:41:04,
3429,8208,missing_address,MEDIUM,HIGH,OPEN,2026-09-28 06:41:04,
3430,8209,missing_address,MEDIUM,HIGH,OPEN,2026-09-28 06:41:04,
3431,8210,missing_address,MEDIUM,HIGH,OPEN,2026-09-28 06:41:04,
3432,8211,missing_address,MEDIUM,HIGH,OPEN,2026-09-28 06:41:04,
3433,8212,missing_address,MEDIUM,HIGH,OPEN,2026-09-28 06:41:04,
3434,8213,missing_address,MEDIUM,HIGH,OPEN,2026-09-28 06:41:04,
3435,8214,missing_address,MEDIUM,HIGH,OPEN,2026-09-28 06:41:04,
3436,8215,missing_address,MEDIUM,HIGH,OPEN,2026-09-28 06:41:04,
3437,8216,missing_address,MEDIUM,HIGH,OPEN,2026-09-28 06:41:04,
3438,8217,missing_address,MEDIUM,HIGH,OPEN,2026-09-28 06:41:04,
3439,8218,missing_address,MEDIUM,HIGH,OPEN,2026-09-28 06:41:04,
3440,8219,missing_address,MEDIUM,HIGH,OPEN,2026-09-28 06:41:04,
3441,8220,missing_address,MEDIUM,HIGH,OPEN,2026-09-28 06:41:04,
3442,8221,missing_address,MEDIUM,HIGH,OPEN,2026-09-28 06:41:04,
3443,8222,missing_address,MEDIUM,HIGH,OPEN,2026-09-28 06:41:04,
3444,8223,missing_address,MEDIUM,HIGH,OPEN,2026-09-28 06:41:04,
3445,8224,missing_address,MEDIUM,HIGH,OPEN,2026-09-28 06:41:04,
3446,8225,missing_address,MEDIUM,HIGH,OPEN,2026-09-28 06:41:04,
3447,8226,missing_address,MEDIUM,HIGH,OPEN,2026-09-28 06:41:04,
3448,8227,missing_address,MEDIUM,HIGH,OPEN,2026-09-28 06:41:04,
3449,8228,missing_address,MEDIUM,HIGH,OPEN,2026-09-28 06:41:04,
3450,8229,missing_address,MEDIUM,HIGH,OPEN,2026-09-28 06:41:04,
3451,8230,missing_address,MEDIUM,HIGH,OPEN,2026-09-28 06:41:04,
3452,8231,missing_address,MEDIUM,HIGH,OPEN,2026-09-28 06:41:04,
3453,8232,missing_address,MEDIUM,HIGH,OPEN,2026-09-28 06:41:04,
3454,8233,missing_address,MEDIUM,HIGH,OPEN,2026-09-28 06:41:04,
3455,8234,missing_address,MEDIUM,HIGH,OPEN,2026-09-28 06:41:04,
3456,8235,missing_address,MEDIUM,HIGH,OPEN,2026-09-28 06:41:04,
3457,8236,missing_address,MEDIUM,HIGH,OPEN,2026-09-28 06:41:04,
3458,8237,missing_address,MEDIUM,HIGH,OPEN,2026-09-28 06:41:04,
3459,8238,missing_address,MEDIUM,HIGH,OPEN,2026-09-28 06:41:04,
3460,8239,missing_address,MEDIUM,HIGH,OPEN,2026-09-28 06:41:04,
3461,8240,missing_address,MEDIUM,HIGH,OPEN,2026-09-28 06:41:04,
3462,8241,missing_address,MEDIUM,HIGH,OPEN,2026-09-28 06:41:04,
3463,8242,missing_address,MEDIUM,HIGH,OPEN,2026-09-28 06:41:04,
3464,8243,missing_address,MEDIUM,HIGH,OPEN,2026-09-28 06:41:04,
3465,8244,missing_address,MEDIUM,HIGH,OPEN,2026-09-28 06:41:04,
3466,8245,missing_address,MEDIUM,HIGH,OPEN,2026-09-28 06:41:04,
3467,8246,missing_address,MEDIUM,HIGH,OPEN,2026-09-28 06:41:04,
3468,8247,missing_address,MEDIUM,HIGH,OPEN,2026-09-28 06:41:04,
3469,8248,missing_address,MEDIUM,HIGH,OPEN,2026-09-28 06:41:04,
3470,8249,missing_address,MEDIUM,HIGH,OPEN,2026-09-28 06:41:04,
3471,8250,missing_address,MEDIUM,HIGH,OPEN,2026-09-28 06:41:04,
3472,8251,missing_address,MEDIUM,HIGH,OPEN,2026-09-28 06:41:04,
3473,8252,missing_address,MEDIUM,HIGH,OPEN,2026-09-28 06:41:04,
3474,8253,missing_address,MEDIUM,HIGH,OPEN,2026-09-28 06:41:04,
3475,8254,missing_address,MEDIUM,HIGH,OPEN,2026-09-28 06:41:04,
3476,8255,missing_address,MEDIUM,HIGH,OPEN,2026-09-28 06:41:04,
3477,8256,missing_address,MEDIUM,HIGH,OPEN,2026-09-28 06:41:04,
3478,8257,missing_address,MEDIUM,HIGH,OPEN,2026-09-28 06:41:04,
3479,8258,missing_address,MEDIUM,HIGH,OPEN,2026-09-28 06:41:04,
3480,8259,missing_address,MEDIUM,HIGH,OPEN,2026-09-28 06:41:04,
3481,8260,missing_address,MEDIUM,HIGH,OPEN,2026-09-28 06:41:04,
3482,8261,missing_address,MEDIUM,HIGH,OPEN,2026-09-28 06:41:04,
3483,8262,missing_address,MEDIUM,HIGH,OPEN,2026-09-28 06:41:04,
3484,8263,missing_address,MEDIUM,HIGH,OPEN,2026-09-28 06:41:04,
3485,8264,missing_address,MEDIUM,HIGH,OPEN,2026-09-28 06:41:04,
3486,8265,missing_address,MEDIUM,HIGH,OPEN,2026-09-28 06:41:04,
3487,8266,missing_address,MEDIUM,HIGH,OPEN,2026-09-28 06:41:04,
3488,8267,missing_address,MEDIUM,HIGH,OPEN,2026-09-28 06:41:04,
3489,8268,missing_address,MEDIUM,HIGH,OPEN,2026-09-28 06:41:04,
3490,8269,missing_address,MEDIUM,HIGH,OPEN,2026-09-28 06:41:04,
3491,8270,missing_address,MEDIUM,HIGH,OPEN,2026-09-28 06:41:04,
3492,8271,missing_address,MEDIUM,HIGH,OPEN,2026-09-28 06:41:04,
3493,8272,missing_address,MEDIUM,HIGH,OPEN,2026-09-28 06:41:04,
3494,8273,missing_address,MEDIUM,HIGH,OPEN,2026-09-28 06:41:04,
3495,8274,missing_address,MEDIUM,HIGH,OPEN,2026-09-28 06:41:04,
3496,8275,missing_address,MEDIUM,HIGH,OPEN,2026-09-28 06:41:04,
3497,8276,missing_address,MEDIUM,HIGH,OPEN,2026-09-28 06:41:04,
3498,8277,missing_address,MEDIUM,HIGH,OPEN,2026-09-28 06:41:04,
3499,8278,missing_address,MEDIUM,HIGH,OPEN,2026-09-28 06:41:04,
3500,8279,missing_address,MEDIUM,HIGH,OPEN,2026-09-28 06:41:04,
3501,8280,missing_address,MEDIUM,HIGH,OPEN,2026-09-28 06:41:04,
3502,8281,missing_address,MEDIUM,HIGH,OPEN,2026-09-28 06:41:04,
3503,8282,missing_address,MEDIUM,HIGH,OPEN,2026-09-28 06:41:04,
3504,8283,missing_address,MEDIUM,HIGH,OPEN,2026-09-28 06:41:04,
3505,8284,missing_address,MEDIUM,HIGH,OPEN,2026-09-28 06:41:04,
3506,8285,missing_address,MEDIUM,HIGH,OPEN,2026-09-28 06:41:04,
3507,8286,missing_address,MEDIUM,HIGH,OPEN,2026-09-28 06:41:04,
3508,8287,missing_address,MEDIUM,HIGH,OPEN,2026-09-28 06:41:04,
3509,8288,missing_address,MEDIUM,HIGH,OPEN,2026-09-28 06:41:04,
3510,8289,missing_address,MEDIUM,HIGH,OPEN,2026-09-28 06:41:04,
3511,8290,missing_address,MEDIUM,HIGH,OPEN,2026-09-28 06:41:04,
3512,8291,missing_address,MEDIUM,HIGH,OPEN,2026-09-28 06:41:04,
3513,8292,missing_address,MEDIUM,HIGH,OPEN,2026-09-28 06:41:04,
3514,8293,missing_address,MEDIUM,HIGH,OPEN,2026-09-28 06:41:04,
3515,8294,missing_address,MEDIUM,HIGH,OPEN,2026-09-28 06:41:04,
3516,8295,missing_address,MEDIUM,HIGH,OPEN,2026-09-28 06:41:04,
3517,8296,missing_address,MEDIUM,HIGH,OPEN,2026-09-28 06:41:04,
3518,8297,missing_address,MEDIUM,HIGH,OPEN,2026-09-28 06:41:04,
3519,8298,missing_address,MEDIUM,HIGH,OPEN,2026-09-28 06:41:04,
3520,8299,missing_address,MEDIUM,HIGH,OPEN,2026-09-28 06:41:04,
3521,8300,missing_address,MEDIUM,HIGH,OPEN,2026-09-28 06:41:04,
3522,8301,missing_address,MEDIUM,HIGH,OPEN,2026-09-28 06:41:04,
3523,8302,missing_address,MEDIUM,HIGH,OPEN,2026-09-28 06:41:04,
3524,8303,missing_address,MEDIUM,HIGH,OPEN,2026-09-28 06:41:04,
3525,8304,missing_address,MEDIUM,HIGH,OPEN,2026-09-28 06:41:04,
3526,8305,missing_address,MEDIUM,HIGH,OPEN,2026-09-28 06:41:04,
3527,8306,missing_address,MEDIUM,HIGH,OPEN,2026-09-28 06:41:04,
3528,8307,missing_address,MEDIUM,HIGH,OPEN,2026-09-28 06:41:04,
3529,8308,missing_address,MEDIUM,HIGH,OPEN,2026-09-28 06:41:04,
3530,8309,missing_address,MEDIUM,HIGH,OPEN,2026-09-28 06:41:04,
3531,8310,missing_address,MEDIUM,HIGH,OPEN,2026-09-28 06:41:04,
3532,8311,missing_address,MEDIUM,HIGH,OPEN,2026-09-28 06:41:04,
3533,8312,missing_address,MEDIUM,HIGH,OPEN,2026-09-28 06:41:04,
3534,8313,missing_address,MEDIUM,HIGH,OPEN,2026-09-28 06:41:04,
3535,8314,missing_address,MEDIUM,HIGH,OPEN,2026-09-28 06:41:04,
3536,8315,missing_address,MEDIUM,HIGH,OPEN,2026-09-28 06:41:04,
3537,8316,missing_address,MEDIUM,HIGH,OPEN,2026-09-28 06:41:04,
3538,8317,missing_address,MEDIUM,HIGH,OPEN,2026-09-28 06:41:04,
3539,8318,missing_address,MEDIUM,HIGH,OPEN,2026-09-28 06:41:04,
3540,8319,missing_address,MEDIUM,HIGH,OPEN,2026-09-28 06:41:04,
3541,8320,missing_address,MEDIUM,HIGH,OPEN,2026-09-28 06:41:04,
3542,8321,missing_address,MEDIUM,HIGH,OPEN,2026-09-28 06:41:04,
3543,8322,missing_address,MEDIUM,HIGH,OPEN,2026-09-28 06:41:04,
3544,8323,missing_address,MEDIUM,HIGH,OPEN,2026-09-28 06:41:04,
3545,8324,missing_address,MEDIUM,HIGH,OPEN,2026-09-28 06:41:04,
3546,8325,missing_address,MEDIUM,HIGH,OPEN,2026-09-28 06:41:04,
3547,8326,missing_address,MEDIUM,HIGH,OPEN,2026-09-28 06:41:04,
3548,8327,missing_address,MEDIUM,HIGH,OPEN,2026-09-28 06:41:04,
3549,8328,missing_address,MEDIUM,HIGH,OPEN,2026-09-28 06:41:04,
3550,8329,missing_address,MEDIUM,HIGH,OPEN,2026-09-28 06:41:04,
3551,8330,missing_address,MEDIUM,HIGH,OPEN,2026-09-28 06:41:04,
3552,8331,missing_address,MEDIUM,HIGH,OPEN,2026-09-28 06:41:04,
3553,8332,missing_address,MEDIUM,HIGH,OPEN,2026-09-28 06:41:04,
3554,8333,missing_address,MEDIUM,HIGH,OPEN,2026-09-28 06:41:04,
3555,8334,missing_address,MEDIUM,HIGH,OPEN,2026-09-28 06:41:04,
3556,8335,missing_address,MEDIUM,HIGH,OPEN,2026-09-28 06:41:04,
3557,8336,missing_address,MEDIUM,HIGH,OPEN,2026-09-28 06:41:04,
3558,8337,missing_address,MEDIUM,HIGH,OPEN,2026-09-28 06:41:04,
3559,8338,missing_address,MEDIUM,HIGH,OPEN,2026-09-28 06:41:04,
3560,8339,missing_address,MEDIUM,HIGH,OPEN,2026-09-28 06:41:04,
3561,8340,missing_address,MEDIUM,HIGH,OPEN,2026-09-28 06:41:04,
3562,8341,missing_address,MEDIUM,HIGH,OPEN,2026-09-28 06:41:04,
3563,8342,missing_address,MEDIUM,HIGH,OPEN,2026-09-28 06:41:04,
3564,8343,missing_address,MEDIUM,HIGH,OPEN,2026-09-28 06:41:04,
3565,8344,missing_address,MEDIUM,HIGH,OPEN,2026-09-28 06:41:04,
3566,8345,missing_address,MEDIUM,HIGH,OPEN,2026-09-28 06:41:04,
3567,8346,missing_address,MEDIUM,HIGH,OPEN,2026-09-28 06:41:04,
3568,8347,missing_address,MEDIUM,HIGH,OPEN,2026-09-28 06:41:04,
3569,8348,missing_address,MEDIUM,HIGH,OPEN,2026-09-28 06:41:04,
3570,8349,missing_address,MEDIUM,HIGH,OPEN,2026-09-28 06:41:04,
3571,8350,missing_address,MEDIUM,HIGH,OPEN,2026-09-28 06:41:04,
3572,8351,missing_address,MEDIUM,HIGH,OPEN,2026-09-28 06:41:04,
3573,8352,missing_address,MEDIUM,HIGH,OPEN,2026-09-28 06:41:04,
3574,8353,missing_address,MEDIUM,HIGH,OPEN,2026-09-28 06:41:04,
3575,8354,missing_address,MEDIUM,HIGH,OPEN,2026-09-28 06:41:04,
3576,8355,missing_address,MEDIUM,HIGH,OPEN,2026-09-28 06:41:04,
3577,8356,missing_address,MEDIUM,HIGH,OPEN,2026-09-28 06:41:04,
3578,8357,missing_address,MEDIUM,HIGH,OPEN,2026-09-28 06:41:04,
3579,8358,missing_address,MEDIUM,HIGH,OPEN,2026-09-28 06:41:04,
3580,8359,missing_address,MEDIUM,HIGH,OPEN,2026-09-28 06:41:04,
3581,8360,missing_address,MEDIUM,HIGH,OPEN,2026-09-28 06:41:04,
3582,8361,missing_address,MEDIUM,HIGH,OPEN,2026-09-28 06:41:04,
3583,8362,missing_address,MEDIUM,HIGH,OPEN,2026-09-28 06:41:04,
3584,8363,missing_address,MEDIUM,HIGH,OPEN,2026-09-28 06:41:04,
3585,8364,missing_address,MEDIUM,HIGH,OPEN,2026-09-28 06:41:04,
3586,8365,missing_address,MEDIUM,HIGH,OPEN,2026-09-28 06:41:04,
3587,8366,missing_address,MEDIUM,HIGH,OPEN,2026-09-28 06:41:04,
3588,8367,missing_address,MEDIUM,HIGH,OPEN,2026-09-28 06:41:04,
3589,8368,missing_address,MEDIUM,HIGH,OPEN,2026-09-28 06:41:04,
3590,8369,missing_address,MEDIUM,HIGH,OPEN,2026-09-28 06:41:04,
3591,8370,missing_address,MEDIUM,HIGH,OPEN,2026-09-28 06:41:04,
3592,8371,missing_address,MEDIUM,HIGH,OPEN,2026-09-28 06:41:04,
3593,8372,missing_address,MEDIUM,HIGH,OPEN,2026-09-28 06:41:04,
3594,8373,missing_address,MEDIUM,HIGH,OPEN,2026-09-28 06:41:04,
3595,8374,missing_address,MEDIUM,HIGH,OPEN,2026-09-28 06:41:04,
3596,8375,missing_address,MEDIUM,HIGH,OPEN,2026-09-28 06:41:04,
3597,8376,missing_address,MEDIUM,HIGH,OPEN,2026-09-28 06:41:04,
3598,8377,missing_address,MEDIUM,HIGH,OPEN,2026-09-28 06:41:04,
3599,8378,missing_address,MEDIUM,HIGH,OPEN,2026-09-28 06:41:04,
3600,8379,missing_address,MEDIUM,HIGH,OPEN,2026-09-28 06:41:04,
3601,8380,missing_address,MEDIUM,HIGH,OPEN,2026-09-28 06:41:04,
3602,8381,missing_address,MEDIUM,HIGH,OPEN,2026-09-28 06:41:04,
3603,8382,missing_address,MEDIUM,HIGH,OPEN,2026-09-28 06:41:04,
3604,8383,missing_address,MEDIUM,HIGH,OPEN,2026-09-28 06:41:04,
3605,8384,missing_address,MEDIUM,HIGH,OPEN,2026-09-28 06:41:04,
3606,8385,missing_address,MEDIUM,HIGH,OPEN,2026-09-28 06:41:04,
3607,8386,missing_address,MEDIUM,HIGH,OPEN,2026-09-28 06:41:04,
3608,8387,missing_address,MEDIUM,HIGH,OPEN,2026-09-28 06:41:04,
3609,8388,missing_address,MEDIUM,HIGH,OPEN,2026-09-28 06:41:04,
3610,8389,missing_address,MEDIUM,HIGH,OPEN,2026-09-28 06:41:04,
3611,8390,missing_address,MEDIUM,HIGH,OPEN,2026-09-28 06:41:04,
3612,8391,missing_address,MEDIUM,HIGH,OPEN,2026-09-28 06:41:04,
3613,8392,missing_address,MEDIUM,HIGH,OPEN,2026-09-28 06:41:04,
3614,8393,missing_address,MEDIUM,HIGH,OPEN,2026-09-28 06:41:04,
3615,8394,missing_address,MEDIUM,HIGH,OPEN,2026-09-28 06:41:04,
3616,8395,missing_address,MEDIUM,HIGH,OPEN,2026-09-28 06:41:04,
3617,8396,missing_address,MEDIUM,HIGH,OPEN,2026-09-28 06:41:04,
3618,8397,missing_address,MEDIUM,HIGH,OPEN,2026-09-28 06:41:04,
3619,8398,missing_address,MEDIUM,HIGH,OPEN,2026-09-28 06:41:04,
3620,8399,missing_address,MEDIUM,HIGH,OPEN,2026-09-28 06:41:04,
3621,8400,missing_address,MEDIUM,HIGH,OPEN,2026-09-28 06:41:04,
3622,8401,missing_address,MEDIUM,HIGH,OPEN,2026-09-28 06:41:04,
3623,8402,missing_address,MEDIUM,HIGH,OPEN,2026-09-28 06:41:04,
3624,8403,missing_address,MEDIUM,HIGH,OPEN,2026-09-28 06:41:04,
3625,8404,missing_address,MEDIUM,HIGH,OPEN,2026-09-28 06:41:04,
3626,8405,missing_address,MEDIUM,HIGH,OPEN,2026-09-28 06:41:04,
3627,8406,missing_address,MEDIUM,HIGH,OPEN,2026-09-28 06:41:04,
3628,8407,missing_address,MEDIUM,HIGH,OPEN,2026-09-28 06:41:04,
3629,8408,missing_address,MEDIUM,HIGH,OPEN,2026-09-28 06:41:04,
3630,8409,missing_address,MEDIUM,HIGH,OPEN,2026-09-28 06:41:04,
3631,8410,missing_address,MEDIUM,HIGH,OPEN,2026-09-28 06:41:04,
3632,8411,missing_address,MEDIUM,HIGH,OPEN,2026-09-28 06:41:04,
3633,8412,missing_address,MEDIUM,HIGH,OPEN,2026-09-28 06:41:04,
3634,8413,missing_address,MEDIUM,HIGH,OPEN,2026-09-28 06:41:04,
3635,8414,missing_address,MEDIUM,HIGH,OPEN,2026-09-28 06:41:04,
3636,8415,missing_address,MEDIUM,HIGH,OPEN,2026-09-28 06:41:04,
3637,8416,missing_address,MEDIUM,HIGH,OPEN,2026-09-28 06:41:04,
3638,8417,missing_address,MEDIUM,HIGH,OPEN,2026-09-28 06:41:04,
3639,8418,missing_address,MEDIUM,HIGH,OPEN,2026-09-28 06:41:04,
3640,8419,missing_address,MEDIUM,HIGH,OPEN,2026-09-28 06:41:04,
3641,8420,missing_address,MEDIUM,HIGH,OPEN,2026-09-28 06:41:04,
3642,8421,missing_address,MEDIUM,HIGH,OPEN,2026-09-28 06:41:04,
3643,8422,missing_address,MEDIUM,HIGH,OPEN,2026-09-28 06:41:04,
3644,8423,missing_address,MEDIUM,HIGH,OPEN,2026-09-28 06:41:04,
3645,8424,missing_address,MEDIUM,HIGH,OPEN,2026-09-28 06:41:04,
3646,8425,missing_address,MEDIUM,HIGH,OPEN,2026-09-28 06:41:04,
3647,8426,missing_address,MEDIUM,HIGH,OPEN,2026-09-28 06:41:04,
3648,8427,missing_address,MEDIUM,HIGH,OPEN,2026-09-28 06:41:04,
3649,8428,missing_address,MEDIUM,HIGH,OPEN,2026-09-28 06:41:04,
3650,8429,missing_address,MEDIUM,HIGH,OPEN,2026-09-28 06:41:04,
3651,8430,missing_address,MEDIUM,HIGH,OPEN,2026-09-28 06:41:04,
3652,8431,missing_address,MEDIUM,HIGH,OPEN,2026-09-28 06:41:04,
3653,8432,missing_address,MEDIUM,HIGH,OPEN,2026-09-28 06:41:04,
3654,8433,missing_address,MEDIUM,HIGH,OPEN,2026-09-28 06:41:04,
3655,8434,missing_address,MEDIUM,HIGH,OPEN,2026-09-28 06:41:04,
3656,8435,missing_address,MEDIUM,HIGH,OPEN,2026-09-28 06:41:04,
3657,8436,missing_address,MEDIUM,HIGH,OPEN,2026-09-28 06:41:04,
3658,8437,missing_address,MEDIUM,HIGH,OPEN,2026-09-28 06:41:04,
3659,8438,missing_address,MEDIUM,HIGH,OPEN,2026-09-28 06:41:04,
3660,8439,missing_address,MEDIUM,HIGH,OPEN,2026-09-28 06:41:04,
3661,8440,missing_address,MEDIUM,HIGH,OPEN,2026-09-28 06:41:04,
3662,8441,missing_address,MEDIUM,HIGH,OPEN,2026-09-28 06:41:04,
3663,8442,missing_address,MEDIUM,HIGH,OPEN,2026-09-28 06:41:04,
3664,8443,missing_address,MEDIUM,HIGH,OPEN,2026-09-28 06:41:04,
3665,8444,missing_address,MEDIUM,HIGH,OPEN,2026-09-28 06:41:04,
3666,8445,missing_address,MEDIUM,HIGH,OPEN,2026-09-28 06:41:04,
3667,8446,missing_address,MEDIUM,HIGH,OPEN,2026-09-28 06:41:04,
3668,8447,missing_address,MEDIUM,HIGH,OPEN,2026-09-28 06:41:04,
3669,8448,missing_address,MEDIUM,HIGH,OPEN,2026-09-28 06:41:04,
3670,8449,missing_address,MEDIUM,HIGH,OPEN,2026-09-28 06:41:04,
3671,8450,missing_address,MEDIUM,HIGH,OPEN,2026-09-28 06:41:04,
3672,8451,missing_address,MEDIUM,HIGH,OPEN,2026-09-28 06:41:04,
3673,8452,missing_address,MEDIUM,HIGH,OPEN,2026-09-28 06:41:04,
3674,8453,missing_address,MEDIUM,HIGH,OPEN,2026-09-28 06:41:04,
3675,8454,missing_address,MEDIUM,HIGH,OPEN,2026-09-28 06:41:04,
3676,8455,missing_address,MEDIUM,HIGH,OPEN,2026-09-28 06:41:04,
3677,8456,missing_address,MEDIUM,HIGH,OPEN,2026-09-28 06:41:04,
3678,8457,missing_address,MEDIUM,HIGH,OPEN,2026-09-28 06:41:04,
3679,8458,missing_address,MEDIUM,HIGH,OPEN,2026-09-28 06:41:04,
3680,8459,missing_address,MEDIUM,HIGH,OPEN,2026-09-28 06:41:04,
3681,8460,missing_address,MEDIUM,HIGH,OPEN,2026-09-28 06:41:04,
3682,8461,missing_address,MEDIUM,HIGH,OPEN,2026-09-28 06:41:04,
3683,8462,missing_address,MEDIUM,HIGH,OPEN,2026-09-28 06:41:04,
3684,8463,missing_address,MEDIUM,HIGH,OPEN,2026-09-28 06:41:04,
3685,8464,missing_address,MEDIUM,HIGH,OPEN,2026-09-28 06:41:04,
3686,8465,missing_address,MEDIUM,HIGH,OPEN,2026-09-28 06:41:04,
3687,8466,missing_address,MEDIUM,HIGH,OPEN,2026-09-28 06:41:04,
3688,8467,missing_address,MEDIUM,HIGH,OPEN,2026-09-28 06:41:04,
3689,8468,missing_address,MEDIUM,HIGH,OPEN,2026-09-28 06:41:04,
3690,8469,missing_address,MEDIUM,HIGH,OPEN,2026-09-28 06:41:04,
3691,8470,missing_address,MEDIUM,HIGH,OPEN,2026-09-28 06:41:04,
3692,8471,missing_address,MEDIUM,HIGH,OPEN,2026-09-28 06:41:04,
3693,8472,missing_address,MEDIUM,HIGH,OPEN,2026-09-28 06:41:04,
3694,8473,missing_address,MEDIUM,HIGH,OPEN,2026-09-28 06:41:04,
3695,8474,missing_address,MEDIUM,HIGH,OPEN,2026-09-28 06:41:04,
3696,8475,missing_address,MEDIUM,HIGH,OPEN,2026-09-28 06:41:04,
3697,8476,missing_address,MEDIUM,HIGH,OPEN,2026-09-28 06:41:04,
3698,8477,missing_address,MEDIUM,HIGH,OPEN,2026-09-28 06:41:04,
3699,8478,missing_address,MEDIUM,HIGH,OPEN,2026-09-28 06:41:04,
3700,8479,missing_address,MEDIUM,HIGH,OPEN,2026-09-28 06:41:04,
3701,8480,missing_address,MEDIUM,HIGH,OPEN,2026-09-28 06:41:04,
3702,8481,missing_address,MEDIUM,HIGH,OPEN,2026-09-28 06:41:04,
3703,8482,missing_address,MEDIUM,HIGH,OPEN,2026-09-28 06:41:04,
3704,8483,missing_address,MEDIUM,HIGH,OPEN,2026-09-28 06:41:04,
3705,8484,missing_address,MEDIUM,HIGH,OPEN,2026-09-28 06:41:04,
3706,8485,missing_address,MEDIUM,HIGH,OPEN,2026-09-28 06:41:04,
3707,8486,missing_address,MEDIUM,HIGH,OPEN,2026-09-28 06:41:04,
3708,8487,missing_address,MEDIUM,HIGH,OPEN,2026-09-28 06:41:04,
3709,8488,missing_address,MEDIUM,HIGH,OPEN,2026-09-28 06:41:04,
3710,8489,missing_address,MEDIUM,HIGH,OPEN,2026-09-28 06:41:04,
3711,8490,missing_address,MEDIUM,HIGH,OPEN,2026-09-28 06:41:04,
3712,8491,missing_address,MEDIUM,HIGH,OPEN,2026-09-28 06:41:04,
3713,8492,missing_address,MEDIUM,HIGH,OPEN,2026-09-28 06:41:04,
3714,8493,missing_address,MEDIUM,HIGH,OPEN,2026-09-28 06:41:04,
3715,8494,missing_address,MEDIUM,HIGH,OPEN,2026-09-28 06:41:04,
3716,8495,missing_address,MEDIUM,HIGH,OPEN,2026-09-28 06:41:04,
3717,8496,missing_address,MEDIUM,HIGH,OPEN,2026-09-28 06:41:04,
3718,8497,missing_address,MEDIUM,HIGH,OPEN,2026-09-28 06:41:04,
3719,8498,missing_address,MEDIUM,HIGH,OPEN,2026-09-28 06:41:04,
3720,8499,missing_address,MEDIUM,HIGH,OPEN,2026-09-28 06:41:04,
3721,8500,missing_address,MEDIUM,HIGH,OPEN,2026-09-28 06:41:04,
3722,8501,missing_address,MEDIUM,HIGH,OPEN,2026-09-28 06:41:04,
3723,8502,missing_address,MEDIUM,HIGH,OPEN,2026-09-28 06:41:04,
3724,8503,missing_address,MEDIUM,HIGH,OPEN,2026-09-28 06:41:04,
3725,8504,missing_address,MEDIUM,HIGH,OPEN,2026-09-28 06:41:04,
3726,8505,missing_address,MEDIUM,HIGH,OPEN,2026-09-28 06:41:04,
3727,8506,missing_address,MEDIUM,HIGH,OPEN,2026-09-28 06:41:04,
3728,8507,missing_address,MEDIUM,HIGH,OPEN,2026-09-28 06:41:04,
3729,8508,missing_address,MEDIUM,HIGH,OPEN,2026-09-28 06:41:04,
3730,8509,missing_address,MEDIUM,HIGH,OPEN,2026-09-28 06:41:04,
3731,8510,missing_address,MEDIUM,HIGH,OPEN,2026-09-28 06:41:04,
3732,8511,missing_address,MEDIUM,HIGH,OPEN,2026-09-28 06:41:04,
3733,8512,missing_address,MEDIUM,HIGH,OPEN,2026-09-28 06:41:04,
3734,8513,missing_address,MEDIUM,HIGH,OPEN,2026-09-28 06:41:04,
3735,8514,missing_address,MEDIUM,HIGH,OPEN,2026-09-28 06:41:04,
3736,8515,missing_address,MEDIUM,HIGH,OPEN,2026-09-28 06:41:04,
3737,8516,missing_address,MEDIUM,HIGH,OPEN,2026-09-28 06:41:04,
3738,8517,missing_address,MEDIUM,HIGH,OPEN,2026-09-28 06:41:04,
3739,8518,missing_address,MEDIUM,HIGH,OPEN,2026-09-28 06:41:04,
3740,8519,missing_address,MEDIUM,HIGH,OPEN,2026-09-28 06:41:04,
3741,8520,missing_address,MEDIUM,HIGH,OPEN,2026-09-28 06:41:04,
3742,8521,missing_address,MEDIUM,HIGH,OPEN,2026-09-28 06:41:04,
3743,8522,missing_address,MEDIUM,HIGH,OPEN,2026-09-28 06:41:04,
3744,8523,missing_address,MEDIUM,HIGH,OPEN,2026-09-28 06:41:04,
3745,8524,missing_address,MEDIUM,HIGH,OPEN,2026-09-28 06:41:04,
3746,8525,missing_address,MEDIUM,HIGH,OPEN,2026-09-28 06:41:04,
3747,8526,missing_address,MEDIUM,HIGH,OPEN,2026-09-28 06:41:04,
3748,8527,missing_address,MEDIUM,HIGH,OPEN,2026-09-28 06:41:04,
3749,8528,missing_address,MEDIUM,HIGH,OPEN,2026-09-28 06:41:04,
3750,8529,missing_address,MEDIUM,HIGH,OPEN,2026-09-28 06:41:04,
3751,8530,missing_address,MEDIUM,HIGH,OPEN,2026-09-28 06:41:04,
3752,8531,missing_address,MEDIUM,HIGH,OPEN,2026-09-28 06:41:04,
3753,8532,missing_address,MEDIUM,HIGH,OPEN,2026-09-28 06:41:04,
3754,8533,missing_address,MEDIUM,HIGH,OPEN,2026-09-28 06:41:04,
3755,8534,missing_address,MEDIUM,HIGH,OPEN,2026-09-28 06:41:04,
3756,8535,missing_address,MEDIUM,HIGH,OPEN,2026-09-28 06:41:04,
3757,8536,missing_address,MEDIUM,HIGH,OPEN,2026-09-28 06:41:04,
3758,8537,missing_address,MEDIUM,HIGH,OPEN,2026-09-28 06:41:04,
3759,8538,missing_address,MEDIUM,HIGH,OPEN,2026-09-28 06:41:04,
3760,8539,missing_address,MEDIUM,HIGH,OPEN,2026-09-28 06:41:04,
3761,8540,missing_address,MEDIUM,HIGH,OPEN,2026-09-28 06:41:04,
3762,8541,missing_address,MEDIUM,HIGH,OPEN,2026-09-28 06:41:04,
3763,8542,missing_address,MEDIUM,HIGH,OPEN,2026-09-28 06:41:04,
3764,8543,missing_address,MEDIUM,HIGH,OPEN,2026-09-28 06:41:04,
3765,8544,missing_address,MEDIUM,HIGH,OPEN,2026-09-28 06:41:04,
3766,8545,missing_address,MEDIUM,HIGH,OPEN,2026-09-28 06:41:04,
3767,8546,missing_address,MEDIUM,HIGH,OPEN,2026-09-28 06:41:04,
3768,8547,missing_address,MEDIUM,HIGH,OPEN,2026-09-28 06:41:04,
3769,8548,missing_address,MEDIUM,HIGH,OPEN,2026-09-28 06:41:04,
3770,8549,missing_address,MEDIUM,HIGH,OPEN,2026-09-28 06:41:04,
3771,8550,missing_address,MEDIUM,HIGH,OPEN,2026-09-28 06:41:04,
3772,8551,missing_address,MEDIUM,HIGH,OPEN,2026-09-28 06:41:04,
3773,8552,missing_address,MEDIUM,HIGH,OPEN,2026-09-28 06:41:04,
3774,8553,missing_address,MEDIUM,HIGH,OPEN,2026-09-28 06:41:04,
3775,8554,missing_address,MEDIUM,HIGH,OPEN,2026-09-28 06:41:04,
3776,8555,missing_address,MEDIUM,HIGH,OPEN,2026-09-28 06:41:04,
3777,8556,missing_address,MEDIUM,HIGH,OPEN,2026-09-28 06:41:04,
3778,8557,missing_address,MEDIUM,HIGH,OPEN,2026-09-28 06:41:04,
3779,8558,missing_address,MEDIUM,HIGH,OPEN,2026-09-28 06:41:04,
3780,8559,missing_address,MEDIUM,HIGH,OPEN,2026-09-28 06:41:04,
3781,8560,missing_address,MEDIUM,HIGH,OPEN,2026-09-28 06:41:04,
3782,8561,missing_address,MEDIUM,HIGH,OPEN,2026-09-28 06:41:04,
3783,8562,missing_address,MEDIUM,HIGH,OPEN,2026-09-28 06:41:04,
3784,8563,missing_address,MEDIUM,HIGH,OPEN,2026-09-28 06:41:04,
3785,8564,missing_address,MEDIUM,HIGH,OPEN,2026-09-28 06:41:04,
3786,8565,missing_address,MEDIUM,HIGH,OPEN,2026-09-28 06:41:04,
3787,8566,missing_address,MEDIUM,HIGH,OPEN,2026-09-28 06:41:04,
3788,8567,missing_address,MEDIUM,HIGH,OPEN,2026-09-28 06:41:04,
3789,8568,missing_address,MEDIUM,HIGH,OPEN,2026-09-28 06:41:04,
3790,8569,missing_address,MEDIUM,HIGH,OPEN,2026-09-28 06:41:04,
3791,8570,missing_address,MEDIUM,HIGH,OPEN,2026-09-28 06:41:04,
3792,8571,missing_address,MEDIUM,HIGH,OPEN,2026-09-28 06:41:04,
3793,8572,missing_address,MEDIUM,HIGH,OPEN,2026-09-28 06:41:04,
3794,8573,missing_address,MEDIUM,HIGH,OPEN,2026-09-28 06:41:04,
3795,8574,missing_address,MEDIUM,HIGH,OPEN,2026-09-28 06:41:04,
3796,8575,missing_address,MEDIUM,HIGH,OPEN,2026-09-28 06:41:04,
3797,8576,missing_address,MEDIUM,HIGH,OPEN,2026-09-28 06:41:04,
3798,8577,missing_address,MEDIUM,HIGH,OPEN,2026-09-28 06:41:04,
3799,8578,missing_address,MEDIUM,HIGH,OPEN,2026-09-28 06:41:04,
3800,8579,missing_address,MEDIUM,HIGH,OPEN,2026-09-28 06:41:04,
3801,8580,missing_address,MEDIUM,HIGH,OPEN,2026-09-28 06:41:04,
3802,8581,missing_address,MEDIUM,HIGH,OPEN,2026-09-28 06:41:04,
3803,8582,missing_address,MEDIUM,HIGH,OPEN,2026-09-28 06:41:04,
3804,8583,missing_address,MEDIUM,HIGH,OPEN,2026-09-28 06:41:04,
3805,8584,missing_address,MEDIUM,HIGH,OPEN,2026-09-28 06:41:04,
3806,8585,missing_address,MEDIUM,HIGH,OPEN,2026-09-28 06:41:04,
3807,8586,missing_address,MEDIUM,HIGH,OPEN,2026-09-28 06:41:04,
3808,8587,missing_address,MEDIUM,HIGH,OPEN,2026-09-28 06:41:04,
3809,8588,missing_address,MEDIUM,HIGH,OPEN,2026-09-28 06:41:04,
3810,8589,missing_address,MEDIUM,HIGH,OPEN,2026-09-28 06:41:04,
3811,8590,missing_address,MEDIUM,HIGH,OPEN,2026-09-28 06:41:04,
3812,8591,missing_address,MEDIUM,HIGH,OPEN,2026-09-28 06:41:04,
3813,8592,missing_address,MEDIUM,HIGH,OPEN,2026-09-28 06:41:04,
3814,8593,missing_address,MEDIUM,HIGH,OPEN,2026-09-28 06:41:04,
3815,8594,missing_address,MEDIUM,HIGH,OPEN,2026-09-28 06:41:04,
3816,8595,missing_address,MEDIUM,HIGH,OPEN,2026-09-28 06:41:04,
3817,8596,missing_address,MEDIUM,HIGH,OPEN,2026-09-28 06:41:04,
3818,8597,missing_address,MEDIUM,HIGH,OPEN,2026-09-28 06:41:04,
3819,8598,missing_address,MEDIUM,HIGH,OPEN,2026-09-28 06:41:04,
3820,8599,missing_address,MEDIUM,HIGH,OPEN,2026-09-28 06:41:04,
3821,8600,missing_address,MEDIUM,HIGH,OPEN,2026-09-28 06:41:04,
3822,8601,missing_address,MEDIUM,HIGH,OPEN,2026-09-28 06:41:04,
3823,8602,missing_address,MEDIUM,HIGH,OPEN,2026-09-28 06:41:04,
3824,8603,missing_address,MEDIUM,HIGH,OPEN,2026-09-28 06:41:04,
3825,8604,missing_address,MEDIUM,HIGH,OPEN,2026-09-28 06:41:04,
3826,8605,missing_address,MEDIUM,HIGH,OPEN,2026-09-28 06:41:04,
3827,8606,missing_address,MEDIUM,HIGH,OPEN,2026-09-28 06:41:04,
3828,8607,missing_address,MEDIUM,HIGH,OPEN,2026-09-28 06:41:04,
3829,8608,missing_address,MEDIUM,HIGH,OPEN,2026-09-28 06:41:04,
3830,8609,missing_address,MEDIUM,HIGH,OPEN,2026-09-28 06:41:04,
3831,8610,missing_address,MEDIUM,HIGH,OPEN,2026-09-28 06:41:04,
3832,8611,missing_address,MEDIUM,HIGH,OPEN,2026-09-28 06:41:04,
3833,8612,missing_address,MEDIUM,HIGH,OPEN,2026-09-28 06:41:04,
3834,8613,missing_address,MEDIUM,HIGH,OPEN,2026-09-28 06:41:04,
3835,8614,missing_address,MEDIUM,HIGH,OPEN,2026-09-28 06:41:04,
3836,8615,missing_address,MEDIUM,HIGH,OPEN,2026-09-28 06:41:04,
3837,8616,missing_address,MEDIUM,HIGH,OPEN,2026-09-28 06:41:04,
3838,8617,missing_address,MEDIUM,HIGH,OPEN,2026-09-28 06:41:04,
3839,8618,missing_address,MEDIUM,HIGH,OPEN,2026-09-28 06:41:04,
3840,8619,missing_address,MEDIUM,HIGH,OPEN,2026-09-28 06:41:04,
3841,8620,missing_address,MEDIUM,HIGH,OPEN,2026-09-28 06:41:04,
3842,8621,missing_address,MEDIUM,HIGH,OPEN,2026-09-28 06:41:04,
3843,8622,missing_address,MEDIUM,HIGH,OPEN,2026-09-28 06:41:04,
3844,8623,missing_address,MEDIUM,HIGH,OPEN,2026-09-28 06:41:04,
3845,8624,missing_address,MEDIUM,HIGH,OPEN,2026-09-28 06:41:04,
3846,8625,missing_address,MEDIUM,HIGH,OPEN,2026-09-28 06:41:04,
3847,8626,missing_address,MEDIUM,HIGH,OPEN,2026-09-28 06:41:04,
3848,8627,missing_address,MEDIUM,HIGH,OPEN,2026-09-28 06:41:04,
3849,8628,missing_address,MEDIUM,HIGH,OPEN,2026-09-28 06:41:04,
3850,8629,missing_address,MEDIUM,HIGH,OPEN,2026-09-28 06:41:04,
3851,8630,missing_address,MEDIUM,HIGH,OPEN,2026-09-28 06:41:04,
3852,8631,missing_address,MEDIUM,HIGH,OPEN,2026-09-28 06:41:04,
3853,8632,missing_address,MEDIUM,HIGH,OPEN,2026-09-28 06:41:04,
3854,8633,missing_address,MEDIUM,HIGH,OPEN,2026-09-28 06:41:04,
3855,8634,missing_address,MEDIUM,HIGH,OPEN,2026-09-28 06:41:04,
3856,8635,missing_address,MEDIUM,HIGH,OPEN,2026-09-28 06:41:04,
3857,8636,missing_address,MEDIUM,HIGH,OPEN,2026-09-28 06:41:04,
3858,8637,missing_address,MEDIUM,HIGH,OPEN,2026-09-28 06:41:04,
3859,8638,missing_address,MEDIUM,HIGH,OPEN,2026-09-28 06:41:04,
3860,8639,missing_address,MEDIUM,HIGH,OPEN,2026-09-28 06:41:04,
3861,8640,missing_address,MEDIUM,HIGH,OPEN,2026-09-28 06:41:04,
3862,8641,missing_address,MEDIUM,HIGH,OPEN,2026-09-28 06:41:04,
3863,8642,missing_address,MEDIUM,HIGH,OPEN,2026-09-28 06:41:04,
3864,8643,missing_address,MEDIUM,HIGH,OPEN,2026-09-28 06:41:04,
3865,8644,missing_address,MEDIUM,HIGH,OPEN,2026-09-28 06:41:04,
3866,8645,missing_address,MEDIUM,HIGH,OPEN,2026-09-28 06:41:04,
3867,8646,missing_address,MEDIUM,HIGH,OPEN,2026-09-28 06:41:04,
3868,8647,missing_address,MEDIUM,HIGH,OPEN,2026-09-28 06:41:04,
3869,8648,missing_address,MEDIUM,HIGH,OPEN,2026-09-28 06:41:04,
3870,8649,missing_address,MEDIUM,HIGH,OPEN,2026-09-28 06:41:04,
3871,8650,missing_address,MEDIUM,HIGH,OPEN,2026-09-28 06:41:04,
3872,8651,missing_address,MEDIUM,HIGH,OPEN,2026-09-28 06:41:04,
3873,8652,missing_address,MEDIUM,HIGH,OPEN,2026-09-28 06:41:04,
3874,8653,missing_address,MEDIUM,HIGH,OPEN,2026-09-28 06:41:04,
3875,8654,missing_address,MEDIUM,HIGH,OPEN,2026-09-28 06:41:04,
3876,8655,missing_address,MEDIUM,HIGH,OPEN,2026-09-28 06:41:04,
3877,8656,missing_address,MEDIUM,HIGH,OPEN,2026-09-28 06:41:04,
3878,8657,missing_address,MEDIUM,HIGH,OPEN,2026-09-28 06:41:04,
3879,8658,missing_address,MEDIUM,HIGH,OPEN,2026-09-28 06:41:04,
3880,8659,missing_address,MEDIUM,HIGH,OPEN,2026-09-28 06:41:04,
3881,8660,missing_address,MEDIUM,HIGH,OPEN,2026-09-28 06:41:04,
3882,8661,missing_address,MEDIUM,HIGH,OPEN,2026-09-28 06:41:04,
3883,8662,missing_address,MEDIUM,HIGH,OPEN,2026-09-28 06:41:04,
3884,8663,missing_address,MEDIUM,HIGH,OPEN,2026-09-28 06:41:04,
3885,8664,missing_address,MEDIUM,HIGH,OPEN,2026-09-28 06:41:04,
3886,8665,missing_address,MEDIUM,HIGH,OPEN,2026-09-28 06:41:04,
3887,8666,missing_address,MEDIUM,HIGH,OPEN,2026-09-28 06:41:04,
3888,8667,missing_address,MEDIUM,HIGH,OPEN,2026-09-28 06:41:04,
3889,8668,missing_address,MEDIUM,HIGH,OPEN,2026-09-28 06:41:04,
3890,8669,missing_address,MEDIUM,HIGH,OPEN,2026-09-28 06:41:04,
3891,8670,missing_address,MEDIUM,HIGH,OPEN,2026-09-28 06:41:04,
3892,8671,missing_address,MEDIUM,HIGH,OPEN,2026-09-28 06:41:04,
3893,8672,missing_address,MEDIUM,HIGH,OPEN,2026-09-28 06:41:04,
3894,8673,missing_address,MEDIUM,HIGH,OPEN,2026-09-28 06:41:04,
3895,8674,missing_address,MEDIUM,HIGH,OPEN,2026-09-28 06:41:04,
3896,8675,missing_address,MEDIUM,HIGH,OPEN,2026-09-28 06:41:04,
3897,8676,missing_address,MEDIUM,HIGH,OPEN,2026-09-28 06:41:04,
3898,8677,missing_address,MEDIUM,HIGH,OPEN,2026-09-28 06:41:04,
3899,8678,missing_address,MEDIUM,HIGH,OPEN,2026-09-28 06:41:04,
3900,8679,missing_address,MEDIUM,HIGH,OPEN,2026-09-28 06:41:04,
3901,8680,missing_address,MEDIUM,HIGH,OPEN,2026-09-28 06:41:04,
3902,8681,missing_address,MEDIUM,HIGH,OPEN,2026-09-28 06:41:04,
3903,8682,missing_address,MEDIUM,HIGH,OPEN,2026-09-28 06:41:04,
3904,8683,missing_address,MEDIUM,HIGH,OPEN,2026-09-28 06:41:04,
3905,8684,missing_address,MEDIUM,HIGH,OPEN,2026-09-28 06:41:04,
3906,8685,missing_address,MEDIUM,HIGH,OPEN,2026-09-28 06:41:04,
3907,8686,missing_address,MEDIUM,HIGH,OPEN,2026-09-28 06:41:04,
3908,8687,missing_address,MEDIUM,HIGH,OPEN,2026-09-28 06:41:04,
3909,8688,missing_address,MEDIUM,HIGH,OPEN,2026-09-28 06:41:04,
3910,8689,missing_address,MEDIUM,HIGH,OPEN,2026-09-28 06:41:04,
3911,8690,missing_address,MEDIUM,HIGH,OPEN,2026-09-28 06:41:04,
3912,8691,missing_address,MEDIUM,HIGH,OPEN,2026-09-28 06:41:04,
3913,8692,missing_address,MEDIUM,HIGH,OPEN,2026-09-28 06:41:04,
3914,8693,missing_address,MEDIUM,HIGH,OPEN,2026-09-28 06:41:04,
3915,8694,missing_address,MEDIUM,HIGH,OPEN,2026-09-28 06:41:04,
3916,8695,missing_address,MEDIUM,HIGH,OPEN,2026-09-28 06:41:04,
3917,8696,missing_address,MEDIUM,HIGH,OPEN,2026-09-28 06:41:04,
3918,8697,missing_address,MEDIUM,HIGH,OPEN,2026-09-28 06:41:04,
3919,8698,missing_address,MEDIUM,HIGH,OPEN,2026-09-28 06:41:04,
3920,8699,missing_address,MEDIUM,HIGH,OPEN,2026-09-28 06:41:04,
3921,8700,missing_address,MEDIUM,HIGH,OPEN,2026-09-28 06:41:04,
3922,8701,missing_address,MEDIUM,HIGH,OPEN,2026-09-28 06:41:04,
3923,8702,missing_address,MEDIUM,HIGH,OPEN,2026-09-28 06:41:04,
3924,8703,missing_address,MEDIUM,HIGH,OPEN,2026-09-28 06:41:04,
3925,8704,missing_address,MEDIUM,HIGH,OPEN,2026-09-28 06:41:04,
3926,8705,missing_address,MEDIUM,HIGH,OPEN,2026-09-28 06:41:04,
3927,8706,missing_address,MEDIUM,HIGH,OPEN,2026-09-28 06:41:04,
3928,8707,missing_address,MEDIUM,HIGH,OPEN,2026-09-28 06:41:04,
3929,8708,missing_address,MEDIUM,HIGH,OPEN,2026-09-28 06:41:04,
3930,8709,missing_address,MEDIUM,HIGH,OPEN,2026-09-28 06:41:04,
3931,8710,missing_address,MEDIUM,HIGH,OPEN,2026-09-28 06:41:04,
3932,8711,missing_address,MEDIUM,HIGH,OPEN,2026-09-28 06:41:04,
3933,8712,missing_address,MEDIUM,HIGH,OPEN,2026-09-28 06:41:04,
3934,8713,missing_address,MEDIUM,HIGH,OPEN,2026-09-28 06:41:04,
3935,8714,missing_address,MEDIUM,HIGH,OPEN,2026-09-28 06:41:04,
3936,8715,missing_address,MEDIUM,HIGH,OPEN,2026-09-28 06:41:04,
3937,8716,missing_address,MEDIUM,HIGH,OPEN,2026-09-28 06:41:04,
3938,8717,missing_address,MEDIUM,HIGH,OPEN,2026-09-28 06:41:04,
3939,8718,missing_address,MEDIUM,HIGH,OPEN,2026-09-28 06:41:04,
3940,8719,missing_address,MEDIUM,HIGH,OPEN,2026-09-28 06:41:04,
3941,8720,missing_address,MEDIUM,HIGH,OPEN,2026-09-28 06:41:04,
3942,8721,missing_address,MEDIUM,HIGH,OPEN,2026-09-28 06:41:04,
3943,8722,missing_address,MEDIUM,HIGH,OPEN,2026-09-28 06:41:04,
3944,8723,missing_address,MEDIUM,HIGH,OPEN,2026-09-28 06:41:04,
3945,8724,missing_address,MEDIUM,HIGH,OPEN,2026-09-28 06:41:04,
3946,8725,missing_address,MEDIUM,HIGH,OPEN,2026-09-28 06:41:04,
3947,8726,missing_address,MEDIUM,HIGH,OPEN,2026-09-28 06:41:04,
3948,8727,missing_address,MEDIUM,HIGH,OPEN,2026-09-28 06:41:04,
3949,8728,missing_address,MEDIUM,HIGH,OPEN,2026-09-28 06:41:04,
3950,8729,missing_address,MEDIUM,HIGH,OPEN,2026-09-28 06:41:04,
3951,8730,missing_address,MEDIUM,HIGH,OPEN,2026-09-28 06:41:04,
3952,8731,missing_address,MEDIUM,HIGH,OPEN,2026-09-28 06:41:04,
3953,8732,missing_address,MEDIUM,HIGH,OPEN,2026-09-28 06:41:04,
3954,8733,missing_address,MEDIUM,HIGH,OPEN,2026-09-28 06:41:04,
3955,8734,missing_address,MEDIUM,HIGH,OPEN,2026-09-28 06:41:04,
3956,8735,missing_address,MEDIUM,HIGH,OPEN,2026-09-28 06:41:04,
3957,8736,missing_address,MEDIUM,HIGH,OPEN,2026-09-28 06:41:04,
3958,8737,missing_address,MEDIUM,HIGH,OPEN,2026-09-28 06:41:04,
3959,8738,missing_address,MEDIUM,HIGH,OPEN,2026-09-28 06:41:04,
3960,8739,missing_address,MEDIUM,HIGH,OPEN,2026-09-28 06:41:04,
3961,8740,missing_address,MEDIUM,HIGH,OPEN,2026-09-28 06:41:04,
3962,8741,missing_address,MEDIUM,HIGH,OPEN,2026-09-28 06:41:04,
3963,8742,missing_address,MEDIUM,HIGH,OPEN,2026-09-28 06:41:04,
3964,8743,missing_address,MEDIUM,HIGH,OPEN,2026-09-28 06:41:04,
3965,8744,missing_address,MEDIUM,HIGH,OPEN,2026-09-28 06:41:04,
3966,8745,missing_address,MEDIUM,HIGH,OPEN,2026-09-28 06:41:04,
3967,8746,missing_address,MEDIUM,HIGH,OPEN,2026-09-28 06:41:04,
3968,8747,missing_address,MEDIUM,HIGH,OPEN,2026-09-28 06:41:04,
3969,8748,missing_address,MEDIUM,HIGH,OPEN,2026-09-28 06:41:04,
3970,8749,missing_address,MEDIUM,HIGH,OPEN,2026-09-28 06:41:04,
3971,8750,missing_address,MEDIUM,HIGH,OPEN,2026-09-28 06:41:04,
3972,8751,missing_address,MEDIUM,HIGH,OPEN,2026-09-28 06:41:04,
3973,8752,missing_address,MEDIUM,HIGH,OPEN,2026-09-28 06:41:04,
3974,8753,missing_address,MEDIUM,HIGH,OPEN,2026-09-28 06:41:04,
3975,8754,missing_address,MEDIUM,HIGH,OPEN,2026-09-28 06:41:04,
3976,8755,missing_address,MEDIUM,HIGH,OPEN,2026-09-28 06:41:04,
3977,8756,missing_address,MEDIUM,HIGH,OPEN,2026-09-28 06:41:04,
3978,8757,missing_address,MEDIUM,HIGH,OPEN,2026-09-28 06:41:04,
3979,8758,missing_address,MEDIUM,HIGH,OPEN,2026-09-28 06:41:04,
3980,8759,missing_address,MEDIUM,HIGH,OPEN,2026-09-28 06:41:04,
3981,8760,missing_address,MEDIUM,HIGH,OPEN,2026-09-28 06:41:04,
3982,8761,missing_address,MEDIUM,HIGH,OPEN,2026-09-28 06:41:04,
3983,8762,missing_address,MEDIUM,HIGH,OPEN,2026-09-28 06:41:04,
3984,8763,missing_address,MEDIUM,HIGH,OPEN,2026-09-28 06:41:04,
3985,8764,missing_address,MEDIUM,HIGH,OPEN,2026-09-28 06:41:04,
3986,8765,missing_address,MEDIUM,HIGH,OPEN,2026-09-28 06:41:04,
3987,8766,missing_address,MEDIUM,HIGH,OPEN,2026-09-28 06:41:04,
3988,8767,missing_address,MEDIUM,HIGH,OPEN,2026-09-28 06:41:04,
3989,8768,missing_address,MEDIUM,HIGH,OPEN,2026-09-28 06:41:04,
3990,8769,missing_address,MEDIUM,HIGH,OPEN,2026-09-28 06:41:04,
3991,8770,missing_address,MEDIUM,HIGH,OPEN,2026-09-28 06:41:04,
3992,8771,missing_address,MEDIUM,HIGH,OPEN,2026-09-28 06:41:04,
3993,8772,missing_address,MEDIUM,HIGH,OPEN,2026-09-28 06:41:04,
3994,8773,missing_address,MEDIUM,HIGH,OPEN,2026-09-28 06:41:04,
3995,8774,missing_address,MEDIUM,HIGH,OPEN,2026-09-28 06:41:04,
3996,8775,missing_address,MEDIUM,HIGH,OPEN,2026-09-28 06:41:04,
3997,8776,missing_address,MEDIUM,HIGH,OPEN,2026-09-28 06:41:04,
3998,8777,missing_address,MEDIUM,HIGH,OPEN,2026-09-28 06:41:04,
3999,8778,missing_address,MEDIUM,HIGH,OPEN,2026-09-28 06:41:04,
4000,8779,missing_address,MEDIUM,HIGH,OPEN,2026-09-28 06:41:04,
4001,8780,missing_address,MEDIUM,HIGH,OPEN,2026-09-28 06:41:04,
4002,8781,missing_address,MEDIUM,HIGH,OPEN,2026-09-28 06:41:04,
4003,8782,missing_address,MEDIUM,HIGH,OPEN,2026-09-28 06:41:04,
4004,8783,missing_address,MEDIUM,HIGH,OPEN,2026-09-28 06:41:04,
4005,8784,missing_address,MEDIUM,HIGH,OPEN,2026-09-28 06:41:04,
4006,8785,missing_address,MEDIUM,HIGH,OPEN,2026-09-28 06:41:04,
4007,8786,missing_address,MEDIUM,HIGH,OPEN,2026-09-28 06:41:04,
4008,8787,missing_address,MEDIUM,HIGH,OPEN,2026-09-28 06:41:04,
4009,8788,missing_address,MEDIUM,HIGH,OPEN,2026-09-28 06:41:04,
4010,8789,missing_address,MEDIUM,HIGH,OPEN,2026-09-28 06:41:04,
4011,8790,missing_address,MEDIUM,HIGH,OPEN,2026-09-28 06:41:04,
4012,8791,missing_address,MEDIUM,HIGH,OPEN,2026-09-28 06:41:04,
4013,8792,missing_address,MEDIUM,HIGH,OPEN,2026-09-28 06:41:04,
4014,8793,missing_address,MEDIUM,HIGH,OPEN,2026-09-28 06:41:04,
4015,8794,missing_address,MEDIUM,HIGH,OPEN,2026-09-28 06:41:04,
4016,8795,missing_address,MEDIUM,HIGH,OPEN,2026-09-28 06:41:04,
4017,8796,missing_address,MEDIUM,HIGH,OPEN,2026-09-28 06:41:04,
4018,8797,missing_address,MEDIUM,HIGH,OPEN,2026-09-28 06:41:04,
4019,8798,missing_address,MEDIUM,HIGH,OPEN,2026-09-28 06:41:04,
4020,8799,missing_address,MEDIUM,HIGH,OPEN,2026-09-28 06:41:04,
4021,8800,missing_address,MEDIUM,HIGH,OPEN,2026-09-28 06:41:04,
4022,8801,missing_address,MEDIUM,HIGH,OPEN,2026-09-28 06:41:04,
4023,8802,missing_address,MEDIUM,HIGH,OPEN,2026-09-28 06:41:04,
4024,8803,missing_address,MEDIUM,HIGH,OPEN,2026-09-28 06:41:04,
4025,8804,missing_address,MEDIUM,HIGH,OPEN,2026-09-28 06:41:04,
4026,8805,missing_address,MEDIUM,HIGH,OPEN,2026-09-28 06:41:04,
4027,8806,missing_address,MEDIUM,HIGH,OPEN,2026-09-28 06:41:04,
4028,8807,missing_address,MEDIUM,HIGH,OPEN,2026-09-28 06:41:04,
4029,8808,missing_address,MEDIUM,HIGH,OPEN,2026-09-28 06:41:04,
4030,8809,missing_address,MEDIUM,HIGH,OPEN,2026-09-28 06:41:04,
4031,8810,missing_address,MEDIUM,HIGH,OPEN,2026-09-28 06:41:04,
4032,8811,missing_address,MEDIUM,HIGH,OPEN,2026-09-28 06:41:04,
4033,8812,missing_address,MEDIUM,HIGH,OPEN,2026-09-28 06:41:04,
4034,8813,missing_address,MEDIUM,HIGH,OPEN,2026-09-28 06:41:04,
4035,8814,missing_address,MEDIUM,HIGH,OPEN,2026-09-28 06:41:04,
4036,8815,missing_address,MEDIUM,HIGH,OPEN,2026-09-28 06:41:04,
4037,8816,missing_address,MEDIUM,HIGH,OPEN,2026-09-28 06:41:04,
4038,8817,missing_address,MEDIUM,HIGH,OPEN,2026-09-28 06:41:04,
4039,8818,missing_address,MEDIUM,HIGH,OPEN,2026-09-28 06:41:04,
4040,8819,missing_address,MEDIUM,HIGH,OPEN,2026-09-28 06:41:04,
4041,8820,missing_address,MEDIUM,HIGH,OPEN,2026-09-28 06:41:04,
4042,8821,missing_address,MEDIUM,HIGH,OPEN,2026-09-28 06:41:04,
4043,8822,missing_address,MEDIUM,HIGH,OPEN,2026-09-28 06:41:04,
4044,8823,missing_address,MEDIUM,HIGH,OPEN,2026-09-28 06:41:04,
4045,8824,missing_address,MEDIUM,HIGH,OPEN,2026-09-28 06:41:04,
4046,8825,missing_address,MEDIUM,HIGH,OPEN,2026-09-28 06:41:04,
4047,8826,missing_address,MEDIUM,HIGH,OPEN,2026-09-28 06:41:04,
4048,8827,missing_address,MEDIUM,HIGH,OPEN,2026-09-28 06:41:04,
4049,8828,missing_address,MEDIUM,HIGH,OPEN,2026-09-28 06:41:04,
4050,8829,missing_address,MEDIUM,HIGH,OPEN,2026-09-28 06:41:04,
4051,8830,missing_address,MEDIUM,HIGH,OPEN,2026-09-28 06:41:04,
4052,8831,missing_address,MEDIUM,HIGH,OPEN,2026-09-28 06:41:04,
4053,8832,missing_address,MEDIUM,HIGH,OPEN,2026-09-28 06:41:04,
4054,8833,missing_address,MEDIUM,HIGH,OPEN,2026-09-28 06:41:04,
4055,8834,missing_address,MEDIUM,HIGH,OPEN,2026-09-28 06:41:04,
4056,8835,missing_address,MEDIUM,HIGH,OPEN,2026-09-28 06:41:04,
4057,8836,missing_address,MEDIUM,HIGH,OPEN,2026-09-28 06:41:04,
4058,8837,missing_address,MEDIUM,HIGH,OPEN,2026-09-28 06:41:04,
4059,8838,missing_address,MEDIUM,HIGH,OPEN,2026-09-28 06:41:04,
4060,8839,missing_address,MEDIUM,HIGH,OPEN,2026-09-28 06:41:04,
4061,8840,missing_address,MEDIUM,HIGH,OPEN,2026-09-28 06:41:04,
4062,8841,missing_address,MEDIUM,HIGH,OPEN,2026-09-28 06:41:04,
4063,8842,missing_address,MEDIUM,HIGH,OPEN,2026-09-28 06:41:04,
4064,8843,missing_address,MEDIUM,HIGH,OPEN,2026-09-28 06:41:04,
4065,8844,missing_address,MEDIUM,HIGH,OPEN,2026-09-28 06:41:04,
4066,8845,missing_address,MEDIUM,HIGH,OPEN,2026-09-28 06:41:04,
4067,8846,missing_address,MEDIUM,HIGH,OPEN,2026-09-28 06:41:04,
4068,8847,missing_address,MEDIUM,HIGH,OPEN,2026-09-28 06:41:04,
4069,8848,missing_address,MEDIUM,HIGH,OPEN,2026-09-28 06:41:04,
4070,8849,missing_address,MEDIUM,HIGH,OPEN,2026-09-28 06:41:04,
4071,8850,missing_address,MEDIUM,HIGH,OPEN,2026-09-28 06:41:04,
4072,8851,missing_address,MEDIUM,HIGH,OPEN,2026-09-28 06:41:04,
4073,8852,missing_address,MEDIUM,HIGH,OPEN,2026-09-28 06:41:04,
4074,8853,missing_address,MEDIUM,HIGH,OPEN,2026-09-28 06:41:04,
4075,8854,missing_address,MEDIUM,HIGH,OPEN,2026-09-28 06:41:04,
4076,8855,missing_address,MEDIUM,HIGH,OPEN,2026-09-28 06:41:04,
4077,8856,missing_address,MEDIUM,HIGH,OPEN,2026-09-28 06:41:04,
4078,8857,missing_address,MEDIUM,HIGH,OPEN,2026-09-28 06:41:04,
4079,8858,missing_address,MEDIUM,HIGH,OPEN,2026-09-28 06:41:04,
4080,8859,missing_address,MEDIUM,HIGH,OPEN,2026-09-28 06:41:04,
4081,8860,missing_address,MEDIUM,HIGH,OPEN,2026-09-28 06:41:04,
4082,8861,missing_address,MEDIUM,HIGH,OPEN,2026-09-28 06:41:04,
4083,8862,missing_address,MEDIUM,HIGH,OPEN,2026-09-28 06:41:04,
4084,8863,missing_address,MEDIUM,HIGH,OPEN,2026-09-28 06:41:04,
4085,8864,missing_address,MEDIUM,HIGH,OPEN,2026-09-28 06:41:04,
4086,8865,missing_address,MEDIUM,HIGH,OPEN,2026-09-28 06:41:04,
4087,8866,missing_address,MEDIUM,HIGH,OPEN,2026-09-28 06:41:04,
4088,8867,missing_address,MEDIUM,HIGH,OPEN,2026-09-28 06:41:04,
4089,8868,missing_address,MEDIUM,HIGH,OPEN,2026-09-28 06:41:04,
4090,8869,missing_address,MEDIUM,HIGH,OPEN,2026-09-28 06:41:04,
4091,8870,missing_address,MEDIUM,HIGH,OPEN,2026-09-28 06:41:04,
4092,8871,missing_address,MEDIUM,HIGH,OPEN,2026-09-28 06:41:04,
4093,8872,missing_address,MEDIUM,HIGH,OPEN,2026-09-28 06:41:04,
4094,8873,missing_address,MEDIUM,HIGH,OPEN,2026-09-28 06:41:04,
4095,8874,missing_address,MEDIUM,HIGH,OPEN,2026-09-28 06:41:04,
4096,8875,missing_address,MEDIUM,HIGH,OPEN,2026-09-28 06:41:04,
4097,8876,missing_address,MEDIUM,HIGH,OPEN,2026-09-28 06:41:04,
4098,8877,missing_address,MEDIUM,HIGH,OPEN,2026-09-28 06:41:04,
4099,8878,missing_address,MEDIUM,HIGH,OPEN,2026-09-28 06:41:04,
4100,8879,missing_address,MEDIUM,HIGH,OPEN,2026-09-28 06:41:04,
4101,8880,missing_address,MEDIUM,HIGH,OPEN,2026-09-28 06:41:04,
4102,8881,missing_address,MEDIUM,HIGH,OPEN,2026-09-28 06:41:04,
4103,8882,missing_address,MEDIUM,HIGH,OPEN,2026-09-28 06:41:04,
4104,8883,missing_address,MEDIUM,HIGH,OPEN,2026-09-28 06:41:04,
4105,8884,missing_address,MEDIUM,HIGH,OPEN,2026-09-28 06:41:04,
4106,8885,missing_address,MEDIUM,HIGH,OPEN,2026-09-28 06:41:04,
4107,8886,missing_address,MEDIUM,HIGH,OPEN,2026-09-28 06:41:04,
4108,8887,missing_address,MEDIUM,HIGH,OPEN,2026-09-28 06:41:04,
4109,8888,missing_address,MEDIUM,HIGH,OPEN,2026-09-28 06:41:04,
4110,8889,missing_address,MEDIUM,HIGH,OPEN,2026-09-28 06:41:04,
4111,8890,missing_address,MEDIUM,HIGH,OPEN,2026-09-28 06:41:04,
4112,8891,missing_address,MEDIUM,HIGH,OPEN,2026-09-28 06:41:04,
4113,8892,missing_address,MEDIUM,HIGH,OPEN,2026-09-28 06:41:04,
4114,8893,missing_address,MEDIUM,HIGH,OPEN,2026-09-28 06:41:04,
4115,8894,missing_address,MEDIUM,HIGH,OPEN,2026-09-28 06:41:04,
4116,8895,missing_address,MEDIUM,HIGH,OPEN,2026-09-28 06:41:04,
4117,8896,missing_address,MEDIUM,HIGH,OPEN,2026-09-28 06:41:04,
4118,8897,missing_address,MEDIUM,HIGH,OPEN,2026-09-28 06:41:04,
4119,8898,missing_address,MEDIUM,HIGH,OPEN,2026-09-28 06:41:04,
4120,8899,missing_address,MEDIUM,HIGH,OPEN,2026-09-28 06:41:04,
4121,8900,missing_address,MEDIUM,HIGH,OPEN,2026-09-28 06:41:04,
4122,8901,missing_address,MEDIUM,HIGH,OPEN,2026-09-28 06:41:04,
4123,8902,missing_address,MEDIUM,HIGH,OPEN,2026-09-28 06:41:04,
4124,8903,missing_address,MEDIUM,HIGH,OPEN,2026-09-28 06:41:04,
4125,8904,missing_address,MEDIUM,HIGH,OPEN,2026-09-28 06:41:04,
4126,8905,missing_address,MEDIUM,HIGH,OPEN,2026-09-28 06:41:04,
4127,8906,missing_address,MEDIUM,HIGH,OPEN,2026-09-28 06:41:04,
4128,8907,missing_address,MEDIUM,HIGH,OPEN,2026-09-28 06:41:04,
4129,8908,missing_address,MEDIUM,HIGH,OPEN,2026-09-28 06:41:04,
4130,8909,missing_address,MEDIUM,HIGH,OPEN,2026-09-28 06:41:04,
4131,8910,missing_address,MEDIUM,HIGH,OPEN,2026-09-28 06:41:04,
4132,8911,missing_address,MEDIUM,HIGH,OPEN,2026-09-28 06:41:04,
4133,8912,missing_address,MEDIUM,HIGH,OPEN,2026-09-28 06:41:04,
4134,8913,missing_address,MEDIUM,HIGH,OPEN,2026-09-28 06:41:04,
4135,8914,missing_address,MEDIUM,HIGH,OPEN,2026-09-28 06:41:04,
4136,8915,missing_address,MEDIUM,HIGH,OPEN,2026-09-28 06:41:04,
4137,8916,missing_address,MEDIUM,HIGH,OPEN,2026-09-28 06:41:04,
4138,8917,missing_address,MEDIUM,HIGH,OPEN,2026-09-28 06:41:04,
4139,8918,missing_address,MEDIUM,HIGH,OPEN,2026-09-28 06:41:04,
4140,8919,missing_address,MEDIUM,HIGH,OPEN,2026-09-28 06:41:04,
4141,8920,missing_address,MEDIUM,HIGH,OPEN,2026-09-28 06:41:04,
4142,8921,missing_address,MEDIUM,HIGH,OPEN,2026-09-28 06:41:04,
4143,8922,missing_address,MEDIUM,HIGH,OPEN,2026-09-28 06:41:04,
4144,8923,missing_address,MEDIUM,HIGH,OPEN,2026-09-28 06:41:04,
4145,8924,missing_address,MEDIUM,HIGH,OPEN,2026-09-28 06:41:04,
4146,8925,missing_address,MEDIUM,HIGH,OPEN,2026-09-28 06:41:04,
4147,8926,missing_address,MEDIUM,HIGH,OPEN,2026-09-28 06:41:04,
4148,8927,missing_address,MEDIUM,HIGH,OPEN,2026-09-28 06:41:04,
4149,8928,missing_address,MEDIUM,HIGH,OPEN,2026-09-28 06:41:04,
4150,8929,missing_address,MEDIUM,HIGH,OPEN,2026-09-28 06:41:04,
4151,8930,missing_address,MEDIUM,HIGH,OPEN,2026-09-28 06:41:04,
4152,8931,missing_address,MEDIUM,HIGH,OPEN,2026-09-28 06:41:04,
4153,8932,missing_address,MEDIUM,HIGH,OPEN,2026-09-28 06:41:04,
4154,8933,missing_address,MEDIUM,HIGH,OPEN,2026-09-28 06:41:04,
4155,8934,missing_address,MEDIUM,HIGH,OPEN,2026-09-28 06:41:04,
4156,8935,missing_address,MEDIUM,HIGH,OPEN,2026-09-28 06:41:04,
4157,8936,missing_address,MEDIUM,HIGH,OPEN,2026-09-28 06:41:04,
4158,8937,missing_address,MEDIUM,HIGH,OPEN,2026-09-28 06:41:04,
4159,8938,missing_address,MEDIUM,HIGH,OPEN,2026-09-28 06:41:04,
4160,8939,missing_address,MEDIUM,HIGH,OPEN,2026-09-28 06:41:04,
4161,8940,missing_address,MEDIUM,HIGH,OPEN,2026-09-28 06:41:04,
4162,8941,missing_address,MEDIUM,HIGH,OPEN,2026-09-28 06:41:04,
4163,8942,missing_address,MEDIUM,HIGH,OPEN,2026-09-28 06:41:04,
4164,8943,missing_address,MEDIUM,HIGH,OPEN,2026-09-28 06:41:04,
4165,8944,missing_address,MEDIUM,HIGH,OPEN,2026-09-28 06:41:04,
4166,8945,missing_address,MEDIUM,HIGH,OPEN,2026-09-28 06:41:04,
4167,8946,missing_address,MEDIUM,HIGH,OPEN,2026-09-28 06:41:04,
4168,8947,missing_address,MEDIUM,HIGH,OPEN,2026-09-28 06:41:04,
4169,8948,missing_address,MEDIUM,HIGH,OPEN,2026-09-28 06:41:04,
4170,8949,missing_address,MEDIUM,HIGH,OPEN,2026-09-28 06:41:04,
4171,8950,missing_address,MEDIUM,HIGH,OPEN,2026-09-28 06:41:04,
4172,8951,missing_address,MEDIUM,HIGH,OPEN,2026-09-28 06:41:04,
4173,8952,missing_address,MEDIUM,HIGH,OPEN,2026-09-28 06:41:04,
4174,8953,missing_address,MEDIUM,HIGH,OPEN,2026-09-28 06:41:04,
4175,8954,missing_address,MEDIUM,HIGH,OPEN,2026-09-28 06:41:04,
4176,8955,missing_address,MEDIUM,HIGH,OPEN,2026-09-28 06:41:04,
4177,8956,missing_address,MEDIUM,HIGH,OPEN,2026-09-28 06:41:04,
4178,8957,missing_address,MEDIUM,HIGH,OPEN,2026-09-28 06:41:04,
4179,8958,missing_address,MEDIUM,HIGH,OPEN,2026-09-28 06:41:04,
4180,8959,missing_address,MEDIUM,HIGH,OPEN,2026-09-28 06:41:04,
4181,8960,missing_address,MEDIUM,HIGH,OPEN,2026-09-28 06:41:04,
4182,8961,missing_address,MEDIUM,HIGH,OPEN,2026-09-28 06:41:04,
4183,8962,missing_address,MEDIUM,HIGH,OPEN,2026-09-28 06:41:04,
4184,8963,missing_address,MEDIUM,HIGH,OPEN,2026-09-28 06:41:04,
4185,8964,missing_address,MEDIUM,HIGH,OPEN,2026-09-28 06:41:04,
4186,8965,missing_address,MEDIUM,HIGH,OPEN,2026-09-28 06:41:04,
4187,8966,missing_address,MEDIUM,HIGH,OPEN,2026-09-28 06:41:04,
4188,8967,missing_address,MEDIUM,HIGH,OPEN,2026-09-28 06:41:04,
4189,8968,missing_address,MEDIUM,HIGH,OPEN,2026-09-28 06:41:04,
4190,8969,missing_address,MEDIUM,HIGH,OPEN,2026-09-28 06:41:04,
4191,8970,missing_address,MEDIUM,HIGH,OPEN,2026-09-28 06:41:04,
4192,8971,missing_address,MEDIUM,HIGH,OPEN,2026-09-28 06:41:04,
4193,8972,missing_address,MEDIUM,HIGH,OPEN,2026-09-28 06:41:04,
4194,8973,missing_address,MEDIUM,HIGH,OPEN,2026-09-28 06:41:04,
4195,8974,missing_address,MEDIUM,HIGH,OPEN,2026-09-28 06:41:04,
4196,8975,missing_address,MEDIUM,HIGH,OPEN,2026-09-28 06:41:04,
4197,8976,missing_address,MEDIUM,HIGH,OPEN,2026-09-28 06:41:04,
4198,8977,missing_address,MEDIUM,HIGH,OPEN,2026-09-28 06:41:04,
4199,8978,missing_address,MEDIUM,HIGH,OPEN,2026-09-28 06:41:04,
4200,8979,missing_address,MEDIUM,HIGH,OPEN,2026-09-28 06:41:04,
4201,8980,missing_address,MEDIUM,HIGH,OPEN,2026-09-28 06:41:04,
4202,8981,missing_address,MEDIUM,HIGH,OPEN,2026-09-28 06:41:04,
4203,8982,missing_address,MEDIUM,HIGH,OPEN,2026-09-28 06:41:04,
4204,8983,missing_address,MEDIUM,HIGH,OPEN,2026-09-28 06:41:04,
4205,8984,missing_address,MEDIUM,HIGH,OPEN,2026-09-28 06:41:04,
4206,8985,missing_address,MEDIUM,HIGH,OPEN,2026-09-28 06:41:04,
4207,8986,missing_address,MEDIUM,HIGH,OPEN,2026-09-28 06:41:04,
4208,8987,missing_address,MEDIUM,HIGH,OPEN,2026-09-28 06:41:04,
4209,8988,missing_address,MEDIUM,HIGH,OPEN,2026-09-28 06:41:04,
4210,8989,missing_address,MEDIUM,HIGH,OPEN,2026-09-28 06:41:04,
4211,8990,missing_address,MEDIUM,HIGH,OPEN,2026-09-28 06:41:04,
4212,8991,missing_address,MEDIUM,HIGH,OPEN,2026-09-28 06:41:04,
4213,8992,missing_address,MEDIUM,HIGH,OPEN,2026-09-28 06:41:04,
4214,8993,missing_address,MEDIUM,HIGH,OPEN,2026-09-28 06:41:04,
4215,8994,missing_address,MEDIUM,HIGH,OPEN,2026-09-28 06:41:04,
4216,8995,missing_address,MEDIUM,HIGH,OPEN,2026-09-28 06:41:04,
4217,8996,missing_address,MEDIUM,HIGH,OPEN,2026-09-28 06:41:04,
4218,8997,missing_address,MEDIUM,HIGH,OPEN,2026-09-28 06:41:04,
4219,8998,missing_address,MEDIUM,HIGH,OPEN,2026-09-28 06:41:04,
4220,8999,missing_address,MEDIUM,HIGH,OPEN,2026-09-28 06:41:04,
4221,9000,missing_address,MEDIUM,HIGH,OPEN,2026-09-28 06:41:04,
4222,9001,missing_address,MEDIUM,HIGH,OPEN,2026-09-28 06:41:04,
4223,9002,missing_address,MEDIUM,HIGH,OPEN,2026-09-28 06:41:04,
4224,9003,missing_address,MEDIUM,HIGH,OPEN,2026-09-28 06:41:04,
4225,9004,missing_address,MEDIUM,HIGH,OPEN,2026-09-28 06:41:04,
4226,9005,missing_address,MEDIUM,HIGH,OPEN,2026-09-28 06:41:04,
4227,9006,missing_address,MEDIUM,HIGH,OPEN,2026-09-28 06:41:04,
4228,9007,missing_address,MEDIUM,HIGH,OPEN,2026-09-28 06:41:04,
4229,9008,missing_address,MEDIUM,HIGH,OPEN,2026-09-28 06:41:04,
4230,9009,missing_address,MEDIUM,HIGH,OPEN,2026-09-28 06:41:04,
4231,9010,missing_address,MEDIUM,HIGH,OPEN,2026-09-28 06:41:04,
4232,9011,missing_address,MEDIUM,HIGH,OPEN,2026-09-28 06:41:04,
4233,9012,missing_address,MEDIUM,HIGH,OPEN,2026-09-28 06:41:04,
4234,9013,missing_address,MEDIUM,HIGH,OPEN,2026-09-28 06:41:04,
4235,9014,missing_address,MEDIUM,HIGH,OPEN,2026-09-28 06:41:04,
4236,9015,missing_address,MEDIUM,HIGH,OPEN,2026-09-28 06:41:04,
4237,9016,missing_address,MEDIUM,HIGH,OPEN,2026-09-28 06:41:04,
4238,9017,missing_address,MEDIUM,HIGH,OPEN,2026-09-28 06:41:04,
4239,9018,missing_address,MEDIUM,HIGH,OPEN,2026-09-28 06:41:04,
4240,9019,missing_address,MEDIUM,HIGH,OPEN,2026-09-28 06:41:04,
4241,9020,missing_address,MEDIUM,HIGH,OPEN,2026-09-28 06:41:04,
4242,9021,missing_address,MEDIUM,HIGH,OPEN,2026-09-28 06:41:04,
4243,9022,missing_address,MEDIUM,HIGH,OPEN,2026-09-28 06:41:04,
4244,9023,missing_address,MEDIUM,HIGH,OPEN,2026-09-28 06:41:04,
4245,9024,missing_address,MEDIUM,HIGH,OPEN,2026-09-28 06:41:04,
4246,9025,missing_address,MEDIUM,HIGH,OPEN,2026-09-28 06:41:04,
4247,9026,missing_address,MEDIUM,HIGH,OPEN,2026-09-28 06:41:04,
4248,9027,missing_address,MEDIUM,HIGH,OPEN,2026-09-28 06:41:04,
4249,9028,missing_address,MEDIUM,HIGH,OPEN,2026-09-28 06:41:04,
4250,9029,missing_address,MEDIUM,HIGH,OPEN,2026-09-28 06:41:04,
4251,9030,missing_address,MEDIUM,HIGH,OPEN,2026-09-28 06:41:04,
4252,9031,missing_address,MEDIUM,HIGH,OPEN,2026-09-28 06:41:04,
4253,9032,missing_address,MEDIUM,HIGH,OPEN,2026-09-28 06:41:04,
4254,9033,missing_address,MEDIUM,HIGH,OPEN,2026-09-28 06:41:04,
4255,9034,missing_address,MEDIUM,HIGH,OPEN,2026-09-28 06:41:04,
4256,9035,missing_address,MEDIUM,HIGH,OPEN,2026-09-28 06:41:04,
4257,9036,missing_address,MEDIUM,HIGH,OPEN,2026-09-28 06:41:04,
4258,9037,missing_address,MEDIUM,HIGH,OPEN,2026-09-28 06:41:04,
4259,9038,missing_address,MEDIUM,HIGH,OPEN,2026-09-28 06:41:04,
4260,9039,missing_address,MEDIUM,HIGH,OPEN,2026-09-28 06:41:04,
4261,9040,missing_address,MEDIUM,HIGH,OPEN,2026-09-28 06:41:04,
4262,9041,missing_address,MEDIUM,HIGH,OPEN,2026-09-28 06:41:04,
4263,9042,missing_address,MEDIUM,HIGH,OPEN,2026-09-28 06:41:04,
4264,9043,missing_address,MEDIUM,HIGH,OPEN,2026-09-28 06:41:04,
4265,9044,missing_address,MEDIUM,HIGH,OPEN,2026-09-28 06:41:04,
4266,9045,missing_address,MEDIUM,HIGH,OPEN,2026-09-28 06:41:04,
4267,9046,missing_address,MEDIUM,HIGH,OPEN,2026-09-28 06:41:04,
4268,9047,missing_address,MEDIUM,HIGH,OPEN,2026-09-28 06:41:04,
4269,9048,missing_address,MEDIUM,HIGH,OPEN,2026-09-28 06:41:04,
4270,9049,missing_address,MEDIUM,HIGH,OPEN,2026-09-28 06:41:04,
4271,9050,missing_address,MEDIUM,HIGH,OPEN,2026-09-28 06:41:04,
4272,9051,missing_address,MEDIUM,HIGH,OPEN,2026-09-28 06:41:04,
4273,9052,missing_address,MEDIUM,HIGH,OPEN,2026-09-28 06:41:04,
4274,9053,missing_address,MEDIUM,HIGH,OPEN,2026-09-28 06:41:04,
4275,9054,missing_address,MEDIUM,HIGH,OPEN,2026-09-28 06:41:04,
4276,9055,missing_address,MEDIUM,HIGH,OPEN,2026-09-28 06:41:04,
4277,9056,missing_address,MEDIUM,HIGH,OPEN,2026-09-28 06:41:04,
4278,9057,missing_address,MEDIUM,HIGH,OPEN,2026-09-28 06:41:04,
4279,9058,missing_address,MEDIUM,HIGH,OPEN,2026-09-28 06:41:04,
4280,9059,missing_address,MEDIUM,HIGH,OPEN,2026-09-28 06:41:04,
4281,9060,missing_address,MEDIUM,HIGH,OPEN,2026-09-28 06:41:04,
4282,9061,missing_address,MEDIUM,HIGH,OPEN,2026-09-28 06:41:04,
4283,9062,missing_address,MEDIUM,HIGH,OPEN,2026-09-28 06:41:04,
4284,9063,missing_address,MEDIUM,HIGH,OPEN,2026-09-28 06:41:04,
4285,9064,missing_address,MEDIUM,HIGH,OPEN,2026-09-28 06:41:04,
4286,9065,missing_address,MEDIUM,HIGH,OPEN,2026-09-28 06:41:04,
4287,9066,missing_address,MEDIUM,HIGH,OPEN,2026-09-28 06:41:04,
4288,9067,missing_address,MEDIUM,HIGH,OPEN,2026-09-28 06:41:04,
4289,9068,missing_address,MEDIUM,HIGH,OPEN,2026-09-28 06:41:04,
4290,9069,missing_address,MEDIUM,HIGH,OPEN,2026-09-28 06:41:04,
4291,9070,missing_address,MEDIUM,HIGH,OPEN,2026-09-28 06:41:04,
4292,9071,missing_address,MEDIUM,HIGH,OPEN,2026-09-28 06:41:04,
4293,9072,missing_address,MEDIUM,HIGH,OPEN,2026-09-28 06:41:04,
4294,9073,missing_address,MEDIUM,HIGH,OPEN,2026-09-28 06:41:04,
4295,9074,missing_address,MEDIUM,HIGH,OPEN,2026-09-28 06:41:04,
4296,9075,missing_address,MEDIUM,HIGH,OPEN,2026-09-28 06:41:04,
4297,9076,missing_address,MEDIUM,HIGH,OPEN,2026-09-28 06:41:04,
4298,9077,missing_address,MEDIUM,HIGH,OPEN,2026-09-28 06:41:04,
4299,9078,missing_address,MEDIUM,HIGH,OPEN,2026-09-28 06:41:04,
4300,9079,missing_address,MEDIUM,HIGH,OPEN,2026-09-28 06:41:04,
4301,9080,missing_address,MEDIUM,HIGH,OPEN,2026-09-28 06:41:04,
4302,9081,missing_address,MEDIUM,HIGH,OPEN,2026-09-28 06:41:04,
4303,9082,missing_address,MEDIUM,HIGH,OPEN,2026-09-28 06:41:04,
4304,9083,missing_address,MEDIUM,HIGH,OPEN,2026-09-28 06:41:04,
4305,9084,missing_address,MEDIUM,HIGH,OPEN,2026-09-28 06:41:04,
4306,9085,missing_address,MEDIUM,HIGH,OPEN,2026-09-28 06:41:04,
4307,9086,missing_address,MEDIUM,HIGH,OPEN,2026-09-28 06:41:04,
4308,9087,missing_address,MEDIUM,HIGH,OPEN,2026-09-28 06:41:04,
4309,9088,missing_address,MEDIUM,HIGH,OPEN,2026-09-28 06:41:04,
4310,9089,missing_address,MEDIUM,HIGH,OPEN,2026-09-28 06:41:04,
4311,9090,missing_address,MEDIUM,HIGH,OPEN,2026-09-28 06:41:04,
4312,9091,missing_address,MEDIUM,HIGH,OPEN,2026-09-28 06:41:04,
4313,9092,missing_address,MEDIUM,HIGH,OPEN,2026-09-28 06:41:04,
4314,9093,missing_address,MEDIUM,HIGH,OPEN,2026-09-28 06:41:04,
4315,9094,missing_address,MEDIUM,HIGH,OPEN,2026-09-28 06:41:04,
4316,9095,missing_address,MEDIUM,HIGH,OPEN,2026-09-28 06:41:04,
4317,9096,missing_address,MEDIUM,HIGH,OPEN,2026-09-28 06:41:04,
4318,9097,missing_address,MEDIUM,HIGH,OPEN,2026-09-28 06:41:04,
4319,9098,missing_address,MEDIUM,HIGH,OPEN,2026-09-28 06:41:04,
4320,9099,missing_address,MEDIUM,HIGH,OPEN,2026-09-28 06:41:04,
4321,9100,missing_address,MEDIUM,HIGH,OPEN,2026-09-28 06:41:04,
4322,9101,missing_address,MEDIUM,HIGH,OPEN,2026-09-28 06:41:04,
4323,9102,missing_address,MEDIUM,HIGH,OPEN,2026-09-28 06:41:04,
4324,9103,missing_address,MEDIUM,HIGH,OPEN,2026-09-28 06:41:04,
4325,9104,missing_address,MEDIUM,HIGH,OPEN,2026-09-28 06:41:04,
4326,9105,missing_address,MEDIUM,HIGH,OPEN,2026-09-28 06:41:04,
4327,9106,missing_address,MEDIUM,HIGH,OPEN,2026-09-28 06:41:04,
4328,9107,missing_address,MEDIUM,HIGH,OPEN,2026-09-28 06:41:04,
4329,9108,missing_address,MEDIUM,HIGH,OPEN,2026-09-28 06:41:04,
4330,9109,missing_address,MEDIUM,HIGH,OPEN,2026-09-28 06:41:04,
4331,9110,missing_address,MEDIUM,HIGH,OPEN,2026-09-28 06:41:04,
4332,9111,missing_address,MEDIUM,HIGH,OPEN,2026-09-28 06:41:04,
4333,9112,missing_address,MEDIUM,HIGH,OPEN,2026-09-28 06:41:04,
4334,9113,missing_address,MEDIUM,HIGH,OPEN,2026-09-28 06:41:04,
4335,9114,missing_address,MEDIUM,HIGH,OPEN,2026-09-28 06:41:04,
4336,9115,missing_address,MEDIUM,HIGH,OPEN,2026-09-28 06:41:04,
4337,9116,missing_address,MEDIUM,HIGH,OPEN,2026-09-28 06:41:04,
4338,9117,missing_address,MEDIUM,HIGH,OPEN,2026-09-28 06:41:04,
4339,9118,missing_address,MEDIUM,HIGH,OPEN,2026-09-28 06:41:04,
4340,9119,missing_address,MEDIUM,HIGH,OPEN,2026-09-28 06:41:04,
4341,9120,missing_address,MEDIUM,HIGH,OPEN,2026-09-28 06:41:04,
4342,9121,missing_address,MEDIUM,HIGH,OPEN,2026-09-28 06:41:04,
4343,9122,missing_address,MEDIUM,HIGH,OPEN,2026-09-28 06:41:04,
4344,9123,missing_address,MEDIUM,HIGH,OPEN,2026-09-28 06:41:04,
4345,9124,missing_address,MEDIUM,HIGH,OPEN,2026-09-28 06:41:04,
4346,9125,missing_address,MEDIUM,HIGH,OPEN,2026-09-28 06:41:04,
4347,9126,missing_address,MEDIUM,HIGH,OPEN,2026-09-28 06:41:04,
4348,9127,missing_address,MEDIUM,HIGH,OPEN,2026-09-28 06:41:04,
4349,9128,missing_address,MEDIUM,HIGH,OPEN,2026-09-28 06:41:04,
4350,9129,missing_address,MEDIUM,HIGH,OPEN,2026-09-28 06:41:04,
4351,9130,missing_address,MEDIUM,HIGH,OPEN,2026-09-28 06:41:04,
4352,9131,missing_address,MEDIUM,HIGH,OPEN,2026-09-28 06:41:04,
4353,9132,missing_address,MEDIUM,HIGH,OPEN,2026-09-28 06:41:04,
4354,9133,missing_address,MEDIUM,HIGH,OPEN,2026-09-28 06:41:04,
4355,9134,missing_address,MEDIUM,HIGH,OPEN,2026-09-28 06:41:04,
4356,9135,missing_address,MEDIUM,HIGH,OPEN,2026-09-28 06:41:04,
4357,9136,missing_address,MEDIUM,HIGH,OPEN,2026-09-28 06:41:04,
4358,9137,missing_address,MEDIUM,HIGH,OPEN,2026-09-28 06:41:04,
4359,9138,missing_address,MEDIUM,HIGH,OPEN,2026-09-28 06:41:04,
4360,9139,missing_address,MEDIUM,HIGH,OPEN,2026-09-28 06:41:04,
4361,9140,missing_address,MEDIUM,HIGH,OPEN,2026-09-28 06:41:04,
4362,9141,missing_address,MEDIUM,HIGH,OPEN,2026-09-28 06:41:04,
4363,9142,missing_address,MEDIUM,HIGH,OPEN,2026-09-28 06:41:04,
4364,9143,missing_address,MEDIUM,HIGH,OPEN,2026-09-28 06:41:04,
4365,9144,missing_address,MEDIUM,HIGH,OPEN,2026-09-28 06:41:04,
4366,9145,missing_address,MEDIUM,HIGH,OPEN,2026-09-28 06:41:04,
4367,9146,missing_address,MEDIUM,HIGH,OPEN,2026-09-28 06:41:04,
4368,9147,missing_address,MEDIUM,HIGH,OPEN,2026-09-28 06:41:04,
4369,9148,missing_address,MEDIUM,HIGH,OPEN,2026-09-28 06:41:04,
4370,9149,missing_address,MEDIUM,HIGH,OPEN,2026-09-28 06:41:04,
4371,9150,missing_address,MEDIUM,HIGH,OPEN,2026-09-28 06:41:04,
4372,9151,missing_address,MEDIUM,HIGH,OPEN,2026-09-28 06:41:04,
4373,9152,missing_address,MEDIUM,HIGH,OPEN,2026-09-28 06:41:04,
4374,9153,missing_address,MEDIUM,HIGH,OPEN,2026-09-28 06:41:04,
4375,9154,missing_address,MEDIUM,HIGH,OPEN,2026-09-28 06:41:04,
4376,9155,missing_address,MEDIUM,HIGH,OPEN,2026-09-28 06:41:04,
4377,9156,missing_address,MEDIUM,HIGH,OPEN,2026-09-28 06:41:04,
4378,9157,missing_address,MEDIUM,HIGH,OPEN,2026-09-28 06:41:04,
4379,9158,missing_address,MEDIUM,HIGH,OPEN,2026-09-28 06:41:04,
4380,9159,missing_address,MEDIUM,HIGH,OPEN,2026-09-28 06:41:04,
4381,9160,missing_address,MEDIUM,HIGH,OPEN,2026-09-28 06:41:04,
4382,9161,missing_address,MEDIUM,HIGH,OPEN,2026-09-28 06:41:04,
4383,9162,missing_address,MEDIUM,HIGH,OPEN,2026-09-28 06:41:04,
4384,9163,missing_address,MEDIUM,HIGH,OPEN,2026-09-28 06:41:04,
4385,9164,missing_address,MEDIUM,HIGH,OPEN,2026-09-28 06:41:04,
4386,9165,missing_address,MEDIUM,HIGH,OPEN,2026-09-28 06:41:04,
4387,9166,missing_address,MEDIUM,HIGH,OPEN,2026-09-28 06:41:04,
4388,9167,missing_address,MEDIUM,HIGH,OPEN,2026-09-28 06:41:04,
4389,9168,missing_address,MEDIUM,HIGH,OPEN,2026-09-28 06:41:04,
4390,9169,missing_address,MEDIUM,HIGH,OPEN,2026-09-28 06:41:04,
4391,9170,missing_address,MEDIUM,HIGH,OPEN,2026-09-28 06:41:04,
4392,9171,missing_address,MEDIUM,HIGH,OPEN,2026-09-28 06:41:04,
4393,9172,missing_address,MEDIUM,HIGH,OPEN,2026-09-28 06:41:04,
4394,9173,missing_address,MEDIUM,HIGH,OPEN,2026-09-28 06:41:04,
4395,9174,missing_address,MEDIUM,HIGH,OPEN,2026-09-28 06:41:04,
4396,9175,missing_address,MEDIUM,HIGH,OPEN,2026-09-28 06:41:04,
4397,9176,missing_address,MEDIUM,HIGH,OPEN,2026-09-28 06:41:04,
4398,9177,missing_address,MEDIUM,HIGH,OPEN,2026-09-28 06:41:04,
4399,9178,missing_address,MEDIUM,HIGH,OPEN,2026-09-28 06:41:04,
4400,9179,missing_address,MEDIUM,HIGH,OPEN,2026-09-28 06:41:04,
4401,9180,missing_address,MEDIUM,HIGH,OPEN,2026-09-28 06:41:04,
4402,9181,missing_address,MEDIUM,HIGH,OPEN,2026-09-28 06:41:04,
4403,9182,missing_address,MEDIUM,HIGH,OPEN,2026-09-28 06:41:04,
4404,9183,missing_address,MEDIUM,HIGH,OPEN,2026-09-28 06:41:04,
4405,9184,missing_address,MEDIUM,HIGH,OPEN,2026-09-28 06:41:04,
4406,9185,missing_address,MEDIUM,HIGH,OPEN,2026-09-28 06:41:04,
4407,9186,missing_address,MEDIUM,HIGH,OPEN,2026-09-28 06:41:04,
4408,9187,missing_address,MEDIUM,HIGH,OPEN,2026-09-28 06:41:04,
4409,9188,missing_address,MEDIUM,HIGH,OPEN,2026-09-28 06:41:04,
4410,9189,missing_address,MEDIUM,HIGH,OPEN,2026-09-28 06:41:04,
4411,9190,missing_address,MEDIUM,HIGH,OPEN,2026-09-28 06:41:04,
4412,9191,missing_address,MEDIUM,HIGH,OPEN,2026-09-28 06:41:04,
4413,9192,missing_address,MEDIUM,HIGH,OPEN,2026-09-28 06:41:04,
4414,9193,missing_address,MEDIUM,HIGH,OPEN,2026-09-28 06:41:04,
4415,9194,missing_address,MEDIUM,HIGH,OPEN,2026-09-28 06:41:04,
4416,9195,missing_address,MEDIUM,HIGH,OPEN,2026-09-28 06:41:04,
4417,9196,missing_address,MEDIUM,HIGH,OPEN,2026-09-28 06:41:04,
4418,9197,missing_address,MEDIUM,HIGH,OPEN,2026-09-28 06:41:04,
4419,9198,missing_address,MEDIUM,HIGH,OPEN,2026-09-28 06:41:04,
4420,9199,missing_address,MEDIUM,HIGH,OPEN,2026-09-28 06:41:04,
4421,9200,missing_address,MEDIUM,HIGH,OPEN,2026-09-28 06:41:04,
4422,9201,missing_address,MEDIUM,HIGH,OPEN,2026-09-28 06:41:04,
4423,9202,missing_address,MEDIUM,HIGH,OPEN,2026-09-28 06:41:04,
4424,9203,missing_address,MEDIUM,HIGH,OPEN,2026-09-28 06:41:04,
4425,9204,missing_address,MEDIUM,HIGH,OPEN,2026-09-28 06:41:04,
4426,9205,missing_address,MEDIUM,HIGH,OPEN,2026-09-28 06:41:04,
4427,9206,missing_address,MEDIUM,HIGH,OPEN,2026-09-28 06:41:04,
4428,9207,missing_address,MEDIUM,HIGH,OPEN,2026-09-28 06:41:04,
4429,9208,missing_address,MEDIUM,HIGH,OPEN,2026-09-28 06:41:04,
4430,9209,missing_address,MEDIUM,HIGH,OPEN,2026-09-28 06:41:04,
4431,9210,missing_address,MEDIUM,HIGH,OPEN,2026-09-28 06:41:04,
4432,9211,missing_address,MEDIUM,HIGH,OPEN,2026-09-28 06:41:04,
4433,9212,missing_address,MEDIUM,HIGH,OPEN,2026-09-28 06:41:04,
4434,9213,missing_address,MEDIUM,HIGH,OPEN,2026-09-28 06:41:04,
4435,9214,missing_address,MEDIUM,HIGH,OPEN,2026-09-28 06:41:04,
4436,9215,missing_address,MEDIUM,HIGH,OPEN,2026-09-28 06:41:04,
4437,9216,missing_address,MEDIUM,HIGH,OPEN,2026-09-28 06:41:04,
4438,9217,missing_address,MEDIUM,HIGH,OPEN,2026-09-28 06:41:04,
4439,9218,missing_address,MEDIUM,HIGH,OPEN,2026-09-28 06:41:04,
4440,9219,missing_address,MEDIUM,HIGH,OPEN,2026-09-28 06:41:04,
4441,9220,missing_address,MEDIUM,HIGH,OPEN,2026-09-28 06:41:04,
4442,9221,missing_address,MEDIUM,HIGH,OPEN,2026-09-28 06:41:04,
4443,9222,missing_address,MEDIUM,HIGH,OPEN,2026-09-28 06:41:04,
4444,9223,missing_address,MEDIUM,HIGH,OPEN,2026-09-28 06:41:04,
4445,9224,missing_address,MEDIUM,HIGH,OPEN,2026-09-28 06:41:04,
4446,9225,missing_address,MEDIUM,HIGH,OPEN,2026-09-28 06:41:04,
4447,9226,missing_address,MEDIUM,HIGH,OPEN,2026-09-28 06:41:04,
4448,9227,missing_address,MEDIUM,HIGH,OPEN,2026-09-28 06:41:04,
4449,9228,missing_address,MEDIUM,HIGH,OPEN,2026-09-28 06:41:04,
4450,9229,missing_address,MEDIUM,HIGH,OPEN,2026-09-28 06:41:04,
4451,9230,missing_address,MEDIUM,HIGH,OPEN,2026-09-28 06:41:04,
4452,9231,missing_address,MEDIUM,HIGH,OPEN,2026-09-28 06:41:04,
4453,9232,missing_address,MEDIUM,HIGH,OPEN,2026-09-28 06:41:04,
4454,9233,missing_address,MEDIUM,HIGH,OPEN,2026-09-28 06:41:04,
4455,9234,missing_address,MEDIUM,HIGH,OPEN,2026-09-28 06:41:04,
4456,9235,missing_address,MEDIUM,HIGH,OPEN,2026-09-28 06:41:04,
4457,9236,missing_address,MEDIUM,HIGH,OPEN,2026-09-28 06:41:04,
4458,9237,missing_address,MEDIUM,HIGH,OPEN,2026-09-28 06:41:04,
4459,9238,missing_address,MEDIUM,HIGH,OPEN,2026-09-28 06:41:04,
4460,9239,missing_address,MEDIUM,HIGH,OPEN,2026-09-28 06:41:04,
4461,9240,missing_address,MEDIUM,HIGH,OPEN,2026-09-28 06:41:04,
4462,9241,missing_address,MEDIUM,HIGH,OPEN,2026-09-28 06:41:04,
4463,9242,missing_address,MEDIUM,HIGH,OPEN,2026-09-28 06:41:04,
4464,9243,missing_address,MEDIUM,HIGH,OPEN,2026-09-28 06:41:04,
4465,9244,missing_address,MEDIUM,HIGH,OPEN,2026-09-28 06:41:04,
4466,9245,missing_address,MEDIUM,HIGH,OPEN,2026-09-28 06:41:04,
4467,9246,missing_address,MEDIUM,HIGH,OPEN,2026-09-28 06:41:04,
4468,9247,missing_address,MEDIUM,HIGH,OPEN,2026-09-28 06:41:04,
4469,9248,missing_address,MEDIUM,HIGH,OPEN,2026-09-28 06:41:04,
4470,9249,missing_address,MEDIUM,HIGH,OPEN,2026-09-28 06:41:04,
4471,9250,missing_address,MEDIUM,HIGH,OPEN,2026-09-28 06:41:04,
4472,9251,missing_address,MEDIUM,HIGH,OPEN,2026-09-28 06:41:04,
4473,9252,missing_address,MEDIUM,HIGH,OPEN,2026-09-28 06:41:04,
4474,9253,missing_address,MEDIUM,HIGH,OPEN,2026-09-28 06:41:04,
4475,9254,missing_address,MEDIUM,HIGH,OPEN,2026-09-28 06:41:04,
4476,9255,missing_address,MEDIUM,HIGH,OPEN,2026-09-28 06:41:04,
4477,9256,missing_address,MEDIUM,HIGH,OPEN,2026-09-28 06:41:04,
4478,9257,missing_address,MEDIUM,HIGH,OPEN,2026-09-28 06:41:04,
4479,9258,missing_address,MEDIUM,HIGH,OPEN,2026-09-28 06:41:04,
4480,9259,missing_address,MEDIUM,HIGH,OPEN,2026-09-28 06:41:04,
4481,9260,missing_address,MEDIUM,HIGH,OPEN,2026-09-28 06:41:04,
4482,9261,missing_address,MEDIUM,HIGH,OPEN,2026-09-28 06:41:04,
4483,9262,missing_address,MEDIUM,HIGH,OPEN,2026-09-28 06:41:04,
4484,9263,missing_address,MEDIUM,HIGH,OPEN,2026-09-28 06:41:04,
4485,9264,missing_address,MEDIUM,HIGH,OPEN,2026-09-28 06:41:04,
4486,9265,missing_address,MEDIUM,HIGH,OPEN,2026-09-28 06:41:04,
4487,9266,missing_address,MEDIUM,HIGH,OPEN,2026-09-28 06:41:04,
4488,9267,missing_address,MEDIUM,HIGH,OPEN,2026-09-28 06:41:04,
4489,9268,missing_address,MEDIUM,HIGH,OPEN,2026-09-28 06:41:04,
4490,9269,missing_address,MEDIUM,HIGH,OPEN,2026-09-28 06:41:04,
4491,9270,missing_address,MEDIUM,HIGH,OPEN,2026-09-28 06:41:04,
4492,9271,missing_address,MEDIUM,HIGH,OPEN,2026-09-28 06:41:04,
4493,9272,missing_address,MEDIUM,HIGH,OPEN,2026-09-28 06:41:04,
4494,9273,missing_address,MEDIUM,HIGH,OPEN,2026-09-28 06:41:04,
4495,9274,missing_address,MEDIUM,HIGH,OPEN,2026-09-28 06:41:04,
4496,9275,missing_address,MEDIUM,HIGH,OPEN,2026-09-28 06:41:04,
4497,9276,missing_address,MEDIUM,HIGH,OPEN,2026-09-28 06:41:04,
4498,9277,missing_address,MEDIUM,HIGH,OPEN,2026-09-28 06:41:04,
4499,9278,missing_address,MEDIUM,HIGH,OPEN,2026-09-28 06:41:04,
4500,9279,missing_address,MEDIUM,HIGH,OPEN,2026-09-28 06:41:04,
4501,9280,missing_address,MEDIUM,HIGH,OPEN,2026-09-28 06:41:04,
4502,9281,missing_address,MEDIUM,HIGH,OPEN,2026-09-28 06:41:04,
4503,9282,missing_address,MEDIUM,HIGH,OPEN,2026-09-28 06:41:04,
4504,9283,missing_address,MEDIUM,HIGH,OPEN,2026-09-28 06:41:04,
4505,9284,missing_address,MEDIUM,HIGH,OPEN,2026-09-28 06:41:04,
4506,9285,missing_address,MEDIUM,HIGH,OPEN,2026-09-28 06:41:04,
4507,9286,missing_address,MEDIUM,HIGH,OPEN,2026-09-28 06:41:04,
4508,9287,missing_address,MEDIUM,HIGH,OPEN,2026-09-28 06:41:04,
4509,9288,missing_address,MEDIUM,HIGH,OPEN,2026-09-28 06:41:04,
4510,9289,missing_address,MEDIUM,HIGH,OPEN,2026-09-28 06:41:04,
4511,9290,missing_address,MEDIUM,HIGH,OPEN,2026-09-28 06:41:04,
4512,9291,missing_address,MEDIUM,HIGH,OPEN,2026-09-28 06:41:04,
4513,9292,missing_address,MEDIUM,HIGH,OPEN,2026-09-28 06:41:04,
4514,9293,missing_address,MEDIUM,HIGH,OPEN,2026-09-28 06:41:04,
4515,9294,missing_address,MEDIUM,HIGH,OPEN,2026-09-28 06:41:04,
4516,9295,missing_address,MEDIUM,HIGH,OPEN,2026-09-28 06:41:04,
4517,9296,missing_address,MEDIUM,HIGH,OPEN,2026-09-28 06:41:04,
4518,9297,missing_address,MEDIUM,HIGH,OPEN,2026-09-28 06:41:04,
4519,9298,missing_address,MEDIUM,HIGH,OPEN,2026-09-28 06:41:04,
4520,9299,missing_address,MEDIUM,HIGH,OPEN,2026-09-28 06:41:04,
4521,9300,missing_address,MEDIUM,HIGH,OPEN,2026-09-28 06:41:04,
4522,9301,missing_address,MEDIUM,HIGH,OPEN,2026-09-28 06:41:04,
4523,9302,missing_address,MEDIUM,HIGH,OPEN,2026-09-28 06:41:04,
4524,9303,missing_address,MEDIUM,HIGH,OPEN,2026-09-28 06:41:04,
4525,9304,missing_address,MEDIUM,HIGH,OPEN,2026-09-28 06:41:04,
4526,9305,missing_address,MEDIUM,HIGH,OPEN,2026-09-28 06:41:04,
4527,9306,missing_address,MEDIUM,HIGH,OPEN,2026-09-28 06:41:04,
4528,9307,missing_address,MEDIUM,HIGH,OPEN,2026-09-28 06:41:04,
4529,9308,missing_address,MEDIUM,HIGH,OPEN,2026-09-28 06:41:04,
4530,9309,missing_address,MEDIUM,HIGH,OPEN,2026-09-28 06:41:04,
4531,9310,missing_address,MEDIUM,HIGH,OPEN,2026-09-28 06:41:04,
4532,9311,missing_address,MEDIUM,HIGH,OPEN,2026-09-28 06:41:04,
4533,9312,missing_address,MEDIUM,HIGH,OPEN,2026-09-28 06:41:04,
4534,9313,missing_address,MEDIUM,HIGH,OPEN,2026-09-28 06:41:04,
4535,9314,missing_address,MEDIUM,HIGH,OPEN,2026-09-28 06:41:04,
4536,9315,missing_address,MEDIUM,HIGH,OPEN,2026-09-28 06:41:04,
4537,9316,missing_address,MEDIUM,HIGH,OPEN,2026-09-28 06:41:04,
4538,9317,missing_address,MEDIUM,HIGH,OPEN,2026-09-28 06:41:04,
4539,9318,missing_address,MEDIUM,HIGH,OPEN,2026-09-28 06:41:04,
4540,9319,missing_address,MEDIUM,HIGH,OPEN,2026-09-28 06:41:04,
4541,9320,missing_address,MEDIUM,HIGH,OPEN,2026-09-28 06:41:04,
4542,9321,missing_address,MEDIUM,HIGH,OPEN,2026-09-28 06:41:04,
4543,9322,missing_address,MEDIUM,HIGH,OPEN,2026-09-28 06:41:04,
4544,9323,missing_address,MEDIUM,HIGH,OPEN,2026-09-28 06:41:04,
4545,9324,missing_address,MEDIUM,HIGH,OPEN,2026-09-28 06:41:04,
4546,9325,missing_address,MEDIUM,HIGH,OPEN,2026-09-28 06:41:04,
4547,9326,missing_address,MEDIUM,HIGH,OPEN,2026-09-28 06:41:04,
4548,9327,missing_address,MEDIUM,HIGH,OPEN,2026-09-28 06:41:04,
4549,9328,missing_address,MEDIUM,HIGH,OPEN,2026-09-28 06:41:04,
4550,9329,missing_address,MEDIUM,HIGH,OPEN,2026-09-28 06:41:04,
4551,9330,missing_address,MEDIUM,HIGH,OPEN,2026-09-28 06:41:04,
4552,9331,missing_address,MEDIUM,HIGH,OPEN,2026-09-28 06:41:04,
4553,9332,missing_address,MEDIUM,HIGH,OPEN,2026-09-28 06:41:04,
4554,9333,missing_address,MEDIUM,HIGH,OPEN,2026-09-28 06:41:04,
4555,9334,missing_address,MEDIUM,HIGH,OPEN,2026-09-28 06:41:04,
4556,9335,missing_address,MEDIUM,HIGH,OPEN,2026-09-28 06:41:04,
4557,9336,missing_address,MEDIUM,HIGH,OPEN,2026-09-28 06:41:04,
4558,9337,missing_address,MEDIUM,HIGH,OPEN,2026-09-28 06:41:04,
4559,9338,missing_address,MEDIUM,HIGH,OPEN,2026-09-28 06:41:04,
4560,9339,missing_address,MEDIUM,HIGH,OPEN,2026-09-28 06:41:04,
4561,9340,missing_address,MEDIUM,HIGH,OPEN,2026-09-28 06:41:04,
4562,9341,missing_address,MEDIUM,HIGH,OPEN,2026-09-28 06:41:04,
4563,9342,missing_address,MEDIUM,HIGH,OPEN,2026-09-28 06:41:04,
4564,9343,missing_address,MEDIUM,HIGH,OPEN,2026-09-28 06:41:04,
4565,9344,missing_address,MEDIUM,HIGH,OPEN,2026-09-28 06:41:04,
4566,9345,missing_address,MEDIUM,HIGH,OPEN,2026-09-28 06:41:04,
4567,9346,missing_address,MEDIUM,HIGH,OPEN,2026-09-28 06:41:04,
4568,9347,missing_address,MEDIUM,HIGH,OPEN,2026-09-28 06:41:04,
4569,9348,missing_address,MEDIUM,HIGH,OPEN,2026-09-28 06:41:04,
4570,9349,missing_address,MEDIUM,HIGH,OPEN,2026-09-28 06:41:04,
4571,9350,missing_address,MEDIUM,HIGH,OPEN,2026-09-28 06:41:04,
4572,9351,missing_address,MEDIUM,HIGH,OPEN,2026-09-28 06:41:04,
4573,9352,missing_address,MEDIUM,HIGH,OPEN,2026-09-28 06:41:04,
4574,9353,missing_address,MEDIUM,HIGH,OPEN,2026-09-28 06:41:04,
4575,9354,missing_address,MEDIUM,HIGH,OPEN,2026-09-28 06:41:04,
4576,9355,missing_address,MEDIUM,HIGH,OPEN,2026-09-28 06:41:04,
4577,9356,missing_address,MEDIUM,HIGH,OPEN,2026-09-28 06:41:04,
4578,9357,missing_address,MEDIUM,HIGH,OPEN,2026-09-28 06:41:04,
4579,9358,missing_address,MEDIUM,HIGH,OPEN,2026-09-28 06:41:04,
4580,9359,missing_address,MEDIUM,HIGH,OPEN,2026-09-28 06:41:04,
4581,9360,missing_address,MEDIUM,HIGH,OPEN,2026-09-28 06:41:04,
4582,9361,missing_address,MEDIUM,HIGH,OPEN,2026-09-28 06:41:04,
4583,9362,missing_address,MEDIUM,HIGH,OPEN,2026-09-28 06:41:04,
4584,9363,missing_address,MEDIUM,HIGH,OPEN,2026-09-28 06:41:04,
4585,9364,missing_address,MEDIUM,HIGH,OPEN,2026-09-28 06:41:04,
4586,9365,missing_address,MEDIUM,HIGH,OPEN,2026-09-28 06:41:04,
4587,9366,missing_address,MEDIUM,HIGH,OPEN,2026-09-28 06:41:04,
4588,9367,missing_address,MEDIUM,HIGH,OPEN,2026-09-28 06:41:04,
4589,9368,missing_address,MEDIUM,HIGH,OPEN,2026-09-28 06:41:04,
4590,9369,missing_address,MEDIUM,HIGH,OPEN,2026-09-28 06:41:04,
4591,9370,missing_address,MEDIUM,HIGH,OPEN,2026-09-28 06:41:04,
4592,9371,missing_address,MEDIUM,HIGH,OPEN,2026-09-28 06:41:04,
4593,9372,missing_address,MEDIUM,HIGH,OPEN,2026-09-28 06:41:04,
4594,9373,missing_address,MEDIUM,HIGH,OPEN,2026-09-28 06:41:04,
4595,9374,missing_address,MEDIUM,HIGH,OPEN,2026-09-28 06:41:04,
4596,9375,missing_address,MEDIUM,HIGH,OPEN,2026-09-28 06:41:04,
4597,9376,missing_address,MEDIUM,HIGH,OPEN,2026-09-28 06:41:04,
4598,9377,missing_address,MEDIUM,HIGH,OPEN,2026-09-28 06:41:04,
4599,9378,missing_address,MEDIUM,HIGH,OPEN,2026-09-28 06:41:04,
4600,9379,missing_address,MEDIUM,HIGH,OPEN,2026-09-28 06:41:04,
4601,9380,missing_address,MEDIUM,HIGH,OPEN,2026-09-28 06:41:04,
4602,9381,missing_address,MEDIUM,HIGH,OPEN,2026-09-28 06:41:04,
4603,9382,missing_address,MEDIUM,HIGH,OPEN,2026-09-28 06:41:04,
4604,9383,missing_address,MEDIUM,HIGH,OPEN,2026-09-28 06:41:04,
4605,9384,missing_address,MEDIUM,HIGH,OPEN,2026-09-28 06:41:04,
4606,9385,missing_address,MEDIUM,HIGH,OPEN,2026-09-28 06:41:04,
4607,9386,missing_address,MEDIUM,HIGH,OPEN,2026-09-28 06:41:04,
4608,9387,missing_address,MEDIUM,HIGH,OPEN,2026-09-28 06:41:04,
4609,9388,missing_address,MEDIUM,HIGH,OPEN,2026-09-28 06:41:04,
4610,9389,missing_address,MEDIUM,HIGH,OPEN,2026-09-28 06:41:04,
4611,9390,missing_address,MEDIUM,HIGH,OPEN,2026-09-28 06:41:04,
4612,9391,missing_address,MEDIUM,HIGH,OPEN,2026-09-28 06:41:04,
4613,9392,missing_address,MEDIUM,HIGH,OPEN,2026-09-28 06:41:04,
4614,9393,missing_address,MEDIUM,HIGH,OPEN,2026-09-28 06:41:04,
4615,9394,missing_address,MEDIUM,HIGH,OPEN,2026-09-28 06:41:04,
4616,9395,missing_address,MEDIUM,HIGH,OPEN,2026-09-28 06:41:04,
4617,9396,missing_address,MEDIUM,HIGH,OPEN,2026-09-28 06:41:04,
4618,9397,missing_address,MEDIUM,HIGH,OPEN,2026-09-28 06:41:04,
4619,9398,missing_address,MEDIUM,HIGH,OPEN,2026-09-28 06:41:04,
4620,9399,missing_address,MEDIUM,HIGH,OPEN,2026-09-28 06:41:04,
4621,9400,missing_address,MEDIUM,HIGH,OPEN,2026-09-28 06:41:04,
4622,9401,missing_address,MEDIUM,HIGH,OPEN,2026-09-28 06:41:04,
4623,9402,missing_address,MEDIUM,HIGH,OPEN,2026-09-28 06:41:04,
4624,9403,missing_address,MEDIUM,HIGH,OPEN,2026-09-28 06:41:04,
4625,9404,missing_address,MEDIUM,HIGH,OPEN,2026-09-28 06:41:04,
4626,9405,missing_address,MEDIUM,HIGH,OPEN,2026-09-28 06:41:04,
4627,9406,missing_address,MEDIUM,HIGH,OPEN,2026-09-28 06:41:04,
4628,9407,missing_address,MEDIUM,HIGH,OPEN,2026-09-28 06:41:04,
4629,9408,missing_address,MEDIUM,HIGH,OPEN,2026-09-28 06:41:04,
4630,9409,missing_address,MEDIUM,HIGH,OPEN,2026-09-28 06:41:04,
4631,9410,missing_address,MEDIUM,HIGH,OPEN,2026-09-28 06:41:04,
4632,9411,missing_address,MEDIUM,HIGH,OPEN,2026-09-28 06:41:04,
4633,9412,missing_address,MEDIUM,HIGH,OPEN,2026-09-28 06:41:04,
4634,9413,missing_address,MEDIUM,HIGH,OPEN,2026-09-28 06:41:04,
4635,9414,missing_address,MEDIUM,HIGH,OPEN,2026-09-28 06:41:04,
4636,9415,missing_address,MEDIUM,HIGH,OPEN,2026-09-28 06:41:04,
4637,9416,missing_address,MEDIUM,HIGH,OPEN,2026-09-28 06:41:04,
4638,9417,missing_address,MEDIUM,HIGH,OPEN,2026-09-28 06:41:04,
4639,9418,missing_address,MEDIUM,HIGH,OPEN,2026-09-28 06:41:04,
4640,9419,missing_address,MEDIUM,HIGH,OPEN,2026-09-28 06:41:04,
4641,9420,missing_address,MEDIUM,HIGH,OPEN,2026-09-28 06:41:04,
4642,9421,missing_address,MEDIUM,HIGH,OPEN,2026-09-28 06:41:04,
4643,9422,missing_address,MEDIUM,HIGH,OPEN,2026-09-28 06:41:04,
4644,9423,missing_address,MEDIUM,HIGH,OPEN,2026-09-28 06:41:04,
4645,9424,missing_address,MEDIUM,HIGH,OPEN,2026-09-28 06:41:04,
4646,9425,missing_address,MEDIUM,HIGH,OPEN,2026-09-28 06:41:04,
4647,9426,missing_address,MEDIUM,HIGH,OPEN,2026-09-28 06:41:04,
4648,9427,missing_address,MEDIUM,HIGH,OPEN,2026-09-28 06:41:04,
4649,9428,missing_address,MEDIUM,HIGH,OPEN,2026-09-28 06:41:04,
4650,9429,missing_address,MEDIUM,HIGH,OPEN,2026-09-28 06:41:04,
4651,9430,missing_address,MEDIUM,HIGH,OPEN,2026-09-28 06:41:04,
4652,9431,missing_address,MEDIUM,HIGH,OPEN,2026-09-28 06:41:04,
4653,9432,missing_address,MEDIUM,HIGH,OPEN,2026-09-28 06:41:04,
4654,9433,missing_address,MEDIUM,HIGH,OPEN,2026-09-28 06:41:04,
4655,9434,missing_address,MEDIUM,HIGH,OPEN,2026-09-28 06:41:04,
4656,9435,missing_address,MEDIUM,HIGH,OPEN,2026-09-28 06:41:04,
4657,9436,missing_address,MEDIUM,HIGH,OPEN,2026-09-28 06:41:04,
4658,9437,missing_address,MEDIUM,HIGH,OPEN,2026-09-28 06:41:04,
4659,9438,missing_address,MEDIUM,HIGH,OPEN,2026-09-28 06:41:04,
4660,9439,missing_address,MEDIUM,HIGH,OPEN,2026-09-28 06:41:04,
4661,9440,missing_address,MEDIUM,HIGH,OPEN,2026-09-28 06:41:04,
4662,9441,missing_address,MEDIUM,HIGH,OPEN,2026-09-28 06:41:04,
4663,9442,missing_address,MEDIUM,HIGH,OPEN,2026-09-28 06:41:04,
4664,9443,missing_address,MEDIUM,HIGH,OPEN,2026-09-28 06:41:04,
4665,9444,missing_address,MEDIUM,HIGH,OPEN,2026-09-28 06:41:04,
4666,9445,missing_address,MEDIUM,HIGH,OPEN,2026-09-28 06:41:04,
4667,9446,missing_address,MEDIUM,HIGH,OPEN,2026-09-28 06:41:04,
4668,9447,missing_address,MEDIUM,HIGH,OPEN,2026-09-28 06:41:04,
4669,9448,missing_address,MEDIUM,HIGH,OPEN,2026-09-28 06:41:04,
4670,9449,missing_address,MEDIUM,HIGH,OPEN,2026-09-28 06:41:04,
4671,9450,missing_address,MEDIUM,HIGH,OPEN,2026-09-28 06:41:04,
4672,9451,missing_address,MEDIUM,HIGH,OPEN,2026-09-28 06:41:04,
4673,9452,missing_address,MEDIUM,HIGH,OPEN,2026-09-28 06:41:04,
4674,9453,missing_address,MEDIUM,HIGH,OPEN,2026-09-28 06:41:04,
4675,9454,missing_address,MEDIUM,HIGH,OPEN,2026-09-28 06:41:04,
4676,9455,missing_address,MEDIUM,HIGH,OPEN,2026-09-28 06:41:04,
4677,9456,missing_address,MEDIUM,HIGH,OPEN,2026-09-28 06:41:04,
4678,9457,missing_address,MEDIUM,HIGH,OPEN,2026-09-28 06:41:04,
4679,9458,missing_address,MEDIUM,HIGH,OPEN,2026-09-28 06:41:04,
4680,9459,missing_address,MEDIUM,HIGH,OPEN,2026-09-28 06:41:04,
4681,9460,missing_address,MEDIUM,HIGH,OPEN,2026-09-28 06:41:04,
4682,9461,missing_address,MEDIUM,HIGH,OPEN,2026-09-28 06:41:04,
4683,9462,missing_address,MEDIUM,HIGH,OPEN,2026-09-28 06:41:04,
4684,9463,missing_address,MEDIUM,HIGH,OPEN,2026-09-28 06:41:04,
4685,9464,missing_address,MEDIUM,HIGH,OPEN,2026-09-28 06:41:04,
4686,9465,missing_address,MEDIUM,HIGH,OPEN,2026-09-28 06:41:04,
4687,9466,missing_address,MEDIUM,HIGH,OPEN,2026-09-28 06:41:04,
4688,9467,missing_address,MEDIUM,HIGH,OPEN,2026-09-28 06:41:04,
4689,9468,missing_address,MEDIUM,HIGH,OPEN,2026-09-28 06:41:04,
4690,9469,missing_address,MEDIUM,HIGH,OPEN,2026-09-28 06:41:04,
4691,9470,missing_address,MEDIUM,HIGH,OPEN,2026-09-28 06:41:04,
4692,9471,missing_address,MEDIUM,HIGH,OPEN,2026-09-28 06:41:04,
4693,9472,missing_address,MEDIUM,HIGH,OPEN,2026-09-28 06:41:04,
4694,9473,missing_address,MEDIUM,HIGH,OPEN,2026-09-28 06:41:04,
4695,9474,missing_address,MEDIUM,HIGH,OPEN,2026-09-28 06:41:04,
4696,9475,missing_address,MEDIUM,HIGH,OPEN,2026-09-28 06:41:04,
4697,9476,missing_address,MEDIUM,HIGH,OPEN,2026-09-28 06:41:04,
4698,9477,missing_address,MEDIUM,HIGH,OPEN,2026-09-28 06:41:04,
4699,9478,missing_address,MEDIUM,HIGH,OPEN,2026-09-28 06:41:04,
4700,9479,missing_address,MEDIUM,HIGH,OPEN,2026-09-28 06:41:04,
4701,9480,missing_address,MEDIUM,HIGH,OPEN,2026-09-28 06:41:04,
4702,9481,missing_address,MEDIUM,HIGH,OPEN,2026-09-28 06:41:04,
4703,9482,missing_address,MEDIUM,HIGH,OPEN,2026-09-28 06:41:04,
4704,9483,missing_address,MEDIUM,HIGH,OPEN,2026-09-28 06:41:04,
4705,9484,missing_address,MEDIUM,HIGH,OPEN,2026-09-28 06:41:04,
4706,9485,missing_address,MEDIUM,HIGH,OPEN,2026-09-28 06:41:04,
4707,9486,missing_address,MEDIUM,HIGH,OPEN,2026-09-28 06:41:04,
4708,9487,missing_address,MEDIUM,HIGH,OPEN,2026-09-28 06:41:04,
4709,9488,missing_address,MEDIUM,HIGH,OPEN,2026-09-28 06:41:04,
4710,9489,missing_address,MEDIUM,HIGH,OPEN,2026-09-28 06:41:04,
4711,9490,missing_address,MEDIUM,HIGH,OPEN,2026-09-28 06:41:04,
4712,9491,missing_address,MEDIUM,HIGH,OPEN,2026-09-28 06:41:04,
4713,9492,missing_address,MEDIUM,HIGH,OPEN,2026-09-28 06:41:04,
4714,9493,missing_address,MEDIUM,HIGH,OPEN,2026-09-28 06:41:04,
4715,9494,missing_address,MEDIUM,HIGH,OPEN,2026-09-28 06:41:04,
4716,9495,missing_address,MEDIUM,HIGH,OPEN,2026-09-28 06:41:04,
4717,9496,missing_address,MEDIUM,HIGH,OPEN,2026-09-28 06:41:04,
4718,9497,missing_address,MEDIUM,HIGH,OPEN,2026-09-28 06:41:04,
4719,9498,missing_address,MEDIUM,HIGH,OPEN,2026-09-28 06:41:04,
4720,9499,missing_address,MEDIUM,HIGH,OPEN,2026-09-28 06:41:04,
4721,9500,missing_address,MEDIUM,HIGH,OPEN,2026-09-28 06:41:04,
4722,9501,missing_address,MEDIUM,HIGH,OPEN,2026-09-28 06:41:04,
4723,9502,missing_address,MEDIUM,HIGH,OPEN,2026-09-28 06:41:04,
4724,9503,missing_address,MEDIUM,HIGH,OPEN,2026-09-28 06:41:04,
4725,9504,missing_address,MEDIUM,HIGH,OPEN,2026-09-28 06:41:04,
4726,9505,missing_address,MEDIUM,HIGH,OPEN,2026-09-28 06:41:04,
4727,9506,missing_address,MEDIUM,HIGH,OPEN,2026-09-28 06:41:04,
4728,9507,missing_address,MEDIUM,HIGH,OPEN,2026-09-28 06:41:04,
4729,9508,missing_address,MEDIUM,HIGH,OPEN,2026-09-28 06:41:04,
4730,9509,missing_address,MEDIUM,HIGH,OPEN,2026-09-28 06:41:04,
4731,9510,missing_address,MEDIUM,HIGH,OPEN,2026-09-28 06:41:04,
4732,9511,missing_address,MEDIUM,HIGH,OPEN,2026-09-28 06:41:04,
4733,9512,missing_address,MEDIUM,HIGH,OPEN,2026-09-28 06:41:04,
4734,9513,missing_address,MEDIUM,HIGH,OPEN,2026-09-28 06:41:04,
4735,9514,missing_address,MEDIUM,HIGH,OPEN,2026-09-28 06:41:04,
4736,9515,missing_address,MEDIUM,HIGH,OPEN,2026-09-28 06:41:04,
4737,9516,missing_address,MEDIUM,HIGH,OPEN,2026-09-28 06:41:04,
4738,9517,missing_address,MEDIUM,HIGH,OPEN,2026-09-28 06:41:04,
4739,9518,missing_address,MEDIUM,HIGH,OPEN,2026-09-28 06:41:04,
4740,9519,missing_address,MEDIUM,HIGH,OPEN,2026-09-28 06:41:04,
4741,9520,missing_address,MEDIUM,HIGH,OPEN,2026-09-28 06:41:04,
4742,9521,missing_address,MEDIUM,HIGH,OPEN,2026-09-28 06:41:04,
4743,9522,missing_address,MEDIUM,HIGH,OPEN,2026-09-28 06:41:04,
4744,9523,missing_address,MEDIUM,HIGH,OPEN,2026-09-28 06:41:04,
4745,9524,missing_address,MEDIUM,HIGH,OPEN,2026-09-28 06:41:04,
4746,9525,missing_address,MEDIUM,HIGH,OPEN,2026-09-28 06:41:04,
4747,9526,missing_address,MEDIUM,HIGH,OPEN,2026-09-28 06:41:04,
4748,9527,missing_address,MEDIUM,HIGH,OPEN,2026-09-28 06:41:04,
4749,9528,missing_address,MEDIUM,HIGH,OPEN,2026-09-28 06:41:04,
4750,9529,missing_address,MEDIUM,HIGH,OPEN,2026-09-28 06:41:04,
4751,9530,missing_address,MEDIUM,HIGH,OPEN,2026-09-28 06:41:04,
4752,9531,missing_address,MEDIUM,HIGH,OPEN,2026-09-28 06:41:04,
4753,9532,missing_address,MEDIUM,HIGH,OPEN,2026-09-28 06:41:04,
4754,9533,missing_address,MEDIUM,HIGH,OPEN,2026-09-28 06:41:04,
4755,9534,missing_address,MEDIUM,HIGH,OPEN,2026-09-28 06:41:04,
4756,9535,missing_address,MEDIUM,HIGH,OPEN,2026-09-28 06:41:04,
4757,9536,missing_address,MEDIUM,HIGH,OPEN,2026-09-28 06:41:04,
4758,9537,missing_address,MEDIUM,HIGH,OPEN,2026-09-28 06:41:04,
4759,9538,missing_address,MEDIUM,HIGH,OPEN,2026-09-28 06:41:04,
4760,9539,missing_address,MEDIUM,HIGH,OPEN,2026-09-28 06:41:04,
4761,9540,missing_address,MEDIUM,HIGH,OPEN,2026-09-28 06:41:04,
4762,9541,missing_address,MEDIUM,HIGH,OPEN,2026-09-28 06:41:04,
4763,9542,missing_address,MEDIUM,HIGH,OPEN,2026-09-28 06:41:04,
4764,9543,missing_address,MEDIUM,HIGH,OPEN,2026-09-28 06:41:04,
4765,9544,missing_address,MEDIUM,HIGH,OPEN,2026-09-28 06:41:04,
4766,9545,missing_address,MEDIUM,HIGH,OPEN,2026-09-28 06:41:04,
4767,9546,missing_address,MEDIUM,HIGH,OPEN,2026-09-28 06:41:04,
4768,9547,missing_address,MEDIUM,HIGH,OPEN,2026-09-28 06:41:04,
4769,9548,missing_address,MEDIUM,HIGH,OPEN,2026-09-28 06:41:04,
4770,9549,missing_address,MEDIUM,HIGH,OPEN,2026-09-28 06:41:04,
4771,9550,missing_address,MEDIUM,HIGH,OPEN,2026-09-28 06:41:04,
4772,9551,missing_address,MEDIUM,HIGH,OPEN,2026-09-28 06:41:04,
4773,9552,missing_address,MEDIUM,HIGH,OPEN,2026-09-28 06:41:04,
4774,9553,missing_address,MEDIUM,HIGH,OPEN,2026-09-28 06:41:04,
4775,9554,missing_address,MEDIUM,HIGH,OPEN,2026-09-28 06:41:04,
4776,9555,missing_address,MEDIUM,HIGH,OPEN,2026-09-28 06:41:04,
4777,9556,missing_address,MEDIUM,HIGH,OPEN,2026-09-28 06:41:04,
4778,9557,missing_address,MEDIUM,HIGH,OPEN,2026-09-28 06:41:04,
4779,9558,missing_address,MEDIUM,HIGH,OPEN,2026-09-28 06:41:04,
4780,9559,missing_address,MEDIUM,HIGH,OPEN,2026-09-28 06:41:04,
4781,9560,missing_address,MEDIUM,HIGH,OPEN,2026-09-28 06:41:04,
4782,9561,missing_address,MEDIUM,HIGH,OPEN,2026-09-28 06:41:04,
4783,9562,missing_address,MEDIUM,HIGH,OPEN,2026-09-28 06:41:04,
4784,9563,missing_address,MEDIUM,HIGH,OPEN,2026-09-28 06:41:04,
4785,9564,missing_address,MEDIUM,HIGH,OPEN,2026-09-28 06:41:04,
4786,9565,missing_address,MEDIUM,HIGH,OPEN,2026-09-28 06:41:04,
4787,9566,missing_address,MEDIUM,HIGH,OPEN,2026-09-28 06:41:04,
4788,9567,missing_address,MEDIUM,HIGH,OPEN,2026-09-28 06:41:04,
4789,9568,missing_address,MEDIUM,HIGH,OPEN,2026-09-28 06:41:04,
4790,9569,missing_address,MEDIUM,HIGH,OPEN,2026-09-28 06:41:04,
4791,9570,missing_address,MEDIUM,HIGH,OPEN,2026-09-28 06:41:04,
4792,9571,missing_address,MEDIUM,HIGH,OPEN,2026-09-28 06:41:04,
4793,9572,missing_address,MEDIUM,HIGH,OPEN,2026-09-28 06:41:04,
4794,9573,missing_address,MEDIUM,HIGH,OPEN,2026-09-28 06:41:04,
4795,9574,missing_address,MEDIUM,HIGH,OPEN,2026-09-28 06:41:04,
4796,9575,missing_address,MEDIUM,HIGH,OPEN,2026-09-28 06:41:04,
4797,9576,missing_address,MEDIUM,HIGH,OPEN,2026-09-28 06:41:04,
4798,9577,missing_address,MEDIUM,HIGH,OPEN,2026-09-28 06:41:04,
4799,9578,missing_address,MEDIUM,HIGH,OPEN,2026-09-28 06:41:04,
4800,9579,missing_address,MEDIUM,HIGH,OPEN,2026-09-28 06:41:04,
4801,9580,missing_address,MEDIUM,HIGH,OPEN,2026-09-28 06:41:04,
4802,9581,missing_address,MEDIUM,HIGH,OPEN,2026-09-28 06:41:04,
4803,9582,missing_address,MEDIUM,HIGH,OPEN,2026-09-28 06:41:04,
4804,9583,missing_address,MEDIUM,HIGH,OPEN,2026-09-28 06:41:04,
4805,9584,missing_address,MEDIUM,HIGH,OPEN,2026-09-28 06:41:04,
4806,9585,missing_address,MEDIUM,HIGH,OPEN,2026-09-28 06:41:04,
4807,9586,missing_address,MEDIUM,HIGH,OPEN,2026-09-28 06:41:04,
4808,9587,missing_address,MEDIUM,HIGH,OPEN,2026-09-28 06:41:04,
4809,9588,missing_address,MEDIUM,HIGH,OPEN,2026-09-28 06:41:04,
4810,9589,missing_address,MEDIUM,HIGH,OPEN,2026-09-28 06:41:04,
4811,9590,missing_address,MEDIUM,HIGH,OPEN,2026-09-28 06:41:04,
4812,9591,missing_address,MEDIUM,HIGH,OPEN,2026-09-28 06:41:04,
4813,9592,missing_address,MEDIUM,HIGH,OPEN,2026-09-28 06:41:04,
4814,9593,missing_address,MEDIUM,HIGH,OPEN,2026-09-28 06:41:04,
4815,9594,missing_address,MEDIUM,HIGH,OPEN,2026-09-28 06:41:04,
4816,9595,missing_address,MEDIUM,HIGH,OPEN,2026-09-28 06:41:04,
4817,9596,missing_address,MEDIUM,HIGH,OPEN,2026-09-28 06:41:04,
4818,9597,missing_address,MEDIUM,HIGH,OPEN,2026-09-28 06:41:04,
4819,9598,missing_address,MEDIUM,HIGH,OPEN,2026-09-28 06:41:04,
4820,9599,missing_address,MEDIUM,HIGH,OPEN,2026-09-28 06:41:04,
4821,9600,missing_name,MEDIUM,MEDIUM,OPEN,2026-09-28 06:41:04,
4822,9600,missing_address,MEDIUM,HIGH,OPEN,2026-09-28 06:41:04,
4823,9601,missing_name,MEDIUM,MEDIUM,OPEN,2026-09-28 06:41:04,
4824,9601,missing_address,MEDIUM,HIGH,OPEN,2026-09-28 06:41:04,
4825,9602,missing_name,MEDIUM,MEDIUM,OPEN,2026-09-28 06:41:04,
4826,9602,missing_address,MEDIUM,HIGH,OPEN,2026-09-28 06:41:04,
4827,9603,missing_name,MEDIUM,MEDIUM,OPEN,2026-09-28 06:41:04,
4828,9603,missing_address,MEDIUM,HIGH,OPEN,2026-09-28 06:41:04,
4829,9604,missing_name,MEDIUM,MEDIUM,OPEN,2026-09-28 06:41:04,
4830,9604,missing_address,MEDIUM,HIGH,OPEN,2026-09-28 06:41:04,
4831,9605,missing_name,MEDIUM,MEDIUM,OPEN,2026-09-28 06:41:04,
4832,9605,missing_address,MEDIUM,HIGH,OPEN,2026-09-28 06:41:04,
4833,9606,missing_name,MEDIUM,MEDIUM,OPEN,2026-09-28 06:41:04,
4834,9606,missing_address,MEDIUM,HIGH,OPEN,2026-09-28 06:41:04,
4835,9607,missing_name,MEDIUM,MEDIUM,OPEN,2026-09-28 06:41:04,
4836,9607,missing_address,MEDIUM,HIGH,OPEN,2026-09-28 06:41:04,
4837,9608,missing_name,MEDIUM,MEDIUM,OPEN,2026-09-28 06:41:04,
4838,9608,missing_address,MEDIUM,HIGH,OPEN,2026-09-28 06:41:04,
4839,9609,missing_name,MEDIUM,MEDIUM,OPEN,2026-09-28 06:41:04,
4840,9609,missing_address,MEDIUM,HIGH,OPEN,2026-09-28 06:41:04,
4841,9610,missing_name,MEDIUM,MEDIUM,OPEN,2026-09-28 06:41:04,
4842,9610,missing_address,MEDIUM,HIGH,OPEN,2026-09-28 06:41:04,
4843,9611,missing_name,MEDIUM,MEDIUM,OPEN,2026-09-28 06:41:04,
4844,9611,missing_address,MEDIUM,HIGH,OPEN,2026-09-28 06:41:04,
4845,9612,missing_name,MEDIUM,MEDIUM,OPEN,2026-09-28 06:41:04,
4846,9612,missing_address,MEDIUM,HIGH,OPEN,2026-09-28 06:41:04,
4847,9613,missing_name,MEDIUM,MEDIUM,OPEN,2026-09-28 06:41:04,
4848,9613,missing_address,MEDIUM,HIGH,OPEN,2026-09-28 06:41:04,
4849,9614,missing_name,MEDIUM,MEDIUM,OPEN,2026-09-28 06:41:04,
4850,9614,missing_address,MEDIUM,HIGH,OPEN,2026-09-28 06:41:04,
4851,9615,missing_name,MEDIUM,MEDIUM,OPEN,2026-09-28 06:41:04,
4852,9615,missing_address,MEDIUM,HIGH,OPEN,2026-09-28 06:41:04,
4853,9616,missing_name,MEDIUM,MEDIUM,OPEN,2026-09-28 06:41:04,
4854,9616,missing_address,MEDIUM,HIGH,OPEN,2026-09-28 06:41:04,
4855,9617,missing_name,MEDIUM,MEDIUM,OPEN,2026-09-28 06:41:04,
4856,9617,missing_address,MEDIUM,HIGH,OPEN,2026-09-28 06:41:04,
4857,9618,missing_name,MEDIUM,MEDIUM,OPEN,2026-09-28 06:41:04,
4858,9618,missing_address,MEDIUM,HIGH,OPEN,2026-09-28 06:41:04,
4859,9619,missing_name,MEDIUM,MEDIUM,OPEN,2026-09-28 06:41:04,
4860,9619,missing_address,MEDIUM,HIGH,OPEN,2026-09-28 06:41:04,
4861,9620,missing_name,MEDIUM,MEDIUM,OPEN,2026-09-28 06:41:04,
4862,9620,missing_address,MEDIUM,HIGH,OPEN,2026-09-28 06:41:04,
4863,9621,missing_name,MEDIUM,MEDIUM,OPEN,2026-09-28 06:41:04,
4864,9621,missing_address,MEDIUM,HIGH,OPEN,2026-09-28 06:41:04,
4865,9622,missing_name,MEDIUM,MEDIUM,OPEN,2026-09-28 06:41:04,
4866,9622,missing_address,MEDIUM,HIGH,OPEN,2026-09-28 06:41:04,
4867,9623,missing_name,MEDIUM,MEDIUM,OPEN,2026-09-28 06:41:04,
4868,9623,missing_address,MEDIUM,HIGH,OPEN,2026-09-28 06:41:04,
4869,9624,missing_name,MEDIUM,MEDIUM,OPEN,2026-09-28 06:41:04,
4870,9624,missing_address,MEDIUM,HIGH,OPEN,2026-09-28 06:41:04,
4871,9625,missing_name,MEDIUM,MEDIUM,OPEN,2026-09-28 06:41:04,
4872,9625,missing_address,MEDIUM,HIGH,OPEN,2026-09-28 06:41:04,
4873,9626,missing_name,MEDIUM,MEDIUM,OPEN,2026-09-28 06:41:04,
4874,9626,missing_address,MEDIUM,HIGH,OPEN,2026-09-28 06:41:04,
4875,9627,missing_name,MEDIUM,MEDIUM,OPEN,2026-09-28 06:41:04,
4876,9627,missing_address,MEDIUM,HIGH,OPEN,2026-09-28 06:41:04,
4877,9628,missing_name,MEDIUM,MEDIUM,OPEN,2026-09-28 06:41:04,
4878,9628,missing_address,MEDIUM,HIGH,OPEN,2026-09-28 06:41:04,
4879,9629,missing_name,MEDIUM,MEDIUM,OPEN,2026-09-28 06:41:04,
4880,9629,missing_address,MEDIUM,HIGH,OPEN,2026-09-28 06:41:04,
4881,9630,missing_name,MEDIUM,MEDIUM,OPEN,2026-09-28 06:41:04,
4882,9630,missing_address,MEDIUM,HIGH,OPEN,2026-09-28 06:41:04,
4883,9631,missing_name,MEDIUM,MEDIUM,OPEN,2026-09-28 06:41:04,
4884,9631,missing_address,MEDIUM,HIGH,OPEN,2026-09-28 06:41:04,
4885,9632,missing_name,MEDIUM,MEDIUM,OPEN,2026-09-28 06:41:04,
4886,9632,missing_address,MEDIUM,HIGH,OPEN,2026-09-28 06:41:04,
4887,9633,missing_name,MEDIUM,MEDIUM,OPEN,2026-09-28 06:41:04,
4888,9633,missing_address,MEDIUM,HIGH,OPEN,2026-09-28 06:41:04,
4889,9634,missing_name,MEDIUM,MEDIUM,OPEN,2026-09-28 06:41:04,
4890,9634,missing_address,MEDIUM,HIGH,OPEN,2026-09-28 06:41:04,
4891,9635,missing_name,MEDIUM,MEDIUM,OPEN,2026-09-28 06:41:04,
4892,9635,missing_address,MEDIUM,HIGH,OPEN,2026-09-28 06:41:04,
4893,9636,missing_name,MEDIUM,MEDIUM,OPEN,2026-09-28 06:41:04,
4894,9636,missing_address,MEDIUM,HIGH,OPEN,2026-09-28 06:41:04,
4895,9637,missing_name,MEDIUM,MEDIUM,OPEN,2026-09-28 06:41:04,
4896,9637,missing_address,MEDIUM,HIGH,OPEN,2026-09-28 06:41:04,
4897,9638,missing_name,MEDIUM,MEDIUM,OPEN,2026-09-28 06:41:04,
4898,9638,missing_address,MEDIUM,HIGH,OPEN,2026-09-28 06:41:04,
4899,9639,missing_name,MEDIUM,MEDIUM,OPEN,2026-09-28 06:41:04,
4900,9639,missing_address,MEDIUM,HIGH,OPEN,2026-09-28 06:41:04,
4901,9640,missing_name,MEDIUM,MEDIUM,OPEN,2026-09-28 06:41:04,
4902,9640,missing_address,MEDIUM,HIGH,OPEN,2026-09-28 06:41:04,
4903,9641,missing_name,MEDIUM,MEDIUM,OPEN,2026-09-28 06:41:04,
4904,9641,missing_address,MEDIUM,HIGH,OPEN,2026-09-28 06:41:04,
4905,9642,missing_name,MEDIUM,MEDIUM,OPEN,2026-09-28 06:41:04,
4906,9642,missing_address,MEDIUM,HIGH,OPEN,2026-09-28 06:41:04,
4907,9643,missing_name,MEDIUM,MEDIUM,OPEN,2026-09-28 06:41:04,
4908,9643,missing_address,MEDIUM,HIGH,OPEN,2026-09-28 06:41:04,
4909,9644,missing_name,MEDIUM,MEDIUM,OPEN,2026-09-28 06:41:04,
4910,9644,missing_address,MEDIUM,HIGH,OPEN,2026-09-28 06:41:04,
4911,9645,missing_name,MEDIUM,MEDIUM,OPEN,2026-09-28 06:41:04,
4912,9645,missing_address,MEDIUM,HIGH,OPEN,2026-09-28 06:41:04,
4913,9646,missing_name,MEDIUM,MEDIUM,OPEN,2026-09-28 06:41:04,
4914,9646,missing_address,MEDIUM,HIGH,OPEN,2026-09-28 06:41:04,
4915,9647,missing_name,MEDIUM,MEDIUM,OPEN,2026-09-28 06:41:04,
4916,9647,missing_address,MEDIUM,HIGH,OPEN,2026-09-28 06:41:04,
4917,9648,missing_name,MEDIUM,MEDIUM,OPEN,2026-09-28 06:41:04,
4918,9648,missing_address,MEDIUM,HIGH,OPEN,2026-09-28 06:41:04,
4919,9649,missing_name,MEDIUM,MEDIUM,OPEN,2026-09-28 06:41:04,
4920,9649,missing_address,MEDIUM,HIGH,OPEN,2026-09-28 06:41:04,
4921,9650,missing_name,MEDIUM,MEDIUM,OPEN,2026-09-28 06:41:04,
4922,9650,missing_address,MEDIUM,HIGH,OPEN,2026-09-28 06:41:04,
4923,9651,missing_name,MEDIUM,MEDIUM,OPEN,2026-09-28 06:41:04,
4924,9651,missing_address,MEDIUM,HIGH,OPEN,2026-09-28 06:41:04,
4925,9652,missing_name,MEDIUM,MEDIUM,OPEN,2026-09-28 06:41:04,
4926,9652,missing_address,MEDIUM,HIGH,OPEN,2026-09-28 06:41:04,
4927,9653,missing_name,MEDIUM,MEDIUM,OPEN,2026-09-28 06:41:04,
4928,9653,missing_address,MEDIUM,HIGH,OPEN,2026-09-28 06:41:04,
4929,9654,missing_name,MEDIUM,MEDIUM,OPEN,2026-09-28 06:41:04,
4930,9654,missing_address,MEDIUM,HIGH,OPEN,2026-09-28 06:41:04,
4931,9655,missing_name,MEDIUM,MEDIUM,OPEN,2026-09-28 06:41:04,
4932,9655,missing_address,MEDIUM,HIGH,OPEN,2026-09-28 06:41:04,
4933,9656,missing_name,MEDIUM,MEDIUM,OPEN,2026-09-28 06:41:04,
4934,9656,missing_address,MEDIUM,HIGH,OPEN,2026-09-28 06:41:04,
4935,9657,missing_name,MEDIUM,MEDIUM,OPEN,2026-09-28 06:41:04,
4936,9657,missing_address,MEDIUM,HIGH,OPEN,2026-09-28 06:41:04,
4937,9658,missing_name,MEDIUM,MEDIUM,OPEN,2026-09-28 06:41:04,
4938,9658,missing_address,MEDIUM,HIGH,OPEN,2026-09-28 06:41:04,
4939,9659,missing_name,MEDIUM,MEDIUM,OPEN,2026-09-28 06:41:04,
4940,9659,missing_address,MEDIUM,HIGH,OPEN,2026-09-28 06:41:04,
4941,9660,missing_name,MEDIUM,MEDIUM,OPEN,2026-09-28 06:41:04,
4942,9660,missing_address,MEDIUM,HIGH,OPEN,2026-09-28 06:41:04,
4943,9661,missing_name,MEDIUM,MEDIUM,OPEN,2026-09-28 06:41:04,
4944,9661,missing_address,MEDIUM,HIGH,OPEN,2026-09-28 06:41:04,
4945,9662,missing_name,MEDIUM,MEDIUM,OPEN,2026-09-28 06:41:04,
4946,9662,missing_address,MEDIUM,HIGH,OPEN,2026-09-28 06:41:04,
4947,9663,missing_name,MEDIUM,MEDIUM,OPEN,2026-09-28 06:41:04,
4948,9663,missing_address,MEDIUM,HIGH,OPEN,2026-09-28 06:41:04,
4949,9664,missing_name,MEDIUM,MEDIUM,OPEN,2026-09-28 06:41:04,
4950,9664,missing_address,MEDIUM,HIGH,OPEN,2026-09-28 06:41:04,
4951,9665,missing_name,MEDIUM,MEDIUM,OPEN,2026-09-28 06:41:04,
4952,9665,missing_address,MEDIUM,HIGH,OPEN,2026-09-28 06:41:04,
4953,9666,missing_name,MEDIUM,MEDIUM,OPEN,2026-09-28 06:41:04,
4954,9666,missing_address,MEDIUM,HIGH,OPEN,2026-09-28 06:41:04,
4955,9667,missing_name,MEDIUM,MEDIUM,OPEN,2026-09-28 06:41:04,
4956,9667,missing_address,MEDIUM,HIGH,OPEN,2026-09-28 06:41:04,
4957,9668,missing_name,MEDIUM,MEDIUM,OPEN,2026-09-28 06:41:04,
4958,9668,missing_address,MEDIUM,HIGH,OPEN,2026-09-28 06:41:04,
4959,9669,missing_name,MEDIUM,MEDIUM,OPEN,2026-09-28 06:41:04,
4960,9669,missing_address,MEDIUM,HIGH,OPEN,2026-09-28 06:41:04,
4961,9670,missing_name,MEDIUM,MEDIUM,OPEN,2026-09-28 06:41:04,
4962,9670,missing_address,MEDIUM,HIGH,OPEN,2026-09-28 06:41:04,
4963,9671,missing_name,MEDIUM,MEDIUM,OPEN,2026-09-28 06:41:04,
4964,9671,missing_address,MEDIUM,HIGH,OPEN,2026-09-28 06:41:04,
4965,9672,missing_name,MEDIUM,MEDIUM,OPEN,2026-09-28 06:41:04,
4966,9672,missing_address,MEDIUM,HIGH,OPEN,2026-09-28 06:41:04,
4967,9673,missing_name,MEDIUM,MEDIUM,OPEN,2026-09-28 06:41:04,
4968,9673,missing_address,MEDIUM,HIGH,OPEN,2026-09-28 06:41:04,
4969,9674,missing_name,MEDIUM,MEDIUM,OPEN,2026-09-28 06:41:04,
4970,9674,missing_address,MEDIUM,HIGH,OPEN,2026-09-28 06:41:04,
4971,9675,missing_name,MEDIUM,MEDIUM,OPEN,2026-09-28 06:41:04,
4972,9675,missing_address,MEDIUM,HIGH,OPEN,2026-09-28 06:41:04,
4973,9676,missing_name,MEDIUM,MEDIUM,OPEN,2026-09-28 06:41:04,
4974,9676,missing_address,MEDIUM,HIGH,OPEN,2026-09-28 06:41:04,
4975,9677,missing_name,MEDIUM,MEDIUM,OPEN,2026-09-28 06:41:04,
4976,9677,missing_address,MEDIUM,HIGH,OPEN,2026-09-28 06:41:04,
4977,9678,missing_name,MEDIUM,MEDIUM,OPEN,2026-09-28 06:41:04,
4978,9678,missing_address,MEDIUM,HIGH,OPEN,2026-09-28 06:41:04,
4979,9679,missing_name,MEDIUM,MEDIUM,OPEN,2026-09-28 06:41:04,
4980,9679,missing_address,MEDIUM,HIGH,OPEN,2026-09-28 06:41:04,
4981,9680,missing_name,MEDIUM,MEDIUM,OPEN,2026-09-28 06:41:04,
4982,9680,missing_address,MEDIUM,HIGH,OPEN,2026-09-28 06:41:04,
4983,9681,missing_name,MEDIUM,MEDIUM,OPEN,2026-09-28 06:41:04,
4984,9681,missing_address,MEDIUM,HIGH,OPEN,2026-09-28 06:41:04,
4985,9682,missing_name,MEDIUM,MEDIUM,OPEN,2026-09-28 06:41:04,
4986,9682,missing_address,MEDIUM,HIGH,OPEN,2026-09-28 06:41:04,
4987,9683,missing_name,MEDIUM,MEDIUM,OPEN,2026-09-28 06:41:04,
4988,9683,missing_address,MEDIUM,HIGH,OPEN,2026-09-28 06:41:04,
4989,9684,missing_name,MEDIUM,MEDIUM,OPEN,2026-09-28 06:41:04,
4990,9684,missing_address,MEDIUM,HIGH,OPEN,2026-09-28 06:41:04,
4991,9685,missing_name,MEDIUM,MEDIUM,OPEN,2026-09-28 06:41:04,
4992,9685,missing_address,MEDIUM,HIGH,OPEN,2026-09-28 06:41:04,
4993,9686,missing_name,MEDIUM,MEDIUM,OPEN,2026-09-28 06:41:04,
4994,9686,missing_address,MEDIUM,HIGH,OPEN,2026-09-28 06:41:04,
4995,9687,missing_name,MEDIUM,MEDIUM,OPEN,2026-09-28 06:41:04,
4996,9687,missing_address,MEDIUM,HIGH,OPEN,2026-09-28 06:41:04,
4997,9688,missing_name,MEDIUM,MEDIUM,OPEN,2026-09-28 06:41:04,
4998,9688,missing_address,MEDIUM,HIGH,OPEN,2026-09-28 06:41:04,
4999,9689,missing_name,MEDIUM,MEDIUM,OPEN,2026-09-28 06:41:04,
5000,9689,missing_address,MEDIUM,HIGH,OPEN,2026-09-28 06:41:04,
5001,9690,missing_name,MEDIUM,MEDIUM,OPEN,2026-09-28 06:41:04,
5002,9690,missing_address,MEDIUM,HIGH,OPEN,2026-09-28 06:41:04,
5003,9691,missing_name,MEDIUM,MEDIUM,OPEN,2026-09-28 06:41:04,
5004,9691,missing_address,MEDIUM,HIGH,OPEN,2026-09-28 06:41:04,
5005,9692,missing_name,MEDIUM,MEDIUM,OPEN,2026-09-28 06:41:04,
5006,9692,missing_address,MEDIUM,HIGH,OPEN,2026-09-28 06:41:04,
5007,9693,missing_name,MEDIUM,MEDIUM,OPEN,2026-09-28 06:41:04,
5008,9693,missing_address,MEDIUM,HIGH,OPEN,2026-09-28 06:41:04,
5009,9694,missing_name,MEDIUM,MEDIUM,OPEN,2026-09-28 06:41:04,
5010,9694,missing_address,MEDIUM,HIGH,OPEN,2026-09-28 06:41:04,
5011,9695,missing_name,MEDIUM,MEDIUM,OPEN,2026-09-28 06:41:04,
5012,9695,missing_address,MEDIUM,HIGH,OPEN,2026-09-28 06:41:04,
5013,9696,missing_name,MEDIUM,MEDIUM,OPEN,2026-09-28 06:41:04,
5014,9696,missing_address,MEDIUM,HIGH,OPEN,2026-09-28 06:41:04,
5015,9697,missing_name,MEDIUM,MEDIUM,OPEN,2026-09-28 06:41:04,
5016,9697,missing_address,MEDIUM,HIGH,OPEN,2026-09-28 06:41:04,
5017,9698,missing_name,MEDIUM,MEDIUM,OPEN,2026-09-28 06:41:04,
5018,9698,missing_address,MEDIUM,HIGH,OPEN,2026-09-28 06:41:04,
5019,9699,missing_name,MEDIUM,MEDIUM,OPEN,2026-09-28 06:41:04,
5020,9699,missing_address,MEDIUM,HIGH,OPEN,2026-09-28 06:41:04,
5021,9700,missing_name,MEDIUM,MEDIUM,OPEN,2026-09-28 06:41:04,
5022,9700,missing_address,MEDIUM,HIGH,OPEN,2026-09-28 06:41:04,
5023,9701,missing_name,MEDIUM,MEDIUM,OPEN,2026-09-28 06:41:04,
5024,9701,missing_address,MEDIUM,HIGH,OPEN,2026-09-28 06:41:04,
5025,9702,missing_name,MEDIUM,MEDIUM,OPEN,2026-09-28 06:41:04,
5026,9702,missing_address,MEDIUM,HIGH,OPEN,2026-09-28 06:41:04,
5027,9703,missing_name,MEDIUM,MEDIUM,OPEN,2026-09-28 06:41:04,
5028,9703,missing_address,MEDIUM,HIGH,OPEN,2026-09-28 06:41:04,
5029,9704,missing_name,MEDIUM,MEDIUM,OPEN,2026-09-28 06:41:04,
5030,9704,missing_address,MEDIUM,HIGH,OPEN,2026-09-28 06:41:04,
5031,9705,missing_name,MEDIUM,MEDIUM,OPEN,2026-09-28 06:41:04,
5032,9705,missing_address,MEDIUM,HIGH,OPEN,2026-09-28 06:41:04,
5033,9706,missing_name,MEDIUM,MEDIUM,OPEN,2026-09-28 06:41:04,
5034,9706,missing_address,MEDIUM,HIGH,OPEN,2026-09-28 06:41:04,
5035,9707,missing_name,MEDIUM,MEDIUM,OPEN,2026-09-28 06:41:04,
5036,9707,missing_address,MEDIUM,HIGH,OPEN,2026-09-28 06:41:04,
5037,9708,missing_name,MEDIUM,MEDIUM,OPEN,2026-09-28 06:41:04,
5038,9708,missing_address,MEDIUM,HIGH,OPEN,2026-09-28 06:41:04,
5039,9709,missing_name,MEDIUM,MEDIUM,OPEN,2026-09-28 06:41:04,
5040,9709,missing_address,MEDIUM,HIGH,OPEN,2026-09-28 06:41:04,
5041,9710,missing_name,MEDIUM,MEDIUM,OPEN,2026-09-28 06:41:04,
5042,9710,missing_address,MEDIUM,HIGH,OPEN,2026-09-28 06:41:04,
5043,9711,missing_name,MEDIUM,MEDIUM,OPEN,2026-09-28 06:41:04,
5044,9711,missing_address,MEDIUM,HIGH,OPEN,2026-09-28 06:41:04,
5045,9712,missing_name,MEDIUM,MEDIUM,OPEN,2026-09-28 06:41:04,
5046,9712,missing_address,MEDIUM,HIGH,OPEN,2026-09-28 06:41:04,
5047,9713,missing_name,MEDIUM,MEDIUM,OPEN,2026-09-28 06:41:04,
5048,9713,missing_address,MEDIUM,HIGH,OPEN,2026-09-28 06:41:04,
5049,9714,missing_name,MEDIUM,MEDIUM,OPEN,2026-09-28 06:41:04,
5050,9714,missing_address,MEDIUM,HIGH,OPEN,2026-09-28 06:41:04,
5051,9715,missing_name,MEDIUM,MEDIUM,OPEN,2026-09-28 06:41:04,
5052,9715,missing_address,MEDIUM,HIGH,OPEN,2026-09-28 06:41:04,
5053,9716,missing_name,MEDIUM,MEDIUM,OPEN,2026-09-28 06:41:04,
5054,9716,missing_address,MEDIUM,HIGH,OPEN,2026-09-28 06:41:04,
5055,9717,missing_name,MEDIUM,MEDIUM,OPEN,2026-09-28 06:41:04,
5056,9717,missing_address,MEDIUM,HIGH,OPEN,2026-09-28 06:41:04,
5057,9718,missing_name,MEDIUM,MEDIUM,OPEN,2026-09-28 06:41:04,
5058,9718,missing_address,MEDIUM,HIGH,OPEN,2026-09-28 06:41:04,
5059,9719,missing_name,MEDIUM,MEDIUM,OPEN,2026-09-28 06:41:04,
5060,9719,missing_address,MEDIUM,HIGH,OPEN,2026-09-28 06:41:04,
5061,9720,missing_name,MEDIUM,MEDIUM,OPEN,2026-09-28 06:41:04,
5062,9720,missing_address,MEDIUM,HIGH,OPEN,2026-09-28 06:41:04,
5063,9721,missing_name,MEDIUM,MEDIUM,OPEN,2026-09-28 06:41:04,
5064,9721,missing_address,MEDIUM,HIGH,OPEN,2026-09-28 06:41:04,
5065,9722,missing_name,MEDIUM,MEDIUM,OPEN,2026-09-28 06:41:04,
5066,9722,missing_address,MEDIUM,HIGH,OPEN,2026-09-28 06:41:04,
5067,9723,missing_name,MEDIUM,MEDIUM,OPEN,2026-09-28 06:41:04,
5068,9723,missing_address,MEDIUM,HIGH,OPEN,2026-09-28 06:41:04,
5069,9724,missing_name,MEDIUM,MEDIUM,OPEN,2026-09-28 06:41:04,
5070,9724,missing_address,MEDIUM,HIGH,OPEN,2026-09-28 06:41:04,
5071,9725,missing_name,MEDIUM,MEDIUM,OPEN,2026-09-28 06:41:04,
5072,9725,missing_address,MEDIUM,HIGH,OPEN,2026-09-28 06:41:04,
5073,9726,missing_name,MEDIUM,MEDIUM,OPEN,2026-09-28 06:41:04,
5074,9726,missing_address,MEDIUM,HIGH,OPEN,2026-09-28 06:41:04,
5075,9727,missing_name,MEDIUM,MEDIUM,OPEN,2026-09-28 06:41:04,
5076,9727,missing_address,MEDIUM,HIGH,OPEN,2026-09-28 06:41:04,
5077,9728,missing_name,MEDIUM,MEDIUM,OPEN,2026-09-28 06:41:04,
5078,9728,missing_address,MEDIUM,HIGH,OPEN,2026-09-28 06:41:04,
5079,9729,missing_name,MEDIUM,MEDIUM,OPEN,2026-09-28 06:41:04,
5080,9729,missing_address,MEDIUM,HIGH,OPEN,2026-09-28 06:41:04,
5081,9730,missing_name,MEDIUM,MEDIUM,OPEN,2026-09-28 06:41:04,
5082,9730,missing_address,MEDIUM,HIGH,OPEN,2026-09-28 06:41:04,
5083,9731,missing_name,MEDIUM,MEDIUM,OPEN,2026-09-28 06:41:04,
5084,9731,missing_address,MEDIUM,HIGH,OPEN,2026-09-28 06:41:04,
5085,9732,missing_name,MEDIUM,MEDIUM,OPEN,2026-09-28 06:41:04,
5086,9732,missing_address,MEDIUM,HIGH,OPEN,2026-09-28 06:41:04,
5087,9733,missing_name,MEDIUM,MEDIUM,OPEN,2026-09-28 06:41:04,
5088,9733,missing_address,MEDIUM,HIGH,OPEN,2026-09-28 06:41:04,
5089,9734,missing_name,MEDIUM,MEDIUM,OPEN,2026-09-28 06:41:04,
5090,9734,missing_address,MEDIUM,HIGH,OPEN,2026-09-28 06:41:04,
5091,9735,missing_name,MEDIUM,MEDIUM,OPEN,2026-09-28 06:41:04,
5092,9735,missing_address,MEDIUM,HIGH,OPEN,2026-09-28 06:41:04,
5093,9736,missing_name,MEDIUM,MEDIUM,OPEN,2026-09-28 06:41:04,
5094,9736,missing_address,MEDIUM,HIGH,OPEN,2026-09-28 06:41:04,
5095,9737,missing_name,MEDIUM,MEDIUM,OPEN,2026-09-28 06:41:04,
5096,9737,missing_address,MEDIUM,HIGH,OPEN,2026-09-28 06:41:04,
5097,9738,missing_name,MEDIUM,MEDIUM,OPEN,2026-09-28 06:41:04,
5098,9738,missing_address,MEDIUM,HIGH,OPEN,2026-09-28 06:41:04,
5099,9739,missing_name,MEDIUM,MEDIUM,OPEN,2026-09-28 06:41:04,
5100,9739,missing_address,MEDIUM,HIGH,OPEN,2026-09-28 06:41:04,
5101,9740,missing_name,MEDIUM,MEDIUM,OPEN,2026-09-28 06:41:04,
5102,9740,missing_address,MEDIUM,HIGH,OPEN,2026-09-28 06:41:04,
5103,9741,missing_name,MEDIUM,MEDIUM,OPEN,2026-09-28 06:41:04,
5104,9741,missing_address,MEDIUM,HIGH,OPEN,2026-09-28 06:41:04,
5105,9742,missing_name,MEDIUM,MEDIUM,OPEN,2026-09-28 06:41:04,
5106,9742,missing_address,MEDIUM,HIGH,OPEN,2026-09-28 06:41:04,
5107,9743,missing_name,MEDIUM,MEDIUM,OPEN,2026-09-28 06:41:04,
5108,9743,missing_address,MEDIUM,HIGH,OPEN,2026-09-28 06:41:04,
5109,9744,missing_name,MEDIUM,MEDIUM,OPEN,2026-09-28 06:41:04,
5110,9744,missing_address,MEDIUM,HIGH,OPEN,2026-09-28 06:41:04,
5111,9745,missing_name,MEDIUM,MEDIUM,OPEN,2026-09-28 06:41:04,
5112,9745,missing_address,MEDIUM,HIGH,OPEN,2026-09-28 06:41:04,
5113,9746,missing_name,MEDIUM,MEDIUM,OPEN,2026-09-28 06:41:04,
5114,9746,missing_address,MEDIUM,HIGH,OPEN,2026-09-28 06:41:04,
5115,9747,missing_name,MEDIUM,MEDIUM,OPEN,2026-09-28 06:41:04,
5116,9747,missing_address,MEDIUM,HIGH,OPEN,2026-09-28 06:41:04,
5117,9748,missing_name,MEDIUM,MEDIUM,OPEN,2026-09-28 06:41:04,
5118,9748,missing_address,MEDIUM,HIGH,OPEN,2026-09-28 06:41:04,
5119,9749,missing_name,MEDIUM,MEDIUM,OPEN,2026-09-28 06:41:04,
5120,9749,missing_address,MEDIUM,HIGH,OPEN,2026-09-28 06:41:04,
5121,9750,missing_name,MEDIUM,MEDIUM,OPEN,2026-09-28 06:41:04,
5122,9750,missing_address,MEDIUM,HIGH,OPEN,2026-09-28 06:41:04,
5123,9751,missing_name,MEDIUM,MEDIUM,OPEN,2026-09-28 06:41:04,
5124,9751,missing_address,MEDIUM,HIGH,OPEN,2026-09-28 06:41:04,
5125,9752,missing_name,MEDIUM,MEDIUM,OPEN,2026-09-28 06:41:04,
5126,9752,missing_address,MEDIUM,HIGH,OPEN,2026-09-28 06:41:04,
5127,9753,missing_name,MEDIUM,MEDIUM,OPEN,2026-09-28 06:41:04,
5128,9753,missing_address,MEDIUM,HIGH,OPEN,2026-09-28 06:41:04,
5129,9754,missing_name,MEDIUM,MEDIUM,OPEN,2026-09-28 06:41:04,
5130,9754,missing_address,MEDIUM,HIGH,OPEN,2026-09-28 06:41:04,
5131,9755,missing_name,MEDIUM,MEDIUM,OPEN,2026-09-28 06:41:04,
5132,9755,missing_address,MEDIUM,HIGH,OPEN,2026-09-28 06:41:04,
5133,9756,missing_name,MEDIUM,MEDIUM,OPEN,2026-09-28 06:41:04,
5134,9756,missing_address,MEDIUM,HIGH,OPEN,2026-09-28 06:41:04,
5135,9757,missing_name,MEDIUM,MEDIUM,OPEN,2026-09-28 06:41:04,
5136,9757,missing_address,MEDIUM,HIGH,OPEN,2026-09-28 06:41:04,
5137,9758,missing_name,MEDIUM,MEDIUM,OPEN,2026-09-28 06:41:04,
5138,9758,missing_address,MEDIUM,HIGH,OPEN,2026-09-28 06:41:04,
5139,9759,missing_name,MEDIUM,MEDIUM,OPEN,2026-09-28 06:41:04,
5140,9759,missing_address,MEDIUM,HIGH,OPEN,2026-09-28 06:41:04,
5141,9760,missing_name,MEDIUM,MEDIUM,OPEN,2026-09-28 06:41:04,
5142,9760,missing_address,MEDIUM,HIGH,OPEN,2026-09-28 06:41:04,
5143,9761,missing_name,MEDIUM,MEDIUM,OPEN,2026-09-28 06:41:04,
5144,9761,missing_address,MEDIUM,HIGH,OPEN,2026-09-28 06:41:04,
5145,9762,missing_name,MEDIUM,MEDIUM,OPEN,2026-09-28 06:41:04,
5146,9762,missing_address,MEDIUM,HIGH,OPEN,2026-09-28 06:41:04,
5147,9763,missing_name,MEDIUM,MEDIUM,OPEN,2026-09-28 06:41:04,
5148,9763,missing_address,MEDIUM,HIGH,OPEN,2026-09-28 06:41:04,
5149,9764,missing_name,MEDIUM,MEDIUM,OPEN,2026-09-28 06:41:04,
5150,9764,missing_address,MEDIUM,HIGH,OPEN,2026-09-28 06:41:04,
5151,9765,missing_name,MEDIUM,MEDIUM,OPEN,2026-09-28 06:41:04,
5152,9765,missing_address,MEDIUM,HIGH,OPEN,2026-09-28 06:41:04,
5153,9766,missing_name,MEDIUM,MEDIUM,OPEN,2026-09-28 06:41:04,
5154,9766,missing_address,MEDIUM,HIGH,OPEN,2026-09-28 06:41:04,
5155,9767,missing_name,MEDIUM,MEDIUM,OPEN,2026-09-28 06:41:04,
5156,9767,missing_address,MEDIUM,HIGH,OPEN,2026-09-28 06:41:04,
5157,9768,missing_name,MEDIUM,MEDIUM,OPEN,2026-09-28 06:41:04,
5158,9768,missing_address,MEDIUM,HIGH,OPEN,2026-09-28 06:41:04,
