quality_id,poi_id,quality_score,quality_status,duplicate_flag,assessed_at
1,1,100.0,EXCELLENT,False,2026-09-28 06:41:04
2,2,100.0,EXCELLENT,False,2026-09-28 06:41:04
3,3,100.0,EXCELLENT,False,2026-09-28 06:41:04
4,4,100.0,EXCELLENT,False,2026-09-28 06:41:04
5,5,100.0,EXCELLENT,False,2026-09-28 06:41:04
6,6,100.0,EXCELLENT,False,2026-09-28 06:41:04
7,7,100.0,EXCELLENT,False,2026-09-28 06:41:04
8,8,100.0,EXCELLENT,False,2026-09-28 06:41:04
9,9,100.0,EXCELLENT,False,2026-09-28 06:41:04
10,10,100.0,EXCELLENT,False,2026-09-28 06:41:04
11,11,100.0,EXCELLENT,False,2026-09-28 06:41:04
12,12,100.0,EXCELLENT,False,2026-09-28 06:41:04
13,13,100.0,EXCELLENT,False,2026-09-28 06:41:04
14,14,100.0,EXCELLENT,False,2026-09-28 06:41:04
15,15,100.0,EXCELLENT,False,2026-09-28 06:41:04
16,16,100.0,EXCELLENT,False,2026-09-28 06:41:04
17,17,100.0,EXCELLENT,False,2026-09-28 06:41:04
18,18,100.0,EXCELLENT,False,2026-09-28 06:41:04
19,19,100.0,EXCELLENT,False,2026-09-28 06:41:04
20,20,100.0,EXCELLENT,False,2026-09-28 06:41:04
21,21,100.0,EXCELLENT,False,2026-09-28 06:41:04
22,22,100.0,EXCELLENT,False,2026-09-28 06:41:04
23,23,100.0,EXCELLENT,False,2026-09-28 06:41:04
24,24,100.0,EXCELLENT,False,2026-09-28 06:41:04
25,25,100.0,EXCELLENT,False,2026-09-28 06:41:04
26,26,100.0,EXCELLENT,False,2026-09-28 06:41:04
27,27,100.0,EXCELLENT,False,2026-09-28 06:41:04
28,28,100.0,EXCELLENT,False,2026-09-28 06:41:04
29,29,100.0,EXCELLENT,False,2026-09-28 06:41:04
30,30,100.0,EXCELLENT,False,2026-09-28 06:41:04
31,31,100.0,EXCELLENT,False,2026-09-28 06:41:04
32,32,100.0,EXCELLENT,False,2026-09-28 06:41:04
33,33,100.0,EXCELLENT,False,2026-09-28 06:41:04
34,34,100.0,EXCELLENT,False,2026-09-28 06:41:04
35,35,100.0,EXCELLENT,False,2026-09-28 06:41:04
36,36,100.0,EXCELLENT,False,2026-09-28 06:41:04
37,37,100.0,EXCELLENT,False,2026-09-28 06:41:04
38,38,100.0,EXCELLENT,False,2026-09-28 06:41:04
39,39,100.0,EXCELLENT,False,2026-09-28 06:41:04
40,40,100.0,EXCELLENT,False,2026-09-28 06:41:04
41,41,100.0,EXCELLENT,False,2026-09-28 06:41:04
42,42,100.0,EXCELLENT,False,2026-09-28 06:41:04
43,43,100.0,EXCELLENT,False,2026-09-28 06:41:04
44,44,100.0,EXCELLENT,False,2026-09-28 06:41:04
45,45,100.0,EXCELLENT,False,2026-09-28 06:41:04
46,46,100.0,EXCELLENT,False,2026-09-28 06:41:04
47,47,100.0,EXCELLENT,False,2026-09-28 06:41:04
48,48,100.0,EXCELLENT,False,2026-09-28 06:41:04
49,49,100.0,EXCELLENT,False,2026-09-28 06:41:04
50,50,100.0,EXCELLENT,False,2026-09-28 06:41:04
51,51,100.0,EXCELLENT,False,2026-09-28 06:41:04
52,52,100.0,EXCELLENT,False,2026-09-28 06:41:04
53,53,100.0,EXCELLENT,False,2026-09-28 06:41:04
54,54,100.0,EXCELLENT,False,2026-09-28 06:41:04
55,55,100.0,EXCELLENT,False,2026-09-28 06:41:04
56,56,100.0,EXCELLENT,False,2026-09-28 06:41:04
57,57,100.0,EXCELLENT,False,2026-09-28 06:41:04
58,58,100.0,EXCELLENT,False,2026-09-28 06:41:04
59,59,100.0,EXCELLENT,False,2026-09-28 06:41:04
60,60,100.0,EXCELLENT,False,2026-09-28 06:41:04
61,61,100.0,EXCELLENT,False,2026-09-28 06:41:04
62,62,100.0,EXCELLENT,False,2026-09-28 06:41:04
63,63,100.0,EXCELLENT,False,2026-09-28 06:41:04
64,64,100.0,EXCELLENT,False,2026-09-28 06:41:04
65,65,100.0,EXCELLENT,False,2026-09-28 06:41:04
66,66,100.0,EXCELLENT,False,2026-09-28 06:41:04
67,67,100.0,EXCELLENT,False,2026-09-28 06:41:04
68,68,100.0,EXCELLENT,False,2026-09-28 06:41:04
69,69,100.0,EXCELLENT,False,2026-09-28 06:41:04
70,70,100.0,EXCELLENT,False,2026-09-28 06:41:04
71,71,100.0,EXCELLENT,False,2026-09-28 06:41:04
72,72,100.0,EXCELLENT,False,2026-09-28 06:41:04
73,73,100.0,EXCELLENT,False,2026-09-28 06:41:04
74,74,100.0,EXCELLENT,False,2026-09-28 06:41:04
75,75,100.0,EXCELLENT,False,2026-09-28 06:41:04
76,76,100.0,EXCELLENT,False,2026-09-28 06:41:04
77,77,100.0,EXCELLENT,False,2026-09-28 06:41:04
78,78,100.0,EXCELLENT,False,2026-09-28 06:41:04
79,79,100.0,EXCELLENT,False,2026-09-28 06:41:04
80,80,100.0,EXCELLENT,False,2026-09-28 06:41:04
81,81,100.0,EXCELLENT,False,2026-09-28 06:41:04
82,82,100.0,EXCELLENT,False,2026-09-28 06:41:04
83,83,100.0,EXCELLENT,False,2026-09-28 06:41:04
84,84,100.0,EXCELLENT,False,2026-09-28 06:41:04
85,85,100.0,EXCELLENT,False,2026-09-28 06:41:04
86,86,100.0,EXCELLENT,False,2026-09-28 06:41:04
87,87,100.0,EXCELLENT,False,2026-09-28 06:41:04
88,88,100.0,EXCELLENT,False,2026-09-28 06:41:04
89,89,100.0,EXCELLENT,False,2026-09-28 06:41:04
90,90,100.0,EXCELLENT,False,2026-09-28 06:41:04
91,91,100.0,EXCELLENT,False,2026-09-28 06:41:04
92,92,100.0,EXCELLENT,False,2026-09-28 06:41:04
93,93,100.0,EXCELLENT,False,2026-09-28 06:41:04
94,94,100.0,EXCELLENT,False,2026-09-28 06:41:04
95,95,100.0,EXCELLENT,False,2026-09-28 06:41:04
96,96,100.0,EXCELLENT,False,2026-09-28 06:41:04
97,97,100.0,EXCELLENT,False,2026-09-28 06:41:04
98,98,100.0,EXCELLENT,False,2026-09-28 06:41:04
99,99,100.0,EXCELLENT,False,2026-09-28 06:41:04
100,100,100.0,EXCELLENT,False,2026-09-28 06:41:04
101,101,100.0,EXCELLENT,False,2026-09-28 06:41:04
102,102,100.0,EXCELLENT,False,2026-09-28 06:41:04
103,103,100.0,EXCELLENT,False,2026-09-28 06:41:04
104,104,100.0,EXCELLENT,False,2026-09-28 06:41:04
105,105,100.0,EXCELLENT,False,2026-09-28 06:41:04
106,106,100.0,EXCELLENT,False,2026-09-28 06:41:04
107,107,100.0,EXCELLENT,False,2026-09-28 06:41:04
108,108,100.0,EXCELLENT,False,2026-09-28 06:41:04
109,109,100.0,EXCELLENT,False,2026-09-28 06:41:04
110,110,100.0,EXCELLENT,False,2026-09-28 06:41:04
111,111,100.0,EXCELLENT,False,2026-09-28 06:41:04
112,112,100.0,EXCELLENT,False,2026-09-28 06:41:04
113,113,100.0,EXCELLENT,False,2026-09-28 06:41:04
114,114,100.0,EXCELLENT,False,2026-09-28 06:41:04
115,115,100.0,EXCELLENT,False,2026-09-28 06:41:04
116,116,100.0,EXCELLENT,False,2026-09-28 06:41:04
117,117,100.0,EXCELLENT,False,2026-09-28 06:41:04
118,118,100.0,EXCELLENT,False,2026-09-28 06:41:04
119,119,100.0,EXCELLENT,False,2026-09-28 06:41:04
120,120,100.0,EXCELLENT,False,2026-09-28 06:41:04
121,121,100.0,EXCELLENT,False,2026-09-28 06:41:04
122,122,100.0,EXCELLENT,False,2026-09-28 06:41:04
123,123,100.0,EXCELLENT,False,2026-09-28 06:41:04
124,124,100.0,EXCELLENT,False,2026-09-28 06:41:04
125,125,100.0,EXCELLENT,False,2026-09-28 06:41:04
126,126,100.0,EXCELLENT,False,2026-09-28 06:41:04
127,127,100.0,EXCELLENT,False,2026-09-28 06:41:04
128,128,100.0,EXCELLENT,False,2026-09-28 06:41:04
129,129,100.0,EXCELLENT,False,2026-09-28 06:41:04
130,130,100.0,EXCELLENT,False,2026-09-28 06:41:04
131,131,100.0,EXCELLENT,False,2026-09-28 06:41:04
132,132,100.0,EXCELLENT,False,2026-09-28 06:41:04
133,133,100.0,EXCELLENT,False,2026-09-28 06:41:04
134,134,100.0,EXCELLENT,False,2026-09-28 06:41:04
135,135,100.0,EXCELLENT,False,2026-09-28 06:41:04
136,136,100.0,EXCELLENT,False,2026-09-28 06:41:04
137,137,100.0,EXCELLENT,False,2026-09-28 06:41:04
138,138,100.0,EXCELLENT,False,2026-09-28 06:41:04
139,139,100.0,EXCELLENT,False,2026-09-28 06:41:04
140,140,100.0,EXCELLENT,False,2026-09-28 06:41:04
141,141,100.0,EXCELLENT,False,2026-09-28 06:41:04
142,142,100.0,EXCELLENT,False,2026-09-28 06:41:04
143,143,100.0,EXCELLENT,False,2026-09-28 06:41:04
144,144,100.0,EXCELLENT,False,2026-09-28 06:41:04
145,145,100.0,EXCELLENT,False,2026-09-28 06:41:04
146,146,100.0,EXCELLENT,False,2026-09-28 06:41:04
147,147,100.0,EXCELLENT,False,2026-09-28 06:41:04
148,148,100.0,EXCELLENT,False,2026-09-28 06:41:04
149,149,100.0,EXCELLENT,False,2026-09-28 06:41:04
150,150,100.0,EXCELLENT,False,2026-09-28 06:41:04
151,151,100.0,EXCELLENT,False,2026-09-28 06:41:04
152,152,100.0,EXCELLENT,False,2026-09-28 06:41:04
153,153,100.0,EXCELLENT,False,2026-09-28 06:41:04
154,154,100.0,EXCELLENT,False,2026-09-28 06:41:04
155,155,100.0,EXCELLENT,False,2026-09-28 06:41:04
156,156,100.0,EXCELLENT,False,2026-09-28 06:41:04
157,157,100.0,EXCELLENT,False,2026-09-28 06:41:04
158,158,100.0,EXCELLENT,False,2026-09-28 06:41:04
159,159,100.0,EXCELLENT,False,2026-09-28 06:41:04
160,160,100.0,EXCELLENT,False,2026-09-28 06:41:04
161,161,100.0,EXCELLENT,False,2026-09-28 06:41:04
162,162,100.0,EXCELLENT,False,2026-09-28 06:41:04
163,163,100.0,EXCELLENT,False,2026-09-28 06:41:04
164,164,100.0,EXCELLENT,False,2026-09-28 06:41:04
165,165,100.0,EXCELLENT,False,2026-09-28 06:41:04
166,166,100.0,EXCELLENT,False,2026-09-28 06:41:04
167,167,100.0,EXCELLENT,False,2026-09-28 06:41:04
168,168,100.0,EXCELLENT,False,2026-09-28 06:41:04
169,169,100.0,EXCELLENT,False,2026-09-28 06:41:04
170,170,100.0,EXCELLENT,False,2026-09-28 06:41:04
171,171,100.0,EXCELLENT,False,2026-09-28 06:41:04
172,172,100.0,EXCELLENT,False,2026-09-28 06:41:04
173,173,100.0,EXCELLENT,False,2026-09-28 06:41:04
174,174,100.0,EXCELLENT,False,2026-09-28 06:41:04
175,175,100.0,EXCELLENT,False,2026-09-28 06:41:04
176,176,100.0,EXCELLENT,False,2026-09-28 06:41:04
177,177,100.0,EXCELLENT,False,2026-09-28 06:41:04
178,178,100.0,EXCELLENT,False,2026-09-28 06:41:04
179,179,100.0,EXCELLENT,False,2026-09-28 06:41:04
180,180,100.0,EXCELLENT,False,2026-09-28 06:41:04
181,181,100.0,EXCELLENT,False,2026-09-28 06:41:04
182,182,100.0,EXCELLENT,False,2026-09-28 06:41:04
183,183,100.0,EXCELLENT,False,2026-09-28 06:41:04
184,184,100.0,EXCELLENT,False,2026-09-28 06:41:04
185,185,100.0,EXCELLENT,False,2026-09-28 06:41:04
186,186,100.0,EXCELLENT,False,2026-09-28 06:41:04
187,187,100.0,EXCELLENT,False,2026-09-28 06:41:04
188,188,100.0,EXCELLENT,False,2026-09-28 06:41:04
189,189,100.0,EXCELLENT,False,2026-09-28 06:41:04
190,190,100.0,EXCELLENT,False,2026-09-28 06:41:04
191,191,100.0,EXCELLENT,False,2026-09-28 06:41:04
192,192,100.0,EXCELLENT,False,2026-09-28 06:41:04
193,193,100.0,EXCELLENT,False,2026-09-28 06:41:04
194,194,100.0,EXCELLENT,False,2026-09-28 06:41:04
195,195,100.0,EXCELLENT,False,2026-09-28 06:41:04
196,196,100.0,EXCELLENT,False,2026-09-28 06:41:04
197,197,100.0,EXCELLENT,False,2026-09-28 06:41:04
198,198,100.0,EXCELLENT,False,2026-09-28 06:41:04
199,199,100.0,EXCELLENT,False,2026-09-28 06:41:04
200,200,100.0,EXCELLENT,False,2026-09-28 06:41:04
201,201,100.0,EXCELLENT,False,2026-09-28 06:41:04
202,202,100.0,EXCELLENT,False,2026-09-28 06:41:04
203,203,100.0,EXCELLENT,False,2026-09-28 06:41:04
204,204,100.0,EXCELLENT,False,2026-09-28 06:41:04
205,205,100.0,EXCELLENT,False,2026-09-28 06:41:04
206,206,100.0,EXCELLENT,False,2026-09-28 06:41:04
207,207,100.0,EXCELLENT,False,2026-09-28 06:41:04
208,208,100.0,EXCELLENT,False,2026-09-28 06:41:04
209,209,100.0,EXCELLENT,False,2026-09-28 06:41:04
210,210,100.0,EXCELLENT,False,2026-09-28 06:41:04
211,211,100.0,EXCELLENT,False,2026-09-28 06:41:04
212,212,100.0,EXCELLENT,False,2026-09-28 06:41:04
213,213,100.0,EXCELLENT,False,2026-09-28 06:41:04
214,214,100.0,EXCELLENT,False,2026-09-28 06:41:04
215,215,100.0,EXCELLENT,False,2026-09-28 06:41:04
216,216,100.0,EXCELLENT,False,2026-09-28 06:41:04
217,217,100.0,EXCELLENT,False,2026-09-28 06:41:04
218,218,100.0,EXCELLENT,False,2026-09-28 06:41:04
219,219,100.0,EXCELLENT,False,2026-09-28 06:41:04
220,220,100.0,EXCELLENT,False,2026-09-28 06:41:04
221,221,100.0,EXCELLENT,False,2026-09-28 06:41:04
222,222,100.0,EXCELLENT,False,2026-09-28 06:41:04
223,223,100.0,EXCELLENT,False,2026-09-28 06:41:04
224,224,100.0,EXCELLENT,False,2026-09-28 06:41:04
225,225,100.0,EXCELLENT,False,2026-09-28 06:41:04
226,226,100.0,EXCELLENT,False,2026-09-28 06:41:04
227,227,100.0,EXCELLENT,False,2026-09-28 06:41:04
228,228,100.0,EXCELLENT,False,2026-09-28 06:41:04
229,229,100.0,EXCELLENT,False,2026-09-28 06:41:04
230,230,100.0,EXCELLENT,False,2026-09-28 06:41:04
231,231,100.0,EXCELLENT,False,2026-09-28 06:41:04
232,232,100.0,EXCELLENT,False,2026-09-28 06:41:04
233,233,100.0,EXCELLENT,False,2026-09-28 06:41:04
234,234,100.0,EXCELLENT,False,2026-09-28 06:41:04
235,235,100.0,EXCELLENT,False,2026-09-28 06:41:04
236,236,100.0,EXCELLENT,False,2026-09-28 06:41:04
237,237,100.0,EXCELLENT,False,2026-09-28 06:41:04
238,238,100.0,EXCELLENT,False,2026-09-28 06:41:04
239,239,100.0,EXCELLENT,False,2026-09-28 06:41:04
240,240,100.0,EXCELLENT,False,2026-09-28 06:41:04
241,241,100.0,EXCELLENT,False,2026-09-28 06:41:04
242,242,100.0,EXCELLENT,False,2026-09-28 06:41:04
243,243,100.0,EXCELLENT,False,2026-09-28 06:41:04
244,244,100.0,EXCELLENT,False,2026-09-28 06:41:04
245,245,100.0,EXCELLENT,False,2026-09-28 06:41:04
246,246,100.0,EXCELLENT,False,2026-09-28 06:41:04
247,247,100.0,EXCELLENT,False,2026-09-28 06:41:04
248,248,100.0,EXCELLENT,False,2026-09-28 06:41:04
249,249,100.0,EXCELLENT,False,2026-09-28 06:41:04
250,250,100.0,EXCELLENT,False,2026-09-28 06:41:04
251,251,100.0,EXCELLENT,False,2026-09-28 06:41:04
252,252,100.0,EXCELLENT,False,2026-09-28 06:41:04
253,253,100.0,EXCELLENT,False,2026-09-28 06:41:04
254,254,100.0,EXCELLENT,False,2026-09-28 06:41:04
255,255,100.0,EXCELLENT,False,2026-09-28 06:41:04
256,256,100.0,EXCELLENT,False,2026-09-28 06:41:04
257,257,100.0,EXCELLENT,False,2026-09-28 06:41:04
258,258,100.0,EXCELLENT,False,2026-09-28 06:41:04
259,259,100.0,EXCELLENT,False,2026-09-28 06:41:04
260,260,100.0,EXCELLENT,False,2026-09-28 06:41:04
261,261,100.0,EXCELLENT,False,2026-09-28 06:41:04
262,262,100.0,EXCELLENT,False,2026-09-28 06:41:04
263,263,100.0,EXCELLENT,False,2026-09-28 06:41:04
264,264,100.0,EXCELLENT,False,2026-09-28 06:41:04
265,265,100.0,EXCELLENT,False,2026-09-28 06:41:04
266,266,100.0,EXCELLENT,False,2026-09-28 06:41:04
267,267,100.0,EXCELLENT,False,2026-09-28 06:41:04
268,268,100.0,EXCELLENT,False,2026-09-28 06:41:04
269,269,100.0,EXCELLENT,False,2026-09-28 06:41:04
270,270,100.0,EXCELLENT,False,2026-09-28 06:41:04
271,271,100.0,EXCELLENT,False,2026-09-28 06:41:04
272,272,100.0,EXCELLENT,False,2026-09-28 06:41:04
273,273,100.0,EXCELLENT,False,2026-09-28 06:41:04
274,274,100.0,EXCELLENT,False,2026-09-28 06:41:04
275,275,100.0,EXCELLENT,False,2026-09-28 06:41:04
276,276,100.0,EXCELLENT,False,2026-09-28 06:41:04
277,277,100.0,EXCELLENT,False,2026-09-28 06:41:04
278,278,100.0,EXCELLENT,False,2026-09-28 06:41:04
279,279,100.0,EXCELLENT,False,2026-09-28 06:41:04
280,280,100.0,EXCELLENT,False,2026-09-28 06:41:04
281,281,100.0,EXCELLENT,False,2026-09-28 06:41:04
282,282,100.0,EXCELLENT,False,2026-09-28 06:41:04
283,283,100.0,EXCELLENT,False,2026-09-28 06:41:04
284,284,100.0,EXCELLENT,False,2026-09-28 06:41:04
285,285,100.0,EXCELLENT,False,2026-09-28 06:41:04
286,286,100.0,EXCELLENT,False,2026-09-28 06:41:04
287,287,100.0,EXCELLENT,False,2026-09-28 06:41:04
288,288,100.0,EXCELLENT,False,2026-09-28 06:41:04
289,289,100.0,EXCELLENT,False,2026-09-28 06:41:04
290,290,100.0,EXCELLENT,False,2026-09-28 06:41:04
291,291,100.0,EXCELLENT,False,2026-09-28 06:41:04
292,292,100.0,EXCELLENT,False,2026-09-28 06:41:04
293,293,100.0,EXCELLENT,False,2026-09-28 06:41:04
294,294,100.0,EXCELLENT,False,2026-09-28 06:41:04
295,295,100.0,EXCELLENT,False,2026-09-28 06:41:04
296,296,100.0,EXCELLENT,False,2026-09-28 06:41:04
297,297,100.0,EXCELLENT,False,2026-09-28 06:41:04
298,298,100.0,EXCELLENT,False,2026-09-28 06:41:04
299,299,100.0,EXCELLENT,False,2026-09-28 06:41:04
300,300,100.0,EXCELLENT,False,2026-09-28 06:41:04
301,301,100.0,EXCELLENT,False,2026-09-28 06:41:04
302,302,100.0,EXCELLENT,False,2026-09-28 06:41:04
303,303,100.0,EXCELLENT,False,2026-09-28 06:41:04
304,304,100.0,EXCELLENT,False,2026-09-28 06:41:04
305,305,100.0,EXCELLENT,False,2026-09-28 06:41:04
306,306,100.0,EXCELLENT,False,2026-09-28 06:41:04
307,307,100.0,EXCELLENT,False,2026-09-28 06:41:04
308,308,100.0,EXCELLENT,False,2026-09-28 06:41:04
309,309,100.0,EXCELLENT,False,2026-09-28 06:41:04
310,310,100.0,EXCELLENT,False,2026-09-28 06:41:04
311,311,100.0,EXCELLENT,False,2026-09-28 06:41:04
312,312,100.0,EXCELLENT,False,2026-09-28 06:41:04
313,313,100.0,EXCELLENT,False,2026-09-28 06:41:04
314,314,100.0,EXCELLENT,False,2026-09-28 06:41:04
315,315,100.0,EXCELLENT,False,2026-09-28 06:41:04
316,316,100.0,EXCELLENT,False,2026-09-28 06:41:04
317,317,100.0,EXCELLENT,False,2026-09-28 06:41:04
318,318,100.0,EXCELLENT,False,2026-09-28 06:41:04
319,319,100.0,EXCELLENT,False,2026-09-28 06:41:04
320,320,100.0,EXCELLENT,False,2026-09-28 06:41:04
321,321,100.0,EXCELLENT,False,2026-09-28 06:41:04
322,322,100.0,EXCELLENT,False,2026-09-28 06:41:04
323,323,100.0,EXCELLENT,False,2026-09-28 06:41:04
324,324,100.0,EXCELLENT,False,2026-09-28 06:41:04
325,325,100.0,EXCELLENT,False,2026-09-28 06:41:04
326,326,100.0,EXCELLENT,False,2026-09-28 06:41:04
327,327,100.0,EXCELLENT,False,2026-09-28 06:41:04
328,328,100.0,EXCELLENT,False,2026-09-28 06:41:04
329,329,100.0,EXCELLENT,False,2026-09-28 06:41:04
330,330,100.0,EXCELLENT,False,2026-09-28 06:41:04
331,331,100.0,EXCELLENT,False,2026-09-28 06:41:04
332,332,100.0,EXCELLENT,False,2026-09-28 06:41:04
333,333,100.0,EXCELLENT,False,2026-09-28 06:41:04
334,334,100.0,EXCELLENT,False,2026-09-28 06:41:04
335,335,100.0,EXCELLENT,False,2026-09-28 06:41:04
336,336,100.0,EXCELLENT,False,2026-09-28 06:41:04
337,337,100.0,EXCELLENT,False,2026-09-28 06:41:04
338,338,100.0,EXCELLENT,False,2026-09-28 06:41:04
339,339,100.0,EXCELLENT,False,2026-09-28 06:41:04
340,340,100.0,EXCELLENT,False,2026-09-28 06:41:04
341,341,100.0,EXCELLENT,False,2026-09-28 06:41:04
342,342,100.0,EXCELLENT,False,2026-09-28 06:41:04
343,343,100.0,EXCELLENT,False,2026-09-28 06:41:04
344,344,100.0,EXCELLENT,False,2026-09-28 06:41:04
345,345,100.0,EXCELLENT,False,2026-09-28 06:41:04
346,346,100.0,EXCELLENT,False,2026-09-28 06:41:04
347,347,100.0,EXCELLENT,False,2026-09-28 06:41:04
348,348,100.0,EXCELLENT,False,2026-09-28 06:41:04
349,349,100.0,EXCELLENT,False,2026-09-28 06:41:04
350,350,100.0,EXCELLENT,False,2026-09-28 06:41:04
351,351,100.0,EXCELLENT,False,2026-09-28 06:41:04
352,352,100.0,EXCELLENT,False,2026-09-28 06:41:04
353,353,100.0,EXCELLENT,False,2026-09-28 06:41:04
354,354,100.0,EXCELLENT,False,2026-09-28 06:41:04
355,355,100.0,EXCELLENT,False,2026-09-28 06:41:04
356,356,100.0,EXCELLENT,False,2026-09-28 06:41:04
357,357,100.0,EXCELLENT,False,2026-09-28 06:41:04
358,358,100.0,EXCELLENT,False,2026-09-28 06:41:04
359,359,100.0,EXCELLENT,False,2026-09-28 06:41:04
360,360,100.0,EXCELLENT,False,2026-09-28 06:41:04
361,361,100.0,EXCELLENT,False,2026-09-28 06:41:04
362,362,100.0,EXCELLENT,False,2026-09-28 06:41:04
363,363,100.0,EXCELLENT,False,2026-09-28 06:41:04
364,364,100.0,EXCELLENT,False,2026-09-28 06:41:04
365,365,100.0,EXCELLENT,False,2026-09-28 06:41:04
366,366,100.0,EXCELLENT,False,2026-09-28 06:41:04
367,367,100.0,EXCELLENT,False,2026-09-28 06:41:04
368,368,100.0,EXCELLENT,False,2026-09-28 06:41:04
369,369,100.0,EXCELLENT,False,2026-09-28 06:41:04
370,370,100.0,EXCELLENT,False,2026-09-28 06:41:04
371,371,100.0,EXCELLENT,False,2026-09-28 06:41:04
372,372,100.0,EXCELLENT,False,2026-09-28 06:41:04
373,373,100.0,EXCELLENT,False,2026-09-28 06:41:04
374,374,100.0,EXCELLENT,False,2026-09-28 06:41:04
375,375,100.0,EXCELLENT,False,2026-09-28 06:41:04
376,376,100.0,EXCELLENT,False,2026-09-28 06:41:04
377,377,100.0,EXCELLENT,False,2026-09-28 06:41:04
378,378,100.0,EXCELLENT,False,2026-09-28 06:41:04
379,379,100.0,EXCELLENT,False,2026-09-28 06:41:04
380,380,100.0,EXCELLENT,False,2026-09-28 06:41:04
381,381,100.0,EXCELLENT,False,2026-09-28 06:41:04
382,382,100.0,EXCELLENT,False,2026-09-28 06:41:04
383,383,100.0,EXCELLENT,False,2026-09-28 06:41:04
384,384,100.0,EXCELLENT,False,2026-09-28 06:41:04
385,385,100.0,EXCELLENT,False,2026-09-28 06:41:04
386,386,100.0,EXCELLENT,False,2026-09-28 06:41:04
387,387,100.0,EXCELLENT,False,2026-09-28 06:41:04
388,388,100.0,EXCELLENT,False,2026-09-28 06:41:04
389,389,100.0,EXCELLENT,False,2026-09-28 06:41:04
390,390,100.0,EXCELLENT,False,2026-09-28 06:41:04
391,391,100.0,EXCELLENT,False,2026-09-28 06:41:04
392,392,100.0,EXCELLENT,False,2026-09-28 06:41:04
393,393,100.0,EXCELLENT,False,2026-09-28 06:41:04
394,394,100.0,EXCELLENT,False,2026-09-28 06:41:04
395,395,100.0,EXCELLENT,False,2026-09-28 06:41:04
396,396,100.0,EXCELLENT,False,2026-09-28 06:41:04
397,397,100.0,EXCELLENT,False,2026-09-28 06:41:04
398,398,100.0,EXCELLENT,False,2026-09-28 06:41:04
399,399,100.0,EXCELLENT,False,2026-09-28 06:41:04
400,400,100.0,EXCELLENT,False,2026-09-28 06:41:04
401,401,100.0,EXCELLENT,False,2026-09-28 06:41:04
402,402,100.0,EXCELLENT,False,2026-09-28 06:41:04
403,403,100.0,EXCELLENT,False,2026-09-28 06:41:04
404,404,100.0,EXCELLENT,False,2026-09-28 06:41:04
405,405,100.0,EXCELLENT,False,2026-09-28 06:41:04
406,406,100.0,EXCELLENT,False,2026-09-28 06:41:04
407,407,100.0,EXCELLENT,False,2026-09-28 06:41:04
408,408,100.0,EXCELLENT,False,2026-09-28 06:41:04
409,409,100.0,EXCELLENT,False,2026-09-28 06:41:04
410,410,100.0,EXCELLENT,False,2026-09-28 06:41:04
411,411,100.0,EXCELLENT,False,2026-09-28 06:41:04
412,412,100.0,EXCELLENT,False,2026-09-28 06:41:04
413,413,100.0,EXCELLENT,False,2026-09-28 06:41:04
414,414,100.0,EXCELLENT,False,2026-09-28 06:41:04
415,415,100.0,EXCELLENT,False,2026-09-28 06:41:04
416,416,100.0,EXCELLENT,False,2026-09-28 06:41:04
417,417,100.0,EXCELLENT,False,2026-09-28 06:41:04
418,418,100.0,EXCELLENT,False,2026-09-28 06:41:04
419,419,100.0,EXCELLENT,False,2026-09-28 06:41:04
420,420,100.0,EXCELLENT,False,2026-09-28 06:41:04
421,421,100.0,EXCELLENT,False,2026-09-28 06:41:04
422,422,100.0,EXCELLENT,False,2026-09-28 06:41:04
423,423,100.0,EXCELLENT,False,2026-09-28 06:41:04
424,424,100.0,EXCELLENT,False,2026-09-28 06:41:04
425,425,100.0,EXCELLENT,False,2026-09-28 06:41:04
426,426,100.0,EXCELLENT,False,2026-09-28 06:41:04
427,427,100.0,EXCELLENT,False,2026-09-28 06:41:04
428,428,100.0,EXCELLENT,False,2026-09-28 06:41:04
429,429,100.0,EXCELLENT,False,2026-09-28 06:41:04
430,430,100.0,EXCELLENT,False,2026-09-28 06:41:04
431,431,100.0,EXCELLENT,False,2026-09-28 06:41:04
432,432,100.0,EXCELLENT,False,2026-09-28 06:41:04
433,433,100.0,EXCELLENT,False,2026-09-28 06:41:04
434,434,100.0,EXCELLENT,False,2026-09-28 06:41:04
435,435,95.0,EXCELLENT,False,2026-09-28 06:41:04
436,436,95.0,EXCELLENT,False,2026-09-28 06:41:04
437,437,95.0,EXCELLENT,False,2026-09-28 06:41:04
438,438,95.0,EXCELLENT,False,2026-09-28 06:41:04
439,439,95.0,EXCELLENT,False,2026-09-28 06:41:04
440,440,95.0,EXCELLENT,False,2026-09-28 06:41:04
441,441,95.0,EXCELLENT,False,2026-09-28 06:41:04
442,442,95.0,EXCELLENT,False,2026-09-28 06:41:04
443,443,95.0,EXCELLENT,False,2026-09-28 06:41:04
444,444,95.0,EXCELLENT,False,2026-09-28 06:41:04
445,445,95.0,EXCELLENT,False,2026-09-28 06:41:04
446,446,95.0,EXCELLENT,False,2026-09-28 06:41:04
447,447,95.0,EXCELLENT,False,2026-09-28 06:41:04
448,448,95.0,EXCELLENT,False,2026-09-28 06:41:04
449,449,95.0,EXCELLENT,False,2026-09-28 06:41:04
450,450,95.0,EXCELLENT,False,2026-09-28 06:41:04
451,451,95.0,EXCELLENT,False,2026-09-28 06:41:04
452,452,95.0,EXCELLENT,False,2026-09-28 06:41:04
453,453,95.0,EXCELLENT,False,2026-09-28 06:41:04
454,454,95.0,EXCELLENT,False,2026-09-28 06:41:04
455,455,95.0,EXCELLENT,False,2026-09-28 06:41:04
456,456,95.0,EXCELLENT,False,2026-09-28 06:41:04
457,457,95.0,EXCELLENT,False,2026-09-28 06:41:04
458,458,95.0,EXCELLENT,False,2026-09-28 06:41:04
459,459,95.0,EXCELLENT,False,2026-09-28 06:41:04
460,460,95.0,EXCELLENT,False,2026-09-28 06:41:04
461,461,95.0,EXCELLENT,False,2026-09-28 06:41:04
462,462,95.0,EXCELLENT,False,2026-09-28 06:41:04
463,463,95.0,EXCELLENT,False,2026-09-28 06:41:04
464,464,95.0,EXCELLENT,False,2026-09-28 06:41:04
465,465,95.0,EXCELLENT,False,2026-09-28 06:41:04
466,466,95.0,EXCELLENT,False,2026-09-28 06:41:04
467,467,95.0,EXCELLENT,False,2026-09-28 06:41:04
468,468,95.0,EXCELLENT,False,2026-09-28 06:41:04
469,469,95.0,EXCELLENT,False,2026-09-28 06:41:04
470,470,95.0,EXCELLENT,False,2026-09-28 06:41:04
471,471,95.0,EXCELLENT,False,2026-09-28 06:41:04
472,472,95.0,EXCELLENT,False,2026-09-28 06:41:04
473,473,95.0,EXCELLENT,False,2026-09-28 06:41:04
474,474,95.0,EXCELLENT,False,2026-09-28 06:41:04
475,475,95.0,EXCELLENT,False,2026-09-28 06:41:04
476,476,95.0,EXCELLENT,False,2026-09-28 06:41:04
477,477,95.0,EXCELLENT,False,2026-09-28 06:41:04
478,478,95.0,EXCELLENT,False,2026-09-28 06:41:04
479,479,95.0,EXCELLENT,False,2026-09-28 06:41:04
480,480,95.0,EXCELLENT,False,2026-09-28 06:41:04
481,481,95.0,EXCELLENT,False,2026-09-28 06:41:04
482,482,95.0,EXCELLENT,False,2026-09-28 06:41:04
483,483,95.0,EXCELLENT,False,2026-09-28 06:41:04
484,484,95.0,EXCELLENT,False,2026-09-28 06:41:04
485,485,95.0,EXCELLENT,False,2026-09-28 06:41:04
486,486,95.0,EXCELLENT,False,2026-09-28 06:41:04
487,487,95.0,EXCELLENT,False,2026-09-28 06:41:04
488,488,95.0,EXCELLENT,False,2026-09-28 06:41:04
489,489,95.0,EXCELLENT,False,2026-09-28 06:41:04
490,490,95.0,EXCELLENT,False,2026-09-28 06:41:04
491,491,95.0,EXCELLENT,False,2026-09-28 06:41:04
492,492,95.0,EXCELLENT,False,2026-09-28 06:41:04
493,493,95.0,EXCELLENT,False,2026-09-28 06:41:04
494,494,95.0,EXCELLENT,False,2026-09-28 06:41:04
495,495,95.0,EXCELLENT,False,2026-09-28 06:41:04
496,496,95.0,EXCELLENT,False,2026-09-28 06:41:04
497,497,95.0,EXCELLENT,False,2026-09-28 06:41:04
498,498,95.0,EXCELLENT,False,2026-09-28 06:41:04
499,499,95.0,EXCELLENT,False,2026-09-28 06:41:04
500,500,95.0,EXCELLENT,False,2026-09-28 06:41:04
501,501,95.0,EXCELLENT,False,2026-09-28 06:41:04
502,502,95.0,EXCELLENT,False,2026-09-28 06:41:04
503,503,95.0,EXCELLENT,False,2026-09-28 06:41:04
504,504,95.0,EXCELLENT,False,2026-09-28 06:41:04
505,505,95.0,EXCELLENT,False,2026-09-28 06:41:04
506,506,95.0,EXCELLENT,False,2026-09-28 06:41:04
507,507,95.0,EXCELLENT,False,2026-09-28 06:41:04
508,508,95.0,EXCELLENT,False,2026-09-28 06:41:04
509,509,95.0,EXCELLENT,False,2026-09-28 06:41:04
510,510,95.0,EXCELLENT,False,2026-09-28 06:41:04
511,511,95.0,EXCELLENT,False,2026-09-28 06:41:04
512,512,95.0,EXCELLENT,False,2026-09-28 06:41:04
513,513,95.0,EXCELLENT,False,2026-09-28 06:41:04
514,514,95.0,EXCELLENT,False,2026-09-28 06:41:04
515,515,95.0,EXCELLENT,False,2026-09-28 06:41:04
516,516,95.0,EXCELLENT,False,2026-09-28 06:41:04
517,517,95.0,EXCELLENT,False,2026-09-28 06:41:04
518,518,95.0,EXCELLENT,False,2026-09-28 06:41:04
519,519,95.0,EXCELLENT,False,2026-09-28 06:41:04
520,520,95.0,EXCELLENT,False,2026-09-28 06:41:04
521,521,95.0,EXCELLENT,False,2026-09-28 06:41:04
522,522,95.0,EXCELLENT,False,2026-09-28 06:41:04
523,523,95.0,EXCELLENT,False,2026-09-28 06:41:04
524,524,95.0,EXCELLENT,False,2026-09-28 06:41:04
525,525,95.0,EXCELLENT,False,2026-09-28 06:41:04
526,526,95.0,EXCELLENT,False,2026-09-28 06:41:04
527,527,95.0,EXCELLENT,False,2026-09-28 06:41:04
528,528,95.0,EXCELLENT,False,2026-09-28 06:41:04
529,529,95.0,EXCELLENT,False,2026-09-28 06:41:04
530,530,95.0,EXCELLENT,False,2026-09-28 06:41:04
531,531,95.0,EXCELLENT,False,2026-09-28 06:41:04
532,532,95.0,EXCELLENT,False,2026-09-28 06:41:04
533,533,95.0,EXCELLENT,False,2026-09-28 06:41:04
534,534,95.0,EXCELLENT,False,2026-09-28 06:41:04
535,535,95.0,EXCELLENT,False,2026-09-28 06:41:04
536,536,95.0,EXCELLENT,False,2026-09-28 06:41:04
537,537,95.0,EXCELLENT,False,2026-09-28 06:41:04
538,538,95.0,EXCELLENT,False,2026-09-28 06:41:04
539,539,95.0,EXCELLENT,False,2026-09-28 06:41:04
540,540,95.0,EXCELLENT,False,2026-09-28 06:41:04
541,541,95.0,EXCELLENT,False,2026-09-28 06:41:04
542,542,95.0,EXCELLENT,False,2026-09-28 06:41:04
543,543,95.0,EXCELLENT,False,2026-09-28 06:41:04
544,544,95.0,EXCELLENT,False,2026-09-28 06:41:04
545,545,95.0,EXCELLENT,False,2026-09-28 06:41:04
546,546,95.0,EXCELLENT,False,2026-09-28 06:41:04
547,547,95.0,EXCELLENT,False,2026-09-28 06:41:04
548,548,95.0,EXCELLENT,False,2026-09-28 06:41:04
549,549,95.0,EXCELLENT,False,2026-09-28 06:41:04
550,550,95.0,EXCELLENT,False,2026-09-28 06:41:04
551,551,95.0,EXCELLENT,False,2026-09-28 06:41:04
552,552,95.0,EXCELLENT,False,2026-09-28 06:41:04
553,553,95.0,EXCELLENT,False,2026-09-28 06:41:04
554,554,95.0,EXCELLENT,False,2026-09-28 06:41:04
555,555,95.0,EXCELLENT,False,2026-09-28 06:41:04
556,556,95.0,EXCELLENT,False,2026-09-28 06:41:04
557,557,95.0,EXCELLENT,False,2026-09-28 06:41:04
558,558,95.0,EXCELLENT,False,2026-09-28 06:41:04
559,559,95.0,EXCELLENT,False,2026-09-28 06:41:04
560,560,95.0,EXCELLENT,False,2026-09-28 06:41:04
561,561,95.0,EXCELLENT,False,2026-09-28 06:41:04
562,562,95.0,EXCELLENT,False,2026-09-28 06:41:04
563,563,95.0,EXCELLENT,False,2026-09-28 06:41:04
564,564,95.0,EXCELLENT,False,2026-09-28 06:41:04
565,565,95.0,EXCELLENT,False,2026-09-28 06:41:04
566,566,95.0,EXCELLENT,False,2026-09-28 06:41:04
567,567,95.0,EXCELLENT,False,2026-09-28 06:41:04
568,568,95.0,EXCELLENT,False,2026-09-28 06:41:04
569,569,95.0,EXCELLENT,False,2026-09-28 06:41:04
570,570,95.0,EXCELLENT,False,2026-09-28 06:41:04
571,571,95.0,EXCELLENT,False,2026-09-28 06:41:04
572,572,95.0,EXCELLENT,False,2026-09-28 06:41:04
573,573,95.0,EXCELLENT,False,2026-09-28 06:41:04
574,574,95.0,EXCELLENT,False,2026-09-28 06:41:04
575,575,95.0,EXCELLENT,False,2026-09-28 06:41:04
576,576,95.0,EXCELLENT,False,2026-09-28 06:41:04
577,577,95.0,EXCELLENT,False,2026-09-28 06:41:04
578,578,95.0,EXCELLENT,False,2026-09-28 06:41:04
579,579,95.0,EXCELLENT,False,2026-09-28 06:41:04
580,580,95.0,EXCELLENT,False,2026-09-28 06:41:04
581,581,95.0,EXCELLENT,False,2026-09-28 06:41:04
582,582,95.0,EXCELLENT,False,2026-09-28 06:41:04
583,583,95.0,EXCELLENT,False,2026-09-28 06:41:04
584,584,95.0,EXCELLENT,False,2026-09-28 06:41:04
585,585,95.0,EXCELLENT,False,2026-09-28 06:41:04
586,586,95.0,EXCELLENT,False,2026-09-28 06:41:04
587,587,95.0,EXCELLENT,False,2026-09-28 06:41:04
588,588,95.0,EXCELLENT,False,2026-09-28 06:41:04
589,589,95.0,EXCELLENT,False,2026-09-28 06:41:04
590,590,95.0,EXCELLENT,False,2026-09-28 06:41:04
591,591,95.0,EXCELLENT,False,2026-09-28 06:41:04
592,592,95.0,EXCELLENT,False,2026-09-28 06:41:04
593,593,95.0,EXCELLENT,False,2026-09-28 06:41:04
594,594,95.0,EXCELLENT,False,2026-09-28 06:41:04
595,595,95.0,EXCELLENT,False,2026-09-28 06:41:04
596,596,95.0,EXCELLENT,False,2026-09-28 06:41:04
597,597,95.0,EXCELLENT,False,2026-09-28 06:41:04
598,598,95.0,EXCELLENT,False,2026-09-28 06:41:04
599,599,95.0,EXCELLENT,False,2026-09-28 06:41:04
600,600,95.0,EXCELLENT,False,2026-09-28 06:41:04
601,601,95.0,EXCELLENT,False,2026-09-28 06:41:04
602,602,95.0,EXCELLENT,False,2026-09-28 06:41:04
603,603,95.0,EXCELLENT,False,2026-09-28 06:41:04
604,604,95.0,EXCELLENT,False,2026-09-28 06:41:04
605,605,95.0,EXCELLENT,False,2026-09-28 06:41:04
606,606,95.0,EXCELLENT,False,2026-09-28 06:41:04
607,607,95.0,EXCELLENT,False,2026-09-28 06:41:04
608,608,95.0,EXCELLENT,False,2026-09-28 06:41:04
609,609,95.0,EXCELLENT,False,2026-09-28 06:41:04
610,610,95.0,EXCELLENT,False,2026-09-28 06:41:04
611,611,95.0,EXCELLENT,False,2026-09-28 06:41:04
612,612,95.0,EXCELLENT,False,2026-09-28 06:41:04
613,613,95.0,EXCELLENT,False,2026-09-28 06:41:04
614,614,95.0,EXCELLENT,False,2026-09-28 06:41:04
615,615,95.0,EXCELLENT,False,2026-09-28 06:41:04
616,616,95.0,EXCELLENT,False,2026-09-28 06:41:04
617,617,95.0,EXCELLENT,False,2026-09-28 06:41:04
618,618,95.0,EXCELLENT,False,2026-09-28 06:41:04
619,619,95.0,EXCELLENT,False,2026-09-28 06:41:04
620,620,95.0,EXCELLENT,False,2026-09-28 06:41:04
621,621,95.0,EXCELLENT,False,2026-09-28 06:41:04
622,622,95.0,EXCELLENT,False,2026-09-28 06:41:04
623,623,95.0,EXCELLENT,False,2026-09-28 06:41:04
624,624,95.0,EXCELLENT,False,2026-09-28 06:41:04
625,625,95.0,EXCELLENT,False,2026-09-28 06:41:04
626,626,95.0,EXCELLENT,False,2026-09-28 06:41:04
627,627,95.0,EXCELLENT,False,2026-09-28 06:41:04
628,628,95.0,EXCELLENT,False,2026-09-28 06:41:04
629,629,95.0,EXCELLENT,False,2026-09-28 06:41:04
630,630,95.0,EXCELLENT,False,2026-09-28 06:41:04
631,631,95.0,EXCELLENT,False,2026-09-28 06:41:04
632,632,95.0,EXCELLENT,False,2026-09-28 06:41:04
633,633,95.0,EXCELLENT,False,2026-09-28 06:41:04
634,634,95.0,EXCELLENT,False,2026-09-28 06:41:04
635,635,95.0,EXCELLENT,False,2026-09-28 06:41:04
636,636,95.0,EXCELLENT,False,2026-09-28 06:41:04
637,637,95.0,EXCELLENT,False,2026-09-28 06:41:04
638,638,95.0,EXCELLENT,False,2026-09-28 06:41:04
639,639,95.0,EXCELLENT,False,2026-09-28 06:41:04
640,640,95.0,EXCELLENT,False,2026-09-28 06:41:04
641,641,95.0,EXCELLENT,False,2026-09-28 06:41:04
642,642,95.0,EXCELLENT,False,2026-09-28 06:41:04
643,643,95.0,EXCELLENT,False,2026-09-28 06:41:04
644,644,95.0,EXCELLENT,False,2026-09-28 06:41:04
645,645,95.0,EXCELLENT,False,2026-09-28 06:41:04
646,646,95.0,EXCELLENT,False,2026-09-28 06:41:04
647,647,95.0,EXCELLENT,False,2026-09-28 06:41:04
648,648,95.0,EXCELLENT,False,2026-09-28 06:41:04
649,649,95.0,EXCELLENT,False,2026-09-28 06:41:04
650,650,95.0,EXCELLENT,False,2026-09-28 06:41:04
651,651,95.0,EXCELLENT,False,2026-09-28 06:41:04
652,652,95.0,EXCELLENT,False,2026-09-28 06:41:04
653,653,95.0,EXCELLENT,False,2026-09-28 06:41:04
654,654,95.0,EXCELLENT,False,2026-09-28 06:41:04
655,655,95.0,EXCELLENT,False,2026-09-28 06:41:04
656,656,95.0,EXCELLENT,False,2026-09-28 06:41:04
657,657,95.0,EXCELLENT,False,2026-09-28 06:41:04
658,658,95.0,EXCELLENT,False,2026-09-28 06:41:04
659,659,95.0,EXCELLENT,False,2026-09-28 06:41:04
660,660,95.0,EXCELLENT,False,2026-09-28 06:41:04
661,661,95.0,EXCELLENT,False,2026-09-28 06:41:04
662,662,95.0,EXCELLENT,False,2026-09-28 06:41:04
663,663,95.0,EXCELLENT,False,2026-09-28 06:41:04
664,664,95.0,EXCELLENT,False,2026-09-28 06:41:04
665,665,95.0,EXCELLENT,False,2026-09-28 06:41:04
666,666,95.0,EXCELLENT,False,2026-09-28 06:41:04
667,667,95.0,EXCELLENT,False,2026-09-28 06:41:04
668,668,95.0,EXCELLENT,False,2026-09-28 06:41:04
669,669,95.0,EXCELLENT,False,2026-09-28 06:41:04
670,670,95.0,EXCELLENT,False,2026-09-28 06:41:04
671,671,95.0,EXCELLENT,False,2026-09-28 06:41:04
672,672,95.0,EXCELLENT,False,2026-09-28 06:41:04
673,673,95.0,EXCELLENT,False,2026-09-28 06:41:04
674,674,95.0,EXCELLENT,False,2026-09-28 06:41:04
675,675,95.0,EXCELLENT,False,2026-09-28 06:41:04
676,676,95.0,EXCELLENT,False,2026-09-28 06:41:04
677,677,95.0,EXCELLENT,False,2026-09-28 06:41:04
678,678,95.0,EXCELLENT,False,2026-09-28 06:41:04
679,679,95.0,EXCELLENT,False,2026-09-28 06:41:04
680,680,95.0,EXCELLENT,False,2026-09-28 06:41:04
681,681,95.0,EXCELLENT,False,2026-09-28 06:41:04
682,682,95.0,EXCELLENT,False,2026-09-28 06:41:04
683,683,95.0,EXCELLENT,False,2026-09-28 06:41:04
684,684,95.0,EXCELLENT,False,2026-09-28 06:41:04
685,685,95.0,EXCELLENT,False,2026-09-28 06:41:04
686,686,95.0,EXCELLENT,False,2026-09-28 06:41:04
687,687,95.0,EXCELLENT,False,2026-09-28 06:41:04
688,688,95.0,EXCELLENT,False,2026-09-28 06:41:04
689,689,95.0,EXCELLENT,False,2026-09-28 06:41:04
690,690,95.0,EXCELLENT,False,2026-09-28 06:41:04
691,691,95.0,EXCELLENT,False,2026-09-28 06:41:04
692,692,95.0,EXCELLENT,False,2026-09-28 06:41:04
693,693,95.0,EXCELLENT,False,2026-09-28 06:41:04
694,694,95.0,EXCELLENT,False,2026-09-28 06:41:04
695,695,95.0,EXCELLENT,False,2026-09-28 06:41:04
696,696,95.0,EXCELLENT,False,2026-09-28 06:41:04
697,697,95.0,EXCELLENT,False,2026-09-28 06:41:04
698,698,95.0,EXCELLENT,False,2026-09-28 06:41:04
699,699,95.0,EXCELLENT,False,2026-09-28 06:41:04
700,700,95.0,EXCELLENT,False,2026-09-28 06:41:04
701,701,95.0,EXCELLENT,False,2026-09-28 06:41:04
702,702,95.0,EXCELLENT,False,2026-09-28 06:41:04
703,703,95.0,EXCELLENT,False,2026-09-28 06:41:04
704,704,95.0,EXCELLENT,False,2026-09-28 06:41:04
705,705,95.0,EXCELLENT,False,2026-09-28 06:41:04
706,706,95.0,EXCELLENT,False,2026-09-28 06:41:04
707,707,95.0,EXCELLENT,False,2026-09-28 06:41:04
708,708,95.0,EXCELLENT,False,2026-09-28 06:41:04
709,709,95.0,EXCELLENT,False,2026-09-28 06:41:04
710,710,95.0,EXCELLENT,False,2026-09-28 06:41:04
711,711,95.0,EXCELLENT,False,2026-09-28 06:41:04
712,712,95.0,EXCELLENT,False,2026-09-28 06:41:04
713,713,95.0,EXCELLENT,False,2026-09-28 06:41:04
714,714,95.0,EXCELLENT,False,2026-09-28 06:41:04
715,715,95.0,EXCELLENT,False,2026-09-28 06:41:04
716,716,95.0,EXCELLENT,False,2026-09-28 06:41:04
717,717,95.0,EXCELLENT,False,2026-09-28 06:41:04
718,718,95.0,EXCELLENT,False,2026-09-28 06:41:04
719,719,95.0,EXCELLENT,False,2026-09-28 06:41:04
720,720,95.0,EXCELLENT,False,2026-09-28 06:41:04
721,721,95.0,EXCELLENT,False,2026-09-28 06:41:04
722,722,95.0,EXCELLENT,False,2026-09-28 06:41:04
723,723,95.0,EXCELLENT,False,2026-09-28 06:41:04
724,724,95.0,EXCELLENT,False,2026-09-28 06:41:04
725,725,95.0,EXCELLENT,False,2026-09-28 06:41:04
726,726,95.0,EXCELLENT,False,2026-09-28 06:41:04
727,727,95.0,EXCELLENT,False,2026-09-28 06:41:04
728,728,95.0,EXCELLENT,False,2026-09-28 06:41:04
729,729,95.0,EXCELLENT,False,2026-09-28 06:41:04
730,730,95.0,EXCELLENT,False,2026-09-28 06:41:04
731,731,95.0,EXCELLENT,False,2026-09-28 06:41:04
732,732,95.0,EXCELLENT,False,2026-09-28 06:41:04
733,733,95.0,EXCELLENT,False,2026-09-28 06:41:04
734,734,95.0,EXCELLENT,False,2026-09-28 06:41:04
735,735,95.0,EXCELLENT,False,2026-09-28 06:41:04
736,736,95.0,EXCELLENT,False,2026-09-28 06:41:04
737,737,95.0,EXCELLENT,False,2026-09-28 06:41:04
738,738,95.0,EXCELLENT,False,2026-09-28 06:41:04
739,739,95.0,EXCELLENT,False,2026-09-28 06:41:04
740,740,95.0,EXCELLENT,False,2026-09-28 06:41:04
741,741,95.0,EXCELLENT,False,2026-09-28 06:41:04
742,742,95.0,EXCELLENT,False,2026-09-28 06:41:04
743,743,95.0,EXCELLENT,False,2026-09-28 06:41:04
744,744,95.0,EXCELLENT,False,2026-09-28 06:41:04
745,745,95.0,EXCELLENT,False,2026-09-28 06:41:04
746,746,95.0,EXCELLENT,False,2026-09-28 06:41:04
747,747,95.0,EXCELLENT,False,2026-09-28 06:41:04
748,748,95.0,EXCELLENT,False,2026-09-28 06:41:04
749,749,95.0,EXCELLENT,False,2026-09-28 06:41:04
750,750,95.0,EXCELLENT,False,2026-09-28 06:41:04
751,751,95.0,EXCELLENT,False,2026-09-28 06:41:04
752,752,95.0,EXCELLENT,False,2026-09-28 06:41:04
753,753,95.0,EXCELLENT,False,2026-09-28 06:41:04
754,754,95.0,EXCELLENT,False,2026-09-28 06:41:04
755,755,95.0,EXCELLENT,False,2026-09-28 06:41:04
756,756,95.0,EXCELLENT,False,2026-09-28 06:41:04
757,757,95.0,EXCELLENT,False,2026-09-28 06:41:04
758,758,95.0,EXCELLENT,False,2026-09-28 06:41:04
759,759,95.0,EXCELLENT,False,2026-09-28 06:41:04
760,760,95.0,EXCELLENT,False,2026-09-28 06:41:04
761,761,95.0,EXCELLENT,False,2026-09-28 06:41:04
762,762,95.0,EXCELLENT,False,2026-09-28 06:41:04
763,763,95.0,EXCELLENT,False,2026-09-28 06:41:04
764,764,95.0,EXCELLENT,False,2026-09-28 06:41:04
765,765,95.0,EXCELLENT,False,2026-09-28 06:41:04
766,766,95.0,EXCELLENT,False,2026-09-28 06:41:04
767,767,95.0,EXCELLENT,False,2026-09-28 06:41:04
768,768,95.0,EXCELLENT,False,2026-09-28 06:41:04
769,769,95.0,EXCELLENT,False,2026-09-28 06:41:04
770,770,95.0,EXCELLENT,False,2026-09-28 06:41:04
771,771,95.0,EXCELLENT,False,2026-09-28 06:41:04
772,772,95.0,EXCELLENT,False,2026-09-28 06:41:04
773,773,95.0,EXCELLENT,False,2026-09-28 06:41:04
774,774,95.0,EXCELLENT,False,2026-09-28 06:41:04
775,775,95.0,EXCELLENT,False,2026-09-28 06:41:04
776,776,95.0,EXCELLENT,False,2026-09-28 06:41:04
777,777,95.0,EXCELLENT,False,2026-09-28 06:41:04
778,778,95.0,EXCELLENT,False,2026-09-28 06:41:04
779,779,95.0,EXCELLENT,False,2026-09-28 06:41:04
780,780,95.0,EXCELLENT,False,2026-09-28 06:41:04
781,781,95.0,EXCELLENT,False,2026-09-28 06:41:04
782,782,95.0,EXCELLENT,False,2026-09-28 06:41:04
783,783,95.0,EXCELLENT,False,2026-09-28 06:41:04
784,784,95.0,EXCELLENT,False,2026-09-28 06:41:04
785,785,95.0,EXCELLENT,False,2026-09-28 06:41:04
786,786,95.0,EXCELLENT,False,2026-09-28 06:41:04
787,787,95.0,EXCELLENT,False,2026-09-28 06:41:04
788,788,95.0,EXCELLENT,False,2026-09-28 06:41:04
789,789,95.0,EXCELLENT,False,2026-09-28 06:41:04
790,790,95.0,EXCELLENT,False,2026-09-28 06:41:04
791,791,95.0,EXCELLENT,False,2026-09-28 06:41:04
792,792,95.0,EXCELLENT,False,2026-09-28 06:41:04
793,793,95.0,EXCELLENT,False,2026-09-28 06:41:04
794,794,95.0,EXCELLENT,False,2026-09-28 06:41:04
795,795,95.0,EXCELLENT,False,2026-09-28 06:41:04
796,796,95.0,EXCELLENT,False,2026-09-28 06:41:04
797,797,95.0,EXCELLENT,False,2026-09-28 06:41:04
798,798,95.0,EXCELLENT,False,2026-09-28 06:41:04
799,799,95.0,EXCELLENT,False,2026-09-28 06:41:04
800,800,95.0,EXCELLENT,False,2026-09-28 06:41:04
801,801,95.0,EXCELLENT,False,2026-09-28 06:41:04
802,802,95.0,EXCELLENT,False,2026-09-28 06:41:04
803,803,95.0,EXCELLENT,False,2026-09-28 06:41:04
804,804,95.0,EXCELLENT,False,2026-09-28 06:41:04
805,805,95.0,EXCELLENT,False,2026-09-28 06:41:04
806,806,95.0,EXCELLENT,False,2026-09-28 06:41:04
807,807,95.0,EXCELLENT,False,2026-09-28 06:41:04
808,808,95.0,EXCELLENT,False,2026-09-28 06:41:04
809,809,95.0,EXCELLENT,False,2026-09-28 06:41:04
810,810,95.0,EXCELLENT,False,2026-09-28 06:41:04
811,811,95.0,EXCELLENT,False,2026-09-28 06:41:04
812,812,95.0,EXCELLENT,False,2026-09-28 06:41:04
813,813,95.0,EXCELLENT,False,2026-09-28 06:41:04
814,814,95.0,EXCELLENT,False,2026-09-28 06:41:04
815,815,95.0,EXCELLENT,False,2026-09-28 06:41:04
816,816,95.0,EXCELLENT,False,2026-09-28 06:41:04
817,817,95.0,EXCELLENT,False,2026-09-28 06:41:04
818,818,95.0,EXCELLENT,False,2026-09-28 06:41:04
819,819,95.0,EXCELLENT,False,2026-09-28 06:41:04
820,820,95.0,EXCELLENT,False,2026-09-28 06:41:04
821,821,95.0,EXCELLENT,False,2026-09-28 06:41:04
822,822,95.0,EXCELLENT,False,2026-09-28 06:41:04
823,823,95.0,EXCELLENT,False,2026-09-28 06:41:04
824,824,95.0,EXCELLENT,False,2026-09-28 06:41:04
825,825,95.0,EXCELLENT,False,2026-09-28 06:41:04
826,826,95.0,EXCELLENT,False,2026-09-28 06:41:04
827,827,95.0,EXCELLENT,False,2026-09-28 06:41:04
828,828,95.0,EXCELLENT,False,2026-09-28 06:41:04
829,829,95.0,EXCELLENT,False,2026-09-28 06:41:04
830,830,95.0,EXCELLENT,False,2026-09-28 06:41:04
831,831,95.0,EXCELLENT,False,2026-09-28 06:41:04
832,832,95.0,EXCELLENT,False,2026-09-28 06:41:04
833,833,95.0,EXCELLENT,False,2026-09-28 06:41:04
834,834,95.0,EXCELLENT,False,2026-09-28 06:41:04
835,835,95.0,EXCELLENT,False,2026-09-28 06:41:04
836,836,95.0,EXCELLENT,False,2026-09-28 06:41:04
837,837,95.0,EXCELLENT,False,2026-09-28 06:41:04
838,838,95.0,EXCELLENT,False,2026-09-28 06:41:04
839,839,95.0,EXCELLENT,False,2026-09-28 06:41:04
840,840,95.0,EXCELLENT,False,2026-09-28 06:41:04
841,841,95.0,EXCELLENT,False,2026-09-28 06:41:04
842,842,95.0,EXCELLENT,False,2026-09-28 06:41:04
843,843,95.0,EXCELLENT,False,2026-09-28 06:41:04
844,844,95.0,EXCELLENT,False,2026-09-28 06:41:04
845,845,95.0,EXCELLENT,False,2026-09-28 06:41:04
846,846,95.0,EXCELLENT,False,2026-09-28 06:41:04
847,847,95.0,EXCELLENT,False,2026-09-28 06:41:04
848,848,95.0,EXCELLENT,False,2026-09-28 06:41:04
849,849,95.0,EXCELLENT,False,2026-09-28 06:41:04
850,850,95.0,EXCELLENT,False,2026-09-28 06:41:04
851,851,95.0,EXCELLENT,False,2026-09-28 06:41:04
852,852,95.0,EXCELLENT,False,2026-09-28 06:41:04
853,853,95.0,EXCELLENT,False,2026-09-28 06:41:04
854,854,95.0,EXCELLENT,False,2026-09-28 06:41:04
855,855,95.0,EXCELLENT,False,2026-09-28 06:41:04
856,856,95.0,EXCELLENT,False,2026-09-28 06:41:04
857,857,95.0,EXCELLENT,False,2026-09-28 06:41:04
858,858,95.0,EXCELLENT,False,2026-09-28 06:41:04
859,859,95.0,EXCELLENT,False,2026-09-28 06:41:04
860,860,95.0,EXCELLENT,False,2026-09-28 06:41:04
861,861,95.0,EXCELLENT,False,2026-09-28 06:41:04
862,862,95.0,EXCELLENT,False,2026-09-28 06:41:04
863,863,95.0,EXCELLENT,False,2026-09-28 06:41:04
864,864,95.0,EXCELLENT,False,2026-09-28 06:41:04
865,865,95.0,EXCELLENT,False,2026-09-28 06:41:04
866,866,95.0,EXCELLENT,False,2026-09-28 06:41:04
867,867,95.0,EXCELLENT,False,2026-09-28 06:41:04
868,868,95.0,EXCELLENT,False,2026-09-28 06:41:04
869,869,95.0,EXCELLENT,False,2026-09-28 06:41:04
870,870,95.0,EXCELLENT,False,2026-09-28 06:41:04
871,871,95.0,EXCELLENT,False,2026-09-28 06:41:04
872,872,95.0,EXCELLENT,False,2026-09-28 06:41:04
873,873,95.0,EXCELLENT,False,2026-09-28 06:41:04
874,874,95.0,EXCELLENT,False,2026-09-28 06:41:04
875,875,95.0,EXCELLENT,False,2026-09-28 06:41:04
876,876,95.0,EXCELLENT,False,2026-09-28 06:41:04
877,877,95.0,EXCELLENT,False,2026-09-28 06:41:04
878,878,95.0,EXCELLENT,False,2026-09-28 06:41:04
879,879,95.0,EXCELLENT,False,2026-09-28 06:41:04
880,880,95.0,EXCELLENT,False,2026-09-28 06:41:04
881,881,95.0,EXCELLENT,False,2026-09-28 06:41:04
882,882,95.0,EXCELLENT,False,2026-09-28 06:41:04
883,883,95.0,EXCELLENT,False,2026-09-28 06:41:04
884,884,95.0,EXCELLENT,False,2026-09-28 06:41:04
885,885,95.0,EXCELLENT,False,2026-09-28 06:41:04
886,886,95.0,EXCELLENT,False,2026-09-28 06:41:04
887,887,95.0,EXCELLENT,False,2026-09-28 06:41:04
888,888,95.0,EXCELLENT,False,2026-09-28 06:41:04
889,889,95.0,EXCELLENT,False,2026-09-28 06:41:04
890,890,95.0,EXCELLENT,False,2026-09-28 06:41:04
891,891,95.0,EXCELLENT,False,2026-09-28 06:41:04
892,892,95.0,EXCELLENT,False,2026-09-28 06:41:04
893,893,95.0,EXCELLENT,False,2026-09-28 06:41:04
894,894,95.0,EXCELLENT,False,2026-09-28 06:41:04
895,895,95.0,EXCELLENT,False,2026-09-28 06:41:04
896,896,95.0,EXCELLENT,False,2026-09-28 06:41:04
897,897,95.0,EXCELLENT,False,2026-09-28 06:41:04
898,898,95.0,EXCELLENT,False,2026-09-28 06:41:04
899,899,95.0,EXCELLENT,False,2026-09-28 06:41:04
900,900,95.0,EXCELLENT,False,2026-09-28 06:41:04
901,901,95.0,EXCELLENT,False,2026-09-28 06:41:04
902,902,95.0,EXCELLENT,False,2026-09-28 06:41:04
903,903,95.0,EXCELLENT,False,2026-09-28 06:41:04
904,904,95.0,EXCELLENT,False,2026-09-28 06:41:04
905,905,95.0,EXCELLENT,False,2026-09-28 06:41:04
906,906,95.0,EXCELLENT,False,2026-09-28 06:41:04
907,907,95.0,EXCELLENT,False,2026-09-28 06:41:04
908,908,95.0,EXCELLENT,False,2026-09-28 06:41:04
909,909,95.0,EXCELLENT,False,2026-09-28 06:41:04
910,910,95.0,EXCELLENT,False,2026-09-28 06:41:04
911,911,95.0,EXCELLENT,False,2026-09-28 06:41:04
912,912,95.0,EXCELLENT,False,2026-09-28 06:41:04
913,913,95.0,EXCELLENT,False,2026-09-28 06:41:04
914,914,95.0,EXCELLENT,False,2026-09-28 06:41:04
915,915,95.0,EXCELLENT,False,2026-09-28 06:41:04
916,916,95.0,EXCELLENT,False,2026-09-28 06:41:04
917,917,95.0,EXCELLENT,False,2026-09-28 06:41:04
918,918,95.0,EXCELLENT,False,2026-09-28 06:41:04
919,919,95.0,EXCELLENT,False,2026-09-28 06:41:04
920,920,95.0,EXCELLENT,False,2026-09-28 06:41:04
921,921,95.0,EXCELLENT,False,2026-09-28 06:41:04
922,922,95.0,EXCELLENT,False,2026-09-28 06:41:04
923,923,95.0,EXCELLENT,False,2026-09-28 06:41:04
924,924,95.0,EXCELLENT,False,2026-09-28 06:41:04
925,925,95.0,EXCELLENT,False,2026-09-28 06:41:04
926,926,95.0,EXCELLENT,False,2026-09-28 06:41:04
927,927,95.0,EXCELLENT,False,2026-09-28 06:41:04
928,928,95.0,EXCELLENT,False,2026-09-28 06:41:04
929,929,95.0,EXCELLENT,False,2026-09-28 06:41:04
930,930,95.0,EXCELLENT,False,2026-09-28 06:41:04
931,931,95.0,EXCELLENT,False,2026-09-28 06:41:04
932,932,95.0,EXCELLENT,False,2026-09-28 06:41:04
933,933,95.0,EXCELLENT,False,2026-09-28 06:41:04
934,934,95.0,EXCELLENT,False,2026-09-28 06:41:04
935,935,95.0,EXCELLENT,False,2026-09-28 06:41:04
936,936,95.0,EXCELLENT,False,2026-09-28 06:41:04
937,937,95.0,EXCELLENT,False,2026-09-28 06:41:04
938,938,95.0,EXCELLENT,False,2026-09-28 06:41:04
939,939,95.0,EXCELLENT,False,2026-09-28 06:41:04
940,940,95.0,EXCELLENT,False,2026-09-28 06:41:04
941,941,95.0,EXCELLENT,False,2026-09-28 06:41:04
942,942,95.0,EXCELLENT,False,2026-09-28 06:41:04
943,943,95.0,EXCELLENT,False,2026-09-28 06:41:04
944,944,95.0,EXCELLENT,False,2026-09-28 06:41:04
945,945,95.0,EXCELLENT,False,2026-09-28 06:41:04
946,946,95.0,EXCELLENT,False,2026-09-28 06:41:04
947,947,95.0,EXCELLENT,False,2026-09-28 06:41:04
948,948,95.0,EXCELLENT,False,2026-09-28 06:41:04
949,949,95.0,EXCELLENT,False,2026-09-28 06:41:04
950,950,95.0,EXCELLENT,False,2026-09-28 06:41:04
951,951,95.0,EXCELLENT,False,2026-09-28 06:41:04
952,952,95.0,EXCELLENT,False,2026-09-28 06:41:04
953,953,95.0,EXCELLENT,False,2026-09-28 06:41:04
954,954,95.0,EXCELLENT,False,2026-09-28 06:41:04
955,955,95.0,EXCELLENT,False,2026-09-28 06:41:04
956,956,95.0,EXCELLENT,False,2026-09-28 06:41:04
957,957,95.0,EXCELLENT,False,2026-09-28 06:41:04
958,958,95.0,EXCELLENT,False,2026-09-28 06:41:04
959,959,95.0,EXCELLENT,False,2026-09-28 06:41:04
960,960,95.0,EXCELLENT,False,2026-09-28 06:41:04
961,961,95.0,EXCELLENT,False,2026-09-28 06:41:04
962,962,95.0,EXCELLENT,False,2026-09-28 06:41:04
963,963,95.0,EXCELLENT,False,2026-09-28 06:41:04
964,964,95.0,EXCELLENT,False,2026-09-28 06:41:04
965,965,95.0,EXCELLENT,False,2026-09-28 06:41:04
966,966,95.0,EXCELLENT,False,2026-09-28 06:41:04
967,967,95.0,EXCELLENT,False,2026-09-28 06:41:04
968,968,95.0,EXCELLENT,False,2026-09-28 06:41:04
969,969,95.0,EXCELLENT,False,2026-09-28 06:41:04
970,970,95.0,EXCELLENT,False,2026-09-28 06:41:04
971,971,95.0,EXCELLENT,False,2026-09-28 06:41:04
972,972,95.0,EXCELLENT,False,2026-09-28 06:41:04
973,973,95.0,EXCELLENT,False,2026-09-28 06:41:04
974,974,95.0,EXCELLENT,False,2026-09-28 06:41:04
975,975,95.0,EXCELLENT,False,2026-09-28 06:41:04
976,976,95.0,EXCELLENT,False,2026-09-28 06:41:04
977,977,95.0,EXCELLENT,False,2026-09-28 06:41:04
978,978,95.0,EXCELLENT,False,2026-09-28 06:41:04
979,979,95.0,EXCELLENT,False,2026-09-28 06:41:04
980,980,95.0,EXCELLENT,False,2026-09-28 06:41:04
981,981,95.0,EXCELLENT,False,2026-09-28 06:41:04
982,982,95.0,EXCELLENT,False,2026-09-28 06:41:04
983,983,95.0,EXCELLENT,False,2026-09-28 06:41:04
984,984,95.0,EXCELLENT,False,2026-09-28 06:41:04
985,985,95.0,EXCELLENT,False,2026-09-28 06:41:04
986,986,95.0,EXCELLENT,False,2026-09-28 06:41:04
987,987,95.0,EXCELLENT,False,2026-09-28 06:41:04
988,988,95.0,EXCELLENT,False,2026-09-28 06:41:04
989,989,95.0,EXCELLENT,False,2026-09-28 06:41:04
990,990,95.0,EXCELLENT,False,2026-09-28 06:41:04
991,991,95.0,EXCELLENT,False,2026-09-28 06:41:04
992,992,95.0,EXCELLENT,False,2026-09-28 06:41:04
993,993,95.0,EXCELLENT,False,2026-09-28 06:41:04
994,994,95.0,EXCELLENT,False,2026-09-28 06:41:04
995,995,95.0,EXCELLENT,False,2026-09-28 06:41:04
996,996,95.0,EXCELLENT,False,2026-09-28 06:41:04
997,997,95.0,EXCELLENT,False,2026-09-28 06:41:04
998,998,95.0,EXCELLENT,False,2026-09-28 06:41:04
999,999,95.0,EXCELLENT,False,2026-09-28 06:41:04
1000,1000,95.0,EXCELLENT,False,2026-09-28 06:41:04
1001,1001,95.0,EXCELLENT,False,2026-09-28 06:41:04
1002,1002,95.0,EXCELLENT,False,2026-09-28 06:41:04
1003,1003,95.0,EXCELLENT,False,2026-09-28 06:41:04
1004,1004,95.0,EXCELLENT,False,2026-09-28 06:41:04
1005,1005,95.0,EXCELLENT,False,2026-09-28 06:41:04
1006,1006,95.0,EXCELLENT,False,2026-09-28 06:41:04
1007,1007,95.0,EXCELLENT,False,2026-09-28 06:41:04
1008,1008,95.0,EXCELLENT,False,2026-09-28 06:41:04
1009,1009,95.0,EXCELLENT,False,2026-09-28 06:41:04
1010,1010,95.0,EXCELLENT,False,2026-09-28 06:41:04
1011,1011,95.0,EXCELLENT,False,2026-09-28 06:41:04
1012,1012,95.0,EXCELLENT,False,2026-09-28 06:41:04
1013,1013,95.0,EXCELLENT,False,2026-09-28 06:41:04
1014,1014,95.0,EXCELLENT,False,2026-09-28 06:41:04
1015,1015,95.0,EXCELLENT,False,2026-09-28 06:41:04
1016,1016,95.0,EXCELLENT,False,2026-09-28 06:41:04
1017,1017,95.0,EXCELLENT,False,2026-09-28 06:41:04
1018,1018,95.0,EXCELLENT,False,2026-09-28 06:41:04
1019,1019,95.0,EXCELLENT,False,2026-09-28 06:41:04
1020,1020,95.0,EXCELLENT,False,2026-09-28 06:41:04
1021,1021,95.0,EXCELLENT,False,2026-09-28 06:41:04
1022,1022,95.0,EXCELLENT,False,2026-09-28 06:41:04
1023,1023,95.0,EXCELLENT,False,2026-09-28 06:41:04
1024,1024,95.0,EXCELLENT,False,2026-09-28 06:41:04
1025,1025,95.0,EXCELLENT,False,2026-09-28 06:41:04
1026,1026,95.0,EXCELLENT,False,2026-09-28 06:41:04
1027,1027,95.0,EXCELLENT,False,2026-09-28 06:41:04
1028,1028,95.0,EXCELLENT,False,2026-09-28 06:41:04
1029,1029,95.0,EXCELLENT,False,2026-09-28 06:41:04
1030,1030,95.0,EXCELLENT,False,2026-09-28 06:41:04
1031,1031,95.0,EXCELLENT,False,2026-09-28 06:41:04
1032,1032,95.0,EXCELLENT,False,2026-09-28 06:41:04
1033,1033,95.0,EXCELLENT,False,2026-09-28 06:41:04
1034,1034,95.0,EXCELLENT,False,2026-09-28 06:41:04
1035,1035,95.0,EXCELLENT,False,2026-09-28 06:41:04
1036,1036,95.0,EXCELLENT,False,2026-09-28 06:41:04
1037,1037,95.0,EXCELLENT,False,2026-09-28 06:41:04
1038,1038,95.0,EXCELLENT,False,2026-09-28 06:41:04
1039,1039,95.0,EXCELLENT,False,2026-09-28 06:41:04
1040,1040,95.0,EXCELLENT,False,2026-09-28 06:41:04
1041,1041,95.0,EXCELLENT,False,2026-09-28 06:41:04
1042,1042,95.0,EXCELLENT,False,2026-09-28 06:41:04
1043,1043,95.0,EXCELLENT,False,2026-09-28 06:41:04
1044,1044,95.0,EXCELLENT,False,2026-09-28 06:41:04
1045,1045,95.0,EXCELLENT,False,2026-09-28 06:41:04
1046,1046,95.0,EXCELLENT,False,2026-09-28 06:41:04
1047,1047,95.0,EXCELLENT,False,2026-09-28 06:41:04
1048,1048,95.0,EXCELLENT,False,2026-09-28 06:41:04
1049,1049,95.0,EXCELLENT,False,2026-09-28 06:41:04
1050,1050,95.0,EXCELLENT,False,2026-09-28 06:41:04
1051,1051,95.0,EXCELLENT,False,2026-09-28 06:41:04
1052,1052,95.0,EXCELLENT,False,2026-09-28 06:41:04
1053,1053,95.0,EXCELLENT,False,2026-09-28 06:41:04
1054,1054,95.0,EXCELLENT,False,2026-09-28 06:41:04
1055,1055,95.0,EXCELLENT,False,2026-09-28 06:41:04
1056,1056,95.0,EXCELLENT,False,2026-09-28 06:41:04
1057,1057,95.0,EXCELLENT,False,2026-09-28 06:41:04
1058,1058,95.0,EXCELLENT,False,2026-09-28 06:41:04
1059,1059,95.0,EXCELLENT,False,2026-09-28 06:41:04
1060,1060,95.0,EXCELLENT,False,2026-09-28 06:41:04
1061,1061,95.0,EXCELLENT,False,2026-09-28 06:41:04
1062,1062,95.0,EXCELLENT,False,2026-09-28 06:41:04
1063,1063,95.0,EXCELLENT,False,2026-09-28 06:41:04
1064,1064,95.0,EXCELLENT,False,2026-09-28 06:41:04
1065,1065,95.0,EXCELLENT,False,2026-09-28 06:41:04
1066,1066,95.0,EXCELLENT,False,2026-09-28 06:41:04
1067,1067,95.0,EXCELLENT,False,2026-09-28 06:41:04
1068,1068,95.0,EXCELLENT,False,2026-09-28 06:41:04
1069,1069,95.0,EXCELLENT,False,2026-09-28 06:41:04
1070,1070,95.0,EXCELLENT,False,2026-09-28 06:41:04
1071,1071,95.0,EXCELLENT,False,2026-09-28 06:41:04
1072,1072,95.0,EXCELLENT,False,2026-09-28 06:41:04
1073,1073,95.0,EXCELLENT,False,2026-09-28 06:41:04
1074,1074,95.0,EXCELLENT,False,2026-09-28 06:41:04
1075,1075,95.0,EXCELLENT,False,2026-09-28 06:41:04
1076,1076,95.0,EXCELLENT,False,2026-09-28 06:41:04
1077,1077,95.0,EXCELLENT,False,2026-09-28 06:41:04
1078,1078,95.0,EXCELLENT,False,2026-09-28 06:41:04
1079,1079,95.0,EXCELLENT,False,2026-09-28 06:41:04
1080,1080,95.0,EXCELLENT,False,2026-09-28 06:41:04
1081,1081,95.0,EXCELLENT,False,2026-09-28 06:41:04
1082,1082,95.0,EXCELLENT,False,2026-09-28 06:41:04
1083,1083,95.0,EXCELLENT,False,2026-09-28 06:41:04
1084,1084,95.0,EXCELLENT,False,2026-09-28 06:41:04
1085,1085,95.0,EXCELLENT,False,2026-09-28 06:41:04
1086,1086,95.0,EXCELLENT,False,2026-09-28 06:41:04
1087,1087,95.0,EXCELLENT,False,2026-09-28 06:41:04
1088,1088,95.0,EXCELLENT,False,2026-09-28 06:41:04
1089,1089,95.0,EXCELLENT,False,2026-09-28 06:41:04
1090,1090,95.0,EXCELLENT,False,2026-09-28 06:41:04
1091,1091,95.0,EXCELLENT,False,2026-09-28 06:41:04
1092,1092,95.0,EXCELLENT,False,2026-09-28 06:41:04
1093,1093,95.0,EXCELLENT,False,2026-09-28 06:41:04
1094,1094,95.0,EXCELLENT,False,2026-09-28 06:41:04
1095,1095,95.0,EXCELLENT,False,2026-09-28 06:41:04
1096,1096,95.0,EXCELLENT,False,2026-09-28 06:41:04
1097,1097,95.0,EXCELLENT,False,2026-09-28 06:41:04
1098,1098,95.0,EXCELLENT,False,2026-09-28 06:41:04
1099,1099,95.0,EXCELLENT,False,2026-09-28 06:41:04
1100,1100,95.0,EXCELLENT,False,2026-09-28 06:41:04
1101,1101,95.0,EXCELLENT,False,2026-09-28 06:41:04
1102,1102,95.0,EXCELLENT,False,2026-09-28 06:41:04
1103,1103,95.0,EXCELLENT,False,2026-09-28 06:41:04
1104,1104,95.0,EXCELLENT,False,2026-09-28 06:41:04
1105,1105,95.0,EXCELLENT,False,2026-09-28 06:41:04
1106,1106,95.0,EXCELLENT,False,2026-09-28 06:41:04
1107,1107,95.0,EXCELLENT,False,2026-09-28 06:41:04
1108,1108,95.0,EXCELLENT,False,2026-09-28 06:41:04
1109,1109,95.0,EXCELLENT,False,2026-09-28 06:41:04
1110,1110,95.0,EXCELLENT,False,2026-09-28 06:41:04
1111,1111,95.0,EXCELLENT,False,2026-09-28 06:41:04
1112,1112,95.0,EXCELLENT,False,2026-09-28 06:41:04
1113,1113,95.0,EXCELLENT,False,2026-09-28 06:41:04
1114,1114,95.0,EXCELLENT,False,2026-09-28 06:41:04
1115,1115,95.0,EXCELLENT,False,2026-09-28 06:41:04
1116,1116,95.0,EXCELLENT,False,2026-09-28 06:41:04
1117,1117,95.0,EXCELLENT,False,2026-09-28 06:41:04
1118,1118,95.0,EXCELLENT,False,2026-09-28 06:41:04
1119,1119,95.0,EXCELLENT,False,2026-09-28 06:41:04
1120,1120,95.0,EXCELLENT,False,2026-09-28 06:41:04
1121,1121,95.0,EXCELLENT,False,2026-09-28 06:41:04
1122,1122,95.0,EXCELLENT,False,2026-09-28 06:41:04
1123,1123,95.0,EXCELLENT,False,2026-09-28 06:41:04
1124,1124,95.0,EXCELLENT,False,2026-09-28 06:41:04
1125,1125,95.0,EXCELLENT,False,2026-09-28 06:41:04
1126,1126,95.0,EXCELLENT,False,2026-09-28 06:41:04
1127,1127,95.0,EXCELLENT,False,2026-09-28 06:41:04
1128,1128,95.0,EXCELLENT,False,2026-09-28 06:41:04
1129,1129,95.0,EXCELLENT,False,2026-09-28 06:41:04
1130,1130,95.0,EXCELLENT,False,2026-09-28 06:41:04
1131,1131,95.0,EXCELLENT,False,2026-09-28 06:41:04
1132,1132,95.0,EXCELLENT,False,2026-09-28 06:41:04
1133,1133,95.0,EXCELLENT,False,2026-09-28 06:41:04
1134,1134,95.0,EXCELLENT,False,2026-09-28 06:41:04
1135,1135,95.0,EXCELLENT,False,2026-09-28 06:41:04
1136,1136,95.0,EXCELLENT,False,2026-09-28 06:41:04
1137,1137,95.0,EXCELLENT,False,2026-09-28 06:41:04
1138,1138,95.0,EXCELLENT,False,2026-09-28 06:41:04
1139,1139,95.0,EXCELLENT,False,2026-09-28 06:41:04
1140,1140,95.0,EXCELLENT,False,2026-09-28 06:41:04
1141,1141,95.0,EXCELLENT,False,2026-09-28 06:41:04
1142,1142,95.0,EXCELLENT,False,2026-09-28 06:41:04
1143,1143,95.0,EXCELLENT,False,2026-09-28 06:41:04
1144,1144,95.0,EXCELLENT,False,2026-09-28 06:41:04
1145,1145,95.0,EXCELLENT,False,2026-09-28 06:41:04
1146,1146,95.0,EXCELLENT,False,2026-09-28 06:41:04
1147,1147,95.0,EXCELLENT,False,2026-09-28 06:41:04
1148,1148,95.0,EXCELLENT,False,2026-09-28 06:41:04
1149,1149,95.0,EXCELLENT,False,2026-09-28 06:41:04
1150,1150,95.0,EXCELLENT,False,2026-09-28 06:41:04
1151,1151,95.0,EXCELLENT,False,2026-09-28 06:41:04
1152,1152,95.0,EXCELLENT,False,2026-09-28 06:41:04
1153,1153,95.0,EXCELLENT,False,2026-09-28 06:41:04
1154,1154,95.0,EXCELLENT,False,2026-09-28 06:41:04
1155,1155,95.0,EXCELLENT,False,2026-09-28 06:41:04
1156,1156,95.0,EXCELLENT,False,2026-09-28 06:41:04
1157,1157,95.0,EXCELLENT,False,2026-09-28 06:41:04
1158,1158,95.0,EXCELLENT,False,2026-09-28 06:41:04
1159,1159,95.0,EXCELLENT,False,2026-09-28 06:41:04
1160,1160,95.0,EXCELLENT,False,2026-09-28 06:41:04
1161,1161,95.0,EXCELLENT,False,2026-09-28 06:41:04
1162,1162,95.0,EXCELLENT,False,2026-09-28 06:41:04
1163,1163,95.0,EXCELLENT,False,2026-09-28 06:41:04
1164,1164,95.0,EXCELLENT,False,2026-09-28 06:41:04
1165,1165,95.0,EXCELLENT,False,2026-09-28 06:41:04
1166,1166,95.0,EXCELLENT,False,2026-09-28 06:41:04
1167,1167,95.0,EXCELLENT,False,2026-09-28 06:41:04
1168,1168,95.0,EXCELLENT,False,2026-09-28 06:41:04
1169,1169,95.0,EXCELLENT,False,2026-09-28 06:41:04
1170,1170,95.0,EXCELLENT,False,2026-09-28 06:41:04
1171,1171,95.0,EXCELLENT,False,2026-09-28 06:41:04
1172,1172,95.0,EXCELLENT,False,2026-09-28 06:41:04
1173,1173,95.0,EXCELLENT,False,2026-09-28 06:41:04
1174,1174,95.0,EXCELLENT,False,2026-09-28 06:41:04
1175,1175,95.0,EXCELLENT,False,2026-09-28 06:41:04
1176,1176,95.0,EXCELLENT,False,2026-09-28 06:41:04
1177,1177,95.0,EXCELLENT,False,2026-09-28 06:41:04
1178,1178,95.0,EXCELLENT,False,2026-09-28 06:41:04
1179,1179,95.0,EXCELLENT,False,2026-09-28 06:41:04
1180,1180,95.0,EXCELLENT,False,2026-09-28 06:41:04
1181,1181,95.0,EXCELLENT,False,2026-09-28 06:41:04
1182,1182,90.0,EXCELLENT,False,2026-09-28 06:41:04
1183,1183,90.0,EXCELLENT,False,2026-09-28 06:41:04
1184,1184,90.0,EXCELLENT,False,2026-09-28 06:41:04
1185,1185,90.0,EXCELLENT,False,2026-09-28 06:41:04
1186,1186,90.0,EXCELLENT,False,2026-09-28 06:41:04
1187,1187,90.0,EXCELLENT,False,2026-09-28 06:41:04
1188,1188,90.0,EXCELLENT,False,2026-09-28 06:41:04
1189,1189,90.0,EXCELLENT,False,2026-09-28 06:41:04
1190,1190,90.0,EXCELLENT,False,2026-09-28 06:41:04
1191,1191,90.0,EXCELLENT,False,2026-09-28 06:41:04
1192,1192,90.0,EXCELLENT,False,2026-09-28 06:41:04
1193,1193,90.0,EXCELLENT,False,2026-09-28 06:41:04
1194,1194,90.0,EXCELLENT,False,2026-09-28 06:41:04
1195,1195,90.0,EXCELLENT,False,2026-09-28 06:41:04
1196,1196,90.0,EXCELLENT,False,2026-09-28 06:41:04
1197,1197,90.0,EXCELLENT,False,2026-09-28 06:41:04
1198,1198,90.0,EXCELLENT,False,2026-09-28 06:41:04
1199,1199,90.0,EXCELLENT,False,2026-09-28 06:41:04
1200,1200,90.0,EXCELLENT,False,2026-09-28 06:41:04
1201,1201,90.0,EXCELLENT,False,2026-09-28 06:41:04
1202,1202,90.0,EXCELLENT,False,2026-09-28 06:41:04
1203,1203,90.0,EXCELLENT,False,2026-09-28 06:41:04
1204,1204,90.0,EXCELLENT,False,2026-09-28 06:41:04
1205,1205,90.0,EXCELLENT,False,2026-09-28 06:41:04
1206,1206,90.0,EXCELLENT,False,2026-09-28 06:41:04
1207,1207,90.0,EXCELLENT,False,2026-09-28 06:41:04
1208,1208,90.0,EXCELLENT,False,2026-09-28 06:41:04
1209,1209,90.0,EXCELLENT,False,2026-09-28 06:41:04
1210,1210,90.0,EXCELLENT,False,2026-09-28 06:41:04
1211,1211,90.0,EXCELLENT,False,2026-09-28 06:41:04
1212,1212,90.0,EXCELLENT,False,2026-09-28 06:41:04
1213,1213,90.0,EXCELLENT,False,2026-09-28 06:41:04
1214,1214,90.0,EXCELLENT,False,2026-09-28 06:41:04
1215,1215,90.0,EXCELLENT,False,2026-09-28 06:41:04
1216,1216,90.0,EXCELLENT,False,2026-09-28 06:41:04
1217,1217,90.0,EXCELLENT,False,2026-09-28 06:41:04
1218,1218,90.0,EXCELLENT,False,2026-09-28 06:41:04
1219,1219,90.0,EXCELLENT,False,2026-09-28 06:41:04
1220,1220,90.0,EXCELLENT,False,2026-09-28 06:41:04
1221,1221,90.0,EXCELLENT,False,2026-09-28 06:41:04
1222,1222,90.0,EXCELLENT,False,2026-09-28 06:41:04
1223,1223,90.0,EXCELLENT,False,2026-09-28 06:41:04
1224,1224,90.0,EXCELLENT,False,2026-09-28 06:41:04
1225,1225,90.0,EXCELLENT,False,2026-09-28 06:41:04
1226,1226,90.0,EXCELLENT,False,2026-09-28 06:41:04
1227,1227,90.0,EXCELLENT,False,2026-09-28 06:41:04
1228,1228,90.0,EXCELLENT,False,2026-09-28 06:41:04
1229,1229,90.0,EXCELLENT,False,2026-09-28 06:41:04
1230,1230,90.0,EXCELLENT,False,2026-09-28 06:41:04
1231,1231,90.0,EXCELLENT,False,2026-09-28 06:41:04
1232,1232,90.0,EXCELLENT,False,2026-09-28 06:41:04
1233,1233,90.0,EXCELLENT,False,2026-09-28 06:41:04
1234,1234,90.0,EXCELLENT,False,2026-09-28 06:41:04
1235,1235,90.0,EXCELLENT,False,2026-09-28 06:41:04
1236,1236,90.0,EXCELLENT,False,2026-09-28 06:41:04
1237,1237,90.0,EXCELLENT,False,2026-09-28 06:41:04
1238,1238,90.0,EXCELLENT,False,2026-09-28 06:41:04
1239,1239,90.0,EXCELLENT,False,2026-09-28 06:41:04
1240,1240,90.0,EXCELLENT,False,2026-09-28 06:41:04
1241,1241,90.0,EXCELLENT,False,2026-09-28 06:41:04
1242,1242,90.0,EXCELLENT,False,2026-09-28 06:41:04
1243,1243,90.0,EXCELLENT,False,2026-09-28 06:41:04
1244,1244,90.0,EXCELLENT,False,2026-09-28 06:41:04
1245,1245,90.0,EXCELLENT,False,2026-09-28 06:41:04
1246,1246,90.0,EXCELLENT,False,2026-09-28 06:41:04
1247,1247,90.0,EXCELLENT,False,2026-09-28 06:41:04
1248,1248,90.0,EXCELLENT,False,2026-09-28 06:41:04
1249,1249,90.0,EXCELLENT,False,2026-09-28 06:41:04
1250,1250,90.0,EXCELLENT,False,2026-09-28 06:41:04
1251,1251,90.0,EXCELLENT,False,2026-09-28 06:41:04
1252,1252,90.0,EXCELLENT,False,2026-09-28 06:41:04
1253,1253,90.0,EXCELLENT,False,2026-09-28 06:41:04
1254,1254,90.0,EXCELLENT,False,2026-09-28 06:41:04
1255,1255,90.0,EXCELLENT,False,2026-09-28 06:41:04
1256,1256,90.0,EXCELLENT,False,2026-09-28 06:41:04
1257,1257,90.0,EXCELLENT,False,2026-09-28 06:41:04
1258,1258,90.0,EXCELLENT,False,2026-09-28 06:41:04
1259,1259,90.0,EXCELLENT,False,2026-09-28 06:41:04
1260,1260,90.0,EXCELLENT,False,2026-09-28 06:41:04
1261,1261,90.0,EXCELLENT,False,2026-09-28 06:41:04
1262,1262,90.0,EXCELLENT,False,2026-09-28 06:41:04
1263,1263,90.0,EXCELLENT,False,2026-09-28 06:41:04
1264,1264,90.0,EXCELLENT,False,2026-09-28 06:41:04
1265,1265,90.0,EXCELLENT,False,2026-09-28 06:41:04
1266,1266,90.0,EXCELLENT,False,2026-09-28 06:41:04
1267,1267,90.0,EXCELLENT,False,2026-09-28 06:41:04
1268,1268,90.0,EXCELLENT,False,2026-09-28 06:41:04
1269,1269,90.0,EXCELLENT,False,2026-09-28 06:41:04
1270,1270,90.0,EXCELLENT,False,2026-09-28 06:41:04
1271,1271,90.0,EXCELLENT,False,2026-09-28 06:41:04
1272,1272,90.0,EXCELLENT,False,2026-09-28 06:41:04
1273,1273,90.0,EXCELLENT,False,2026-09-28 06:41:04
1274,1274,90.0,EXCELLENT,False,2026-09-28 06:41:04
1275,1275,90.0,EXCELLENT,False,2026-09-28 06:41:04
1276,1276,90.0,EXCELLENT,False,2026-09-28 06:41:04
1277,1277,90.0,EXCELLENT,False,2026-09-28 06:41:04
1278,1278,90.0,EXCELLENT,False,2026-09-28 06:41:04
1279,1279,90.0,EXCELLENT,False,2026-09-28 06:41:04
1280,1280,90.0,EXCELLENT,False,2026-09-28 06:41:04
1281,1281,90.0,EXCELLENT,False,2026-09-28 06:41:04
1282,1282,90.0,EXCELLENT,False,2026-09-28 06:41:04
1283,1283,90.0,EXCELLENT,False,2026-09-28 06:41:04
1284,1284,90.0,EXCELLENT,False,2026-09-28 06:41:04
1285,1285,90.0,EXCELLENT,False,2026-09-28 06:41:04
1286,1286,90.0,EXCELLENT,False,2026-09-28 06:41:04
1287,1287,90.0,EXCELLENT,False,2026-09-28 06:41:04
1288,1288,90.0,EXCELLENT,False,2026-09-28 06:41:04
1289,1289,90.0,EXCELLENT,False,2026-09-28 06:41:04
1290,1290,90.0,EXCELLENT,False,2026-09-28 06:41:04
1291,1291,90.0,EXCELLENT,False,2026-09-28 06:41:04
1292,1292,90.0,EXCELLENT,False,2026-09-28 06:41:04
1293,1293,90.0,EXCELLENT,False,2026-09-28 06:41:04
1294,1294,90.0,EXCELLENT,False,2026-09-28 06:41:04
1295,1295,90.0,EXCELLENT,False,2026-09-28 06:41:04
1296,1296,90.0,EXCELLENT,False,2026-09-28 06:41:04
1297,1297,90.0,EXCELLENT,False,2026-09-28 06:41:04
1298,1298,90.0,EXCELLENT,False,2026-09-28 06:41:04
1299,1299,90.0,EXCELLENT,False,2026-09-28 06:41:04
1300,1300,90.0,EXCELLENT,False,2026-09-28 06:41:04
1301,1301,90.0,EXCELLENT,False,2026-09-28 06:41:04
1302,1302,90.0,EXCELLENT,False,2026-09-28 06:41:04
1303,1303,90.0,EXCELLENT,False,2026-09-28 06:41:04
1304,1304,90.0,EXCELLENT,False,2026-09-28 06:41:04
1305,1305,90.0,EXCELLENT,False,2026-09-28 06:41:04
1306,1306,90.0,EXCELLENT,False,2026-09-28 06:41:04
1307,1307,90.0,EXCELLENT,False,2026-09-28 06:41:04
1308,1308,90.0,EXCELLENT,False,2026-09-28 06:41:04
1309,1309,90.0,EXCELLENT,False,2026-09-28 06:41:04
1310,1310,90.0,EXCELLENT,False,2026-09-28 06:41:04
1311,1311,90.0,EXCELLENT,False,2026-09-28 06:41:04
1312,1312,90.0,EXCELLENT,False,2026-09-28 06:41:04
1313,1313,90.0,EXCELLENT,False,2026-09-28 06:41:04
1314,1314,90.0,EXCELLENT,False,2026-09-28 06:41:04
1315,1315,90.0,EXCELLENT,False,2026-09-28 06:41:04
1316,1316,90.0,EXCELLENT,False,2026-09-28 06:41:04
1317,1317,90.0,EXCELLENT,False,2026-09-28 06:41:04
1318,1318,90.0,EXCELLENT,False,2026-09-28 06:41:04
1319,1319,90.0,EXCELLENT,False,2026-09-28 06:41:04
1320,1320,90.0,EXCELLENT,False,2026-09-28 06:41:04
1321,1321,90.0,EXCELLENT,False,2026-09-28 06:41:04
1322,1322,90.0,EXCELLENT,False,2026-09-28 06:41:04
1323,1323,90.0,EXCELLENT,False,2026-09-28 06:41:04
1324,1324,90.0,EXCELLENT,False,2026-09-28 06:41:04
1325,1325,90.0,EXCELLENT,False,2026-09-28 06:41:04
1326,1326,90.0,EXCELLENT,False,2026-09-28 06:41:04
1327,1327,90.0,EXCELLENT,False,2026-09-28 06:41:04
1328,1328,90.0,EXCELLENT,False,2026-09-28 06:41:04
1329,1329,90.0,EXCELLENT,False,2026-09-28 06:41:04
1330,1330,90.0,EXCELLENT,False,2026-09-28 06:41:04
1331,1331,90.0,EXCELLENT,False,2026-09-28 06:41:04
1332,1332,90.0,EXCELLENT,False,2026-09-28 06:41:04
1333,1333,90.0,EXCELLENT,False,2026-09-28 06:41:04
1334,1334,90.0,EXCELLENT,False,2026-09-28 06:41:04
1335,1335,90.0,EXCELLENT,False,2026-09-28 06:41:04
1336,1336,90.0,EXCELLENT,False,2026-09-28 06:41:04
1337,1337,90.0,EXCELLENT,False,2026-09-28 06:41:04
1338,1338,90.0,EXCELLENT,False,2026-09-28 06:41:04
1339,1339,90.0,EXCELLENT,False,2026-09-28 06:41:04
1340,1340,90.0,EXCELLENT,False,2026-09-28 06:41:04
1341,1341,90.0,EXCELLENT,False,2026-09-28 06:41:04
1342,1342,90.0,EXCELLENT,False,2026-09-28 06:41:04
1343,1343,90.0,EXCELLENT,False,2026-09-28 06:41:04
1344,1344,90.0,EXCELLENT,False,2026-09-28 06:41:04
1345,1345,90.0,EXCELLENT,False,2026-09-28 06:41:04
1346,1346,90.0,EXCELLENT,False,2026-09-28 06:41:04
1347,1347,90.0,EXCELLENT,False,2026-09-28 06:41:04
1348,1348,90.0,EXCELLENT,False,2026-09-28 06:41:04
1349,1349,90.0,EXCELLENT,False,2026-09-28 06:41:04
1350,1350,90.0,EXCELLENT,False,2026-09-28 06:41:04
1351,1351,90.0,EXCELLENT,False,2026-09-28 06:41:04
1352,1352,90.0,EXCELLENT,False,2026-09-28 06:41:04
1353,1353,90.0,EXCELLENT,False,2026-09-28 06:41:04
1354,1354,90.0,EXCELLENT,False,2026-09-28 06:41:04
1355,1355,90.0,EXCELLENT,False,2026-09-28 06:41:04
1356,1356,90.0,EXCELLENT,False,2026-09-28 06:41:04
1357,1357,90.0,EXCELLENT,False,2026-09-28 06:41:04
1358,1358,90.0,EXCELLENT,False,2026-09-28 06:41:04
1359,1359,90.0,EXCELLENT,False,2026-09-28 06:41:04
1360,1360,90.0,EXCELLENT,False,2026-09-28 06:41:04
1361,1361,90.0,EXCELLENT,False,2026-09-28 06:41:04
1362,1362,90.0,EXCELLENT,False,2026-09-28 06:41:04
1363,1363,90.0,EXCELLENT,False,2026-09-28 06:41:04
1364,1364,90.0,EXCELLENT,False,2026-09-28 06:41:04
1365,1365,90.0,EXCELLENT,False,2026-09-28 06:41:04
1366,1366,90.0,EXCELLENT,False,2026-09-28 06:41:04
1367,1367,90.0,EXCELLENT,False,2026-09-28 06:41:04
1368,1368,90.0,EXCELLENT,False,2026-09-28 06:41:04
1369,1369,90.0,EXCELLENT,False,2026-09-28 06:41:04
1370,1370,90.0,EXCELLENT,False,2026-09-28 06:41:04
1371,1371,90.0,EXCELLENT,False,2026-09-28 06:41:04
1372,1372,90.0,EXCELLENT,False,2026-09-28 06:41:04
1373,1373,90.0,EXCELLENT,False,2026-09-28 06:41:04
1374,1374,90.0,EXCELLENT,False,2026-09-28 06:41:04
1375,1375,90.0,EXCELLENT,False,2026-09-28 06:41:04
1376,1376,90.0,EXCELLENT,False,2026-09-28 06:41:04
1377,1377,90.0,EXCELLENT,False,2026-09-28 06:41:04
1378,1378,90.0,EXCELLENT,False,2026-09-28 06:41:04
1379,1379,90.0,EXCELLENT,False,2026-09-28 06:41:04
1380,1380,90.0,EXCELLENT,False,2026-09-28 06:41:04
1381,1381,90.0,EXCELLENT,False,2026-09-28 06:41:04
1382,1382,90.0,EXCELLENT,False,2026-09-28 06:41:04
1383,1383,90.0,EXCELLENT,False,2026-09-28 06:41:04
1384,1384,90.0,EXCELLENT,False,2026-09-28 06:41:04
1385,1385,90.0,EXCELLENT,False,2026-09-28 06:41:04
1386,1386,90.0,EXCELLENT,False,2026-09-28 06:41:04
1387,1387,90.0,EXCELLENT,False,2026-09-28 06:41:04
1388,1388,90.0,EXCELLENT,False,2026-09-28 06:41:04
1389,1389,90.0,EXCELLENT,False,2026-09-28 06:41:04
1390,1390,90.0,EXCELLENT,False,2026-09-28 06:41:04
1391,1391,90.0,EXCELLENT,False,2026-09-28 06:41:04
1392,1392,90.0,EXCELLENT,False,2026-09-28 06:41:04
1393,1393,90.0,EXCELLENT,False,2026-09-28 06:41:04
1394,1394,90.0,EXCELLENT,False,2026-09-28 06:41:04
1395,1395,90.0,EXCELLENT,False,2026-09-28 06:41:04
1396,1396,90.0,EXCELLENT,False,2026-09-28 06:41:04
1397,1397,90.0,EXCELLENT,False,2026-09-28 06:41:04
1398,1398,90.0,EXCELLENT,False,2026-09-28 06:41:04
1399,1399,90.0,EXCELLENT,False,2026-09-28 06:41:04
1400,1400,90.0,EXCELLENT,False,2026-09-28 06:41:04
1401,1401,90.0,EXCELLENT,False,2026-09-28 06:41:04
1402,1402,90.0,EXCELLENT,False,2026-09-28 06:41:04
1403,1403,90.0,EXCELLENT,False,2026-09-28 06:41:04
1404,1404,90.0,EXCELLENT,False,2026-09-28 06:41:04
1405,1405,90.0,EXCELLENT,False,2026-09-28 06:41:04
1406,1406,90.0,EXCELLENT,False,2026-09-28 06:41:04
1407,1407,90.0,EXCELLENT,False,2026-09-28 06:41:04
1408,1408,90.0,EXCELLENT,False,2026-09-28 06:41:04
1409,1409,90.0,EXCELLENT,False,2026-09-28 06:41:04
1410,1410,90.0,EXCELLENT,False,2026-09-28 06:41:04
1411,1411,90.0,EXCELLENT,False,2026-09-28 06:41:04
1412,1412,90.0,EXCELLENT,False,2026-09-28 06:41:04
1413,1413,90.0,EXCELLENT,False,2026-09-28 06:41:04
1414,1414,90.0,EXCELLENT,False,2026-09-28 06:41:04
1415,1415,90.0,EXCELLENT,False,2026-09-28 06:41:04
1416,1416,90.0,EXCELLENT,False,2026-09-28 06:41:04
1417,1417,90.0,EXCELLENT,False,2026-09-28 06:41:04
1418,1418,90.0,EXCELLENT,False,2026-09-28 06:41:04
1419,1419,90.0,EXCELLENT,False,2026-09-28 06:41:04
1420,1420,90.0,EXCELLENT,False,2026-09-28 06:41:04
1421,1421,90.0,EXCELLENT,False,2026-09-28 06:41:04
1422,1422,90.0,EXCELLENT,False,2026-09-28 06:41:04
1423,1423,90.0,EXCELLENT,False,2026-09-28 06:41:04
1424,1424,90.0,EXCELLENT,False,2026-09-28 06:41:04
1425,1425,90.0,EXCELLENT,False,2026-09-28 06:41:04
1426,1426,90.0,EXCELLENT,False,2026-09-28 06:41:04
1427,1427,90.0,EXCELLENT,False,2026-09-28 06:41:04
1428,1428,90.0,EXCELLENT,False,2026-09-28 06:41:04
1429,1429,90.0,EXCELLENT,False,2026-09-28 06:41:04
1430,1430,90.0,EXCELLENT,False,2026-09-28 06:41:04
1431,1431,90.0,EXCELLENT,False,2026-09-28 06:41:04
1432,1432,90.0,EXCELLENT,False,2026-09-28 06:41:04
1433,1433,90.0,EXCELLENT,False,2026-09-28 06:41:04
1434,1434,90.0,EXCELLENT,False,2026-09-28 06:41:04
1435,1435,90.0,EXCELLENT,False,2026-09-28 06:41:04
1436,1436,90.0,EXCELLENT,False,2026-09-28 06:41:04
1437,1437,90.0,EXCELLENT,False,2026-09-28 06:41:04
1438,1438,90.0,EXCELLENT,False,2026-09-28 06:41:04
1439,1439,90.0,EXCELLENT,False,2026-09-28 06:41:04
1440,1440,90.0,EXCELLENT,False,2026-09-28 06:41:04
1441,1441,90.0,EXCELLENT,False,2026-09-28 06:41:04
1442,1442,90.0,EXCELLENT,False,2026-09-28 06:41:04
1443,1443,90.0,EXCELLENT,False,2026-09-28 06:41:04
1444,1444,90.0,EXCELLENT,False,2026-09-28 06:41:04
1445,1445,90.0,EXCELLENT,False,2026-09-28 06:41:04
1446,1446,90.0,EXCELLENT,False,2026-09-28 06:41:04
1447,1447,90.0,EXCELLENT,False,2026-09-28 06:41:04
1448,1448,90.0,EXCELLENT,False,2026-09-28 06:41:04
1449,1449,90.0,EXCELLENT,False,2026-09-28 06:41:04
1450,1450,90.0,EXCELLENT,False,2026-09-28 06:41:04
1451,1451,90.0,EXCELLENT,False,2026-09-28 06:41:04
1452,1452,90.0,EXCELLENT,False,2026-09-28 06:41:04
1453,1453,90.0,EXCELLENT,False,2026-09-28 06:41:04
1454,1454,90.0,EXCELLENT,False,2026-09-28 06:41:04
1455,1455,90.0,EXCELLENT,False,2026-09-28 06:41:04
1456,1456,90.0,EXCELLENT,False,2026-09-28 06:41:04
1457,1457,90.0,EXCELLENT,False,2026-09-28 06:41:04
1458,1458,90.0,EXCELLENT,False,2026-09-28 06:41:04
1459,1459,90.0,EXCELLENT,False,2026-09-28 06:41:04
1460,1460,90.0,EXCELLENT,False,2026-09-28 06:41:04
1461,1461,90.0,EXCELLENT,False,2026-09-28 06:41:04
1462,1462,90.0,EXCELLENT,False,2026-09-28 06:41:04
1463,1463,90.0,EXCELLENT,False,2026-09-28 06:41:04
1464,1464,90.0,EXCELLENT,False,2026-09-28 06:41:04
1465,1465,90.0,EXCELLENT,False,2026-09-28 06:41:04
1466,1466,90.0,EXCELLENT,False,2026-09-28 06:41:04
1467,1467,90.0,EXCELLENT,False,2026-09-28 06:41:04
1468,1468,90.0,EXCELLENT,False,2026-09-28 06:41:04
1469,1469,90.0,EXCELLENT,False,2026-09-28 06:41:04
1470,1470,90.0,EXCELLENT,False,2026-09-28 06:41:04
1471,1471,90.0,EXCELLENT,False,2026-09-28 06:41:04
1472,1472,90.0,EXCELLENT,False,2026-09-28 06:41:04
1473,1473,90.0,EXCELLENT,False,2026-09-28 06:41:04
1474,1474,90.0,EXCELLENT,False,2026-09-28 06:41:04
1475,1475,90.0,EXCELLENT,False,2026-09-28 06:41:04
1476,1476,90.0,EXCELLENT,False,2026-09-28 06:41:04
1477,1477,90.0,EXCELLENT,False,2026-09-28 06:41:04
1478,1478,90.0,EXCELLENT,False,2026-09-28 06:41:04
1479,1479,90.0,EXCELLENT,False,2026-09-28 06:41:04
1480,1480,90.0,EXCELLENT,False,2026-09-28 06:41:04
1481,1481,90.0,EXCELLENT,False,2026-09-28 06:41:04
1482,1482,90.0,EXCELLENT,False,2026-09-28 06:41:04
1483,1483,90.0,EXCELLENT,False,2026-09-28 06:41:04
1484,1484,90.0,EXCELLENT,False,2026-09-28 06:41:04
1485,1485,90.0,EXCELLENT,False,2026-09-28 06:41:04
1486,1486,90.0,EXCELLENT,False,2026-09-28 06:41:04
1487,1487,90.0,EXCELLENT,False,2026-09-28 06:41:04
1488,1488,90.0,EXCELLENT,False,2026-09-28 06:41:04
1489,1489,90.0,EXCELLENT,False,2026-09-28 06:41:04
1490,1490,90.0,EXCELLENT,False,2026-09-28 06:41:04
1491,1491,90.0,EXCELLENT,False,2026-09-28 06:41:04
1492,1492,90.0,EXCELLENT,False,2026-09-28 06:41:04
1493,1493,90.0,EXCELLENT,False,2026-09-28 06:41:04
1494,1494,90.0,EXCELLENT,False,2026-09-28 06:41:04
1495,1495,90.0,EXCELLENT,False,2026-09-28 06:41:04
1496,1496,90.0,EXCELLENT,False,2026-09-28 06:41:04
1497,1497,90.0,EXCELLENT,False,2026-09-28 06:41:04
1498,1498,90.0,EXCELLENT,False,2026-09-28 06:41:04
1499,1499,90.0,EXCELLENT,False,2026-09-28 06:41:04
1500,1500,90.0,EXCELLENT,False,2026-09-28 06:41:04
1501,1501,90.0,EXCELLENT,False,2026-09-28 06:41:04
1502,1502,90.0,EXCELLENT,False,2026-09-28 06:41:04
1503,1503,90.0,EXCELLENT,False,2026-09-28 06:41:04
1504,1504,90.0,EXCELLENT,False,2026-09-28 06:41:04
1505,1505,90.0,EXCELLENT,False,2026-09-28 06:41:04
1506,1506,90.0,EXCELLENT,False,2026-09-28 06:41:04
1507,1507,90.0,EXCELLENT,False,2026-09-28 06:41:04
1508,1508,90.0,EXCELLENT,False,2026-09-28 06:41:04
1509,1509,90.0,EXCELLENT,False,2026-09-28 06:41:04
1510,1510,90.0,EXCELLENT,False,2026-09-28 06:41:04
1511,1511,90.0,EXCELLENT,False,2026-09-28 06:41:04
1512,1512,90.0,EXCELLENT,False,2026-09-28 06:41:04
1513,1513,90.0,EXCELLENT,False,2026-09-28 06:41:04
1514,1514,90.0,EXCELLENT,False,2026-09-28 06:41:04
1515,1515,90.0,EXCELLENT,False,2026-09-28 06:41:04
1516,1516,90.0,EXCELLENT,False,2026-09-28 06:41:04
1517,1517,90.0,EXCELLENT,False,2026-09-28 06:41:04
1518,1518,90.0,EXCELLENT,False,2026-09-28 06:41:04
1519,1519,90.0,EXCELLENT,False,2026-09-28 06:41:04
1520,1520,90.0,EXCELLENT,False,2026-09-28 06:41:04
1521,1521,90.0,EXCELLENT,False,2026-09-28 06:41:04
1522,1522,90.0,EXCELLENT,False,2026-09-28 06:41:04
1523,1523,90.0,EXCELLENT,False,2026-09-28 06:41:04
1524,1524,90.0,EXCELLENT,False,2026-09-28 06:41:04
1525,1525,90.0,EXCELLENT,False,2026-09-28 06:41:04
1526,1526,90.0,EXCELLENT,False,2026-09-28 06:41:04
1527,1527,90.0,EXCELLENT,False,2026-09-28 06:41:04
1528,1528,90.0,EXCELLENT,False,2026-09-28 06:41:04
1529,1529,90.0,EXCELLENT,False,2026-09-28 06:41:04
1530,1530,90.0,EXCELLENT,False,2026-09-28 06:41:04
1531,1531,90.0,EXCELLENT,False,2026-09-28 06:41:04
1532,1532,90.0,EXCELLENT,False,2026-09-28 06:41:04
1533,1533,90.0,EXCELLENT,False,2026-09-28 06:41:04
1534,1534,90.0,EXCELLENT,False,2026-09-28 06:41:04
1535,1535,90.0,EXCELLENT,False,2026-09-28 06:41:04
1536,1536,90.0,EXCELLENT,False,2026-09-28 06:41:04
1537,1537,90.0,EXCELLENT,False,2026-09-28 06:41:04
1538,1538,90.0,EXCELLENT,False,2026-09-28 06:41:04
1539,1539,90.0,EXCELLENT,False,2026-09-28 06:41:04
1540,1540,90.0,EXCELLENT,False,2026-09-28 06:41:04
1541,1541,90.0,EXCELLENT,False,2026-09-28 06:41:04
1542,1542,90.0,EXCELLENT,False,2026-09-28 06:41:04
1543,1543,90.0,EXCELLENT,False,2026-09-28 06:41:04
1544,1544,90.0,EXCELLENT,False,2026-09-28 06:41:04
1545,1545,90.0,EXCELLENT,False,2026-09-28 06:41:04
1546,1546,90.0,EXCELLENT,False,2026-09-28 06:41:04
1547,1547,90.0,EXCELLENT,False,2026-09-28 06:41:04
1548,1548,90.0,EXCELLENT,False,2026-09-28 06:41:04
1549,1549,90.0,EXCELLENT,False,2026-09-28 06:41:04
1550,1550,90.0,EXCELLENT,False,2026-09-28 06:41:04
1551,1551,90.0,EXCELLENT,False,2026-09-28 06:41:04
1552,1552,90.0,EXCELLENT,False,2026-09-28 06:41:04
1553,1553,90.0,EXCELLENT,False,2026-09-28 06:41:04
1554,1554,90.0,EXCELLENT,False,2026-09-28 06:41:04
1555,1555,90.0,EXCELLENT,False,2026-09-28 06:41:04
1556,1556,90.0,EXCELLENT,False,2026-09-28 06:41:04
1557,1557,90.0,EXCELLENT,False,2026-09-28 06:41:04
1558,1558,90.0,EXCELLENT,False,2026-09-28 06:41:04
1559,1559,90.0,EXCELLENT,False,2026-09-28 06:41:04
1560,1560,90.0,EXCELLENT,False,2026-09-28 06:41:04
1561,1561,90.0,EXCELLENT,False,2026-09-28 06:41:04
1562,1562,90.0,EXCELLENT,False,2026-09-28 06:41:04
1563,1563,90.0,EXCELLENT,False,2026-09-28 06:41:04
1564,1564,90.0,EXCELLENT,False,2026-09-28 06:41:04
1565,1565,90.0,EXCELLENT,False,2026-09-28 06:41:04
1566,1566,90.0,EXCELLENT,False,2026-09-28 06:41:04
1567,1567,90.0,EXCELLENT,False,2026-09-28 06:41:04
1568,1568,90.0,EXCELLENT,False,2026-09-28 06:41:04
1569,1569,90.0,EXCELLENT,False,2026-09-28 06:41:04
1570,1570,90.0,EXCELLENT,False,2026-09-28 06:41:04
1571,1571,90.0,EXCELLENT,False,2026-09-28 06:41:04
1572,1572,90.0,EXCELLENT,False,2026-09-28 06:41:04
1573,1573,90.0,EXCELLENT,False,2026-09-28 06:41:04
1574,1574,90.0,EXCELLENT,False,2026-09-28 06:41:04
1575,1575,90.0,EXCELLENT,False,2026-09-28 06:41:04
1576,1576,90.0,EXCELLENT,False,2026-09-28 06:41:04
1577,1577,90.0,EXCELLENT,False,2026-09-28 06:41:04
1578,1578,90.0,EXCELLENT,False,2026-09-28 06:41:04
1579,1579,90.0,EXCELLENT,False,2026-09-28 06:41:04
1580,1580,90.0,EXCELLENT,False,2026-09-28 06:41:04
1581,1581,90.0,EXCELLENT,False,2026-09-28 06:41:04
1582,1582,90.0,EXCELLENT,False,2026-09-28 06:41:04
1583,1583,90.0,EXCELLENT,False,2026-09-28 06:41:04
1584,1584,90.0,EXCELLENT,False,2026-09-28 06:41:04
1585,1585,90.0,EXCELLENT,False,2026-09-28 06:41:04
1586,1586,90.0,EXCELLENT,False,2026-09-28 06:41:04
1587,1587,90.0,EXCELLENT,False,2026-09-28 06:41:04
1588,1588,90.0,EXCELLENT,False,2026-09-28 06:41:04
1589,1589,90.0,EXCELLENT,False,2026-09-28 06:41:04
1590,1590,90.0,EXCELLENT,False,2026-09-28 06:41:04
1591,1591,90.0,EXCELLENT,False,2026-09-28 06:41:04
1592,1592,90.0,EXCELLENT,False,2026-09-28 06:41:04
1593,1593,90.0,EXCELLENT,False,2026-09-28 06:41:04
1594,1594,90.0,EXCELLENT,False,2026-09-28 06:41:04
1595,1595,90.0,EXCELLENT,False,2026-09-28 06:41:04
1596,1596,90.0,EXCELLENT,False,2026-09-28 06:41:04
1597,1597,90.0,EXCELLENT,False,2026-09-28 06:41:04
1598,1598,90.0,EXCELLENT,False,2026-09-28 06:41:04
1599,1599,90.0,EXCELLENT,False,2026-09-28 06:41:04
1600,1600,90.0,EXCELLENT,False,2026-09-28 06:41:04
1601,1601,90.0,EXCELLENT,False,2026-09-28 06:41:04
1602,1602,90.0,EXCELLENT,False,2026-09-28 06:41:04
1603,1603,90.0,EXCELLENT,False,2026-09-28 06:41:04
1604,1604,90.0,EXCELLENT,False,2026-09-28 06:41:04
1605,1605,90.0,EXCELLENT,False,2026-09-28 06:41:04
1606,1606,90.0,EXCELLENT,False,2026-09-28 06:41:04
1607,1607,90.0,EXCELLENT,False,2026-09-28 06:41:04
1608,1608,90.0,EXCELLENT,False,2026-09-28 06:41:04
1609,1609,90.0,EXCELLENT,False,2026-09-28 06:41:04
1610,1610,90.0,EXCELLENT,False,2026-09-28 06:41:04
1611,1611,90.0,EXCELLENT,False,2026-09-28 06:41:04
1612,1612,90.0,EXCELLENT,False,2026-09-28 06:41:04
1613,1613,90.0,EXCELLENT,False,2026-09-28 06:41:04
1614,1614,90.0,EXCELLENT,False,2026-09-28 06:41:04
1615,1615,90.0,EXCELLENT,False,2026-09-28 06:41:04
1616,1616,90.0,EXCELLENT,False,2026-09-28 06:41:04
1617,1617,90.0,EXCELLENT,False,2026-09-28 06:41:04
1618,1618,90.0,EXCELLENT,False,2026-09-28 06:41:04
1619,1619,90.0,EXCELLENT,False,2026-09-28 06:41:04
1620,1620,90.0,EXCELLENT,False,2026-09-28 06:41:04
1621,1621,90.0,EXCELLENT,False,2026-09-28 06:41:04
1622,1622,90.0,EXCELLENT,False,2026-09-28 06:41:04
1623,1623,90.0,EXCELLENT,False,2026-09-28 06:41:04
1624,1624,90.0,EXCELLENT,False,2026-09-28 06:41:04
1625,1625,90.0,EXCELLENT,False,2026-09-28 06:41:04
1626,1626,90.0,EXCELLENT,False,2026-09-28 06:41:04
1627,1627,90.0,EXCELLENT,False,2026-09-28 06:41:04
1628,1628,90.0,EXCELLENT,False,2026-09-28 06:41:04
1629,1629,90.0,EXCELLENT,False,2026-09-28 06:41:04
1630,1630,90.0,EXCELLENT,False,2026-09-28 06:41:04
1631,1631,90.0,EXCELLENT,False,2026-09-28 06:41:04
1632,1632,90.0,EXCELLENT,False,2026-09-28 06:41:04
1633,1633,90.0,EXCELLENT,False,2026-09-28 06:41:04
1634,1634,90.0,EXCELLENT,False,2026-09-28 06:41:04
1635,1635,90.0,EXCELLENT,False,2026-09-28 06:41:04
1636,1636,90.0,EXCELLENT,False,2026-09-28 06:41:04
1637,1637,90.0,EXCELLENT,False,2026-09-28 06:41:04
1638,1638,90.0,EXCELLENT,False,2026-09-28 06:41:04
1639,1639,90.0,EXCELLENT,False,2026-09-28 06:41:04
1640,1640,90.0,EXCELLENT,False,2026-09-28 06:41:04
1641,1641,90.0,EXCELLENT,False,2026-09-28 06:41:04
1642,1642,90.0,EXCELLENT,False,2026-09-28 06:41:04
1643,1643,90.0,EXCELLENT,False,2026-09-28 06:41:04
1644,1644,90.0,EXCELLENT,False,2026-09-28 06:41:04
1645,1645,90.0,EXCELLENT,False,2026-09-28 06:41:04
1646,1646,90.0,EXCELLENT,False,2026-09-28 06:41:04
1647,1647,90.0,EXCELLENT,False,2026-09-28 06:41:04
1648,1648,90.0,EXCELLENT,False,2026-09-28 06:41:04
1649,1649,90.0,EXCELLENT,False,2026-09-28 06:41:04
1650,1650,90.0,EXCELLENT,False,2026-09-28 06:41:04
1651,1651,90.0,EXCELLENT,False,2026-09-28 06:41:04
1652,1652,90.0,EXCELLENT,False,2026-09-28 06:41:04
1653,1653,90.0,EXCELLENT,False,2026-09-28 06:41:04
1654,1654,90.0,EXCELLENT,False,2026-09-28 06:41:04
1655,1655,90.0,EXCELLENT,False,2026-09-28 06:41:04
1656,1656,90.0,EXCELLENT,False,2026-09-28 06:41:04
1657,1657,90.0,EXCELLENT,False,2026-09-28 06:41:04
1658,1658,90.0,EXCELLENT,False,2026-09-28 06:41:04
1659,1659,90.0,EXCELLENT,False,2026-09-28 06:41:04
1660,1660,90.0,EXCELLENT,False,2026-09-28 06:41:04
1661,1661,90.0,EXCELLENT,False,2026-09-28 06:41:04
1662,1662,90.0,EXCELLENT,False,2026-09-28 06:41:04
1663,1663,90.0,EXCELLENT,False,2026-09-28 06:41:04
1664,1664,90.0,EXCELLENT,False,2026-09-28 06:41:04
1665,1665,90.0,EXCELLENT,False,2026-09-28 06:41:04
1666,1666,90.0,EXCELLENT,False,2026-09-28 06:41:04
1667,1667,90.0,EXCELLENT,False,2026-09-28 06:41:04
1668,1668,90.0,EXCELLENT,False,2026-09-28 06:41:04
1669,1669,90.0,EXCELLENT,False,2026-09-28 06:41:04
1670,1670,90.0,EXCELLENT,False,2026-09-28 06:41:04
1671,1671,90.0,EXCELLENT,False,2026-09-28 06:41:04
1672,1672,90.0,EXCELLENT,False,2026-09-28 06:41:04
1673,1673,90.0,EXCELLENT,False,2026-09-28 06:41:04
1674,1674,90.0,EXCELLENT,False,2026-09-28 06:41:04
1675,1675,90.0,EXCELLENT,False,2026-09-28 06:41:04
1676,1676,90.0,EXCELLENT,False,2026-09-28 06:41:04
1677,1677,90.0,EXCELLENT,False,2026-09-28 06:41:04
1678,1678,90.0,EXCELLENT,False,2026-09-28 06:41:04
1679,1679,90.0,EXCELLENT,False,2026-09-28 06:41:04
1680,1680,90.0,EXCELLENT,False,2026-09-28 06:41:04
1681,1681,90.0,EXCELLENT,False,2026-09-28 06:41:04
1682,1682,90.0,EXCELLENT,False,2026-09-28 06:41:04
1683,1683,90.0,EXCELLENT,False,2026-09-28 06:41:04
1684,1684,90.0,EXCELLENT,False,2026-09-28 06:41:04
1685,1685,90.0,EXCELLENT,False,2026-09-28 06:41:04
1686,1686,90.0,EXCELLENT,False,2026-09-28 06:41:04
1687,1687,90.0,EXCELLENT,False,2026-09-28 06:41:04
1688,1688,90.0,EXCELLENT,False,2026-09-28 06:41:04
1689,1689,90.0,EXCELLENT,False,2026-09-28 06:41:04
1690,1690,90.0,EXCELLENT,False,2026-09-28 06:41:04
1691,1691,90.0,EXCELLENT,False,2026-09-28 06:41:04
1692,1692,90.0,EXCELLENT,False,2026-09-28 06:41:04
1693,1693,90.0,EXCELLENT,False,2026-09-28 06:41:04
1694,1694,90.0,EXCELLENT,False,2026-09-28 06:41:04
1695,1695,90.0,EXCELLENT,False,2026-09-28 06:41:04
1696,1696,90.0,EXCELLENT,False,2026-09-28 06:41:04
1697,1697,90.0,EXCELLENT,False,2026-09-28 06:41:04
1698,1698,90.0,EXCELLENT,False,2026-09-28 06:41:04
1699,1699,90.0,EXCELLENT,False,2026-09-28 06:41:04
1700,1700,90.0,EXCELLENT,False,2026-09-28 06:41:04
1701,1701,90.0,EXCELLENT,False,2026-09-28 06:41:04
1702,1702,90.0,EXCELLENT,False,2026-09-28 06:41:04
1703,1703,90.0,EXCELLENT,False,2026-09-28 06:41:04
1704,1704,90.0,EXCELLENT,False,2026-09-28 06:41:04
1705,1705,90.0,EXCELLENT,False,2026-09-28 06:41:04
1706,1706,90.0,EXCELLENT,False,2026-09-28 06:41:04
1707,1707,90.0,EXCELLENT,False,2026-09-28 06:41:04
1708,1708,90.0,EXCELLENT,False,2026-09-28 06:41:04
1709,1709,90.0,EXCELLENT,False,2026-09-28 06:41:04
1710,1710,90.0,EXCELLENT,False,2026-09-28 06:41:04
1711,1711,90.0,EXCELLENT,False,2026-09-28 06:41:04
1712,1712,90.0,EXCELLENT,False,2026-09-28 06:41:04
1713,1713,90.0,EXCELLENT,False,2026-09-28 06:41:04
1714,1714,90.0,EXCELLENT,False,2026-09-28 06:41:04
1715,1715,90.0,EXCELLENT,False,2026-09-28 06:41:04
1716,1716,90.0,EXCELLENT,False,2026-09-28 06:41:04
1717,1717,90.0,EXCELLENT,False,2026-09-28 06:41:04
1718,1718,90.0,EXCELLENT,False,2026-09-28 06:41:04
1719,1719,90.0,EXCELLENT,False,2026-09-28 06:41:04
1720,1720,90.0,EXCELLENT,False,2026-09-28 06:41:04
1721,1721,90.0,EXCELLENT,False,2026-09-28 06:41:04
1722,1722,90.0,EXCELLENT,False,2026-09-28 06:41:04
1723,1723,90.0,EXCELLENT,False,2026-09-28 06:41:04
1724,1724,90.0,EXCELLENT,False,2026-09-28 06:41:04
1725,1725,90.0,EXCELLENT,False,2026-09-28 06:41:04
1726,1726,90.0,EXCELLENT,False,2026-09-28 06:41:04
1727,1727,90.0,EXCELLENT,False,2026-09-28 06:41:04
1728,1728,90.0,EXCELLENT,False,2026-09-28 06:41:04
1729,1729,90.0,EXCELLENT,False,2026-09-28 06:41:04
1730,1730,90.0,EXCELLENT,False,2026-09-28 06:41:04
1731,1731,90.0,EXCELLENT,False,2026-09-28 06:41:04
1732,1732,90.0,EXCELLENT,False,2026-09-28 06:41:04
1733,1733,90.0,EXCELLENT,False,2026-09-28 06:41:04
1734,1734,90.0,EXCELLENT,False,2026-09-28 06:41:04
1735,1735,90.0,EXCELLENT,False,2026-09-28 06:41:04
1736,1736,90.0,EXCELLENT,False,2026-09-28 06:41:04
1737,1737,90.0,EXCELLENT,False,2026-09-28 06:41:04
1738,1738,90.0,EXCELLENT,False,2026-09-28 06:41:04
1739,1739,90.0,EXCELLENT,False,2026-09-28 06:41:04
1740,1740,90.0,EXCELLENT,False,2026-09-28 06:41:04
1741,1741,90.0,EXCELLENT,False,2026-09-28 06:41:04
1742,1742,90.0,EXCELLENT,False,2026-09-28 06:41:04
1743,1743,90.0,EXCELLENT,False,2026-09-28 06:41:04
1744,1744,90.0,EXCELLENT,False,2026-09-28 06:41:04
1745,1745,90.0,EXCELLENT,False,2026-09-28 06:41:04
1746,1746,90.0,EXCELLENT,False,2026-09-28 06:41:04
1747,1747,90.0,EXCELLENT,False,2026-09-28 06:41:04
1748,1748,90.0,EXCELLENT,False,2026-09-28 06:41:04
1749,1749,90.0,EXCELLENT,False,2026-09-28 06:41:04
1750,1750,90.0,EXCELLENT,False,2026-09-28 06:41:04
1751,1751,90.0,EXCELLENT,False,2026-09-28 06:41:04
1752,1752,90.0,EXCELLENT,False,2026-09-28 06:41:04
1753,1753,90.0,EXCELLENT,False,2026-09-28 06:41:04
1754,1754,90.0,EXCELLENT,False,2026-09-28 06:41:04
1755,1755,90.0,EXCELLENT,False,2026-09-28 06:41:04
1756,1756,90.0,EXCELLENT,False,2026-09-28 06:41:04
1757,1757,90.0,EXCELLENT,False,2026-09-28 06:41:04
1758,1758,90.0,EXCELLENT,False,2026-09-28 06:41:04
1759,1759,90.0,EXCELLENT,False,2026-09-28 06:41:04
1760,1760,90.0,EXCELLENT,False,2026-09-28 06:41:04
1761,1761,90.0,EXCELLENT,False,2026-09-28 06:41:04
1762,1762,90.0,EXCELLENT,False,2026-09-28 06:41:04
1763,1763,90.0,EXCELLENT,False,2026-09-28 06:41:04
1764,1764,90.0,EXCELLENT,False,2026-09-28 06:41:04
1765,1765,90.0,EXCELLENT,False,2026-09-28 06:41:04
1766,1766,90.0,EXCELLENT,False,2026-09-28 06:41:04
1767,1767,90.0,EXCELLENT,False,2026-09-28 06:41:04
1768,1768,90.0,EXCELLENT,False,2026-09-28 06:41:04
1769,1769,90.0,EXCELLENT,False,2026-09-28 06:41:04
1770,1770,90.0,EXCELLENT,False,2026-09-28 06:41:04
1771,1771,90.0,EXCELLENT,False,2026-09-28 06:41:04
1772,1772,90.0,EXCELLENT,False,2026-09-28 06:41:04
1773,1773,90.0,EXCELLENT,False,2026-09-28 06:41:04
1774,1774,90.0,EXCELLENT,False,2026-09-28 06:41:04
1775,1775,90.0,EXCELLENT,False,2026-09-28 06:41:04
1776,1776,90.0,EXCELLENT,False,2026-09-28 06:41:04
1777,1777,90.0,EXCELLENT,False,2026-09-28 06:41:04
1778,1778,90.0,EXCELLENT,False,2026-09-28 06:41:04
1779,1779,90.0,EXCELLENT,False,2026-09-28 06:41:04
1780,1780,90.0,EXCELLENT,False,2026-09-28 06:41:04
1781,1781,90.0,EXCELLENT,False,2026-09-28 06:41:04
1782,1782,90.0,EXCELLENT,False,2026-09-28 06:41:04
1783,1783,90.0,EXCELLENT,False,2026-09-28 06:41:04
1784,1784,90.0,EXCELLENT,False,2026-09-28 06:41:04
1785,1785,90.0,EXCELLENT,False,2026-09-28 06:41:04
1786,1786,90.0,EXCELLENT,False,2026-09-28 06:41:04
1787,1787,90.0,EXCELLENT,False,2026-09-28 06:41:04
1788,1788,90.0,EXCELLENT,False,2026-09-28 06:41:04
1789,1789,90.0,EXCELLENT,False,2026-09-28 06:41:04
1790,1790,90.0,EXCELLENT,False,2026-09-28 06:41:04
1791,1791,90.0,EXCELLENT,False,2026-09-28 06:41:04
1792,1792,90.0,EXCELLENT,False,2026-09-28 06:41:04
1793,1793,90.0,EXCELLENT,False,2026-09-28 06:41:04
1794,1794,90.0,EXCELLENT,False,2026-09-28 06:41:04
1795,1795,90.0,EXCELLENT,False,2026-09-28 06:41:04
1796,1796,90.0,EXCELLENT,False,2026-09-28 06:41:04
1797,1797,90.0,EXCELLENT,False,2026-09-28 06:41:04
1798,1798,90.0,EXCELLENT,False,2026-09-28 06:41:04
1799,1799,90.0,EXCELLENT,False,2026-09-28 06:41:04
1800,1800,90.0,EXCELLENT,False,2026-09-28 06:41:04
1801,1801,90.0,EXCELLENT,False,2026-09-28 06:41:04
1802,1802,90.0,EXCELLENT,False,2026-09-28 06:41:04
1803,1803,90.0,EXCELLENT,False,2026-09-28 06:41:04
1804,1804,90.0,EXCELLENT,False,2026-09-28 06:41:04
1805,1805,90.0,EXCELLENT,False,2026-09-28 06:41:04
1806,1806,90.0,EXCELLENT,False,2026-09-28 06:41:04
1807,1807,90.0,EXCELLENT,False,2026-09-28 06:41:04
1808,1808,90.0,EXCELLENT,False,2026-09-28 06:41:04
1809,1809,90.0,EXCELLENT,False,2026-09-28 06:41:04
1810,1810,90.0,EXCELLENT,False,2026-09-28 06:41:04
1811,1811,90.0,EXCELLENT,False,2026-09-28 06:41:04
1812,1812,90.0,EXCELLENT,False,2026-09-28 06:41:04
1813,1813,90.0,EXCELLENT,False,2026-09-28 06:41:04
1814,1814,90.0,EXCELLENT,False,2026-09-28 06:41:04
1815,1815,90.0,EXCELLENT,False,2026-09-28 06:41:04
1816,1816,90.0,EXCELLENT,False,2026-09-28 06:41:04
1817,1817,90.0,EXCELLENT,False,2026-09-28 06:41:04
1818,1818,90.0,EXCELLENT,False,2026-09-28 06:41:04
1819,1819,90.0,EXCELLENT,False,2026-09-28 06:41:04
1820,1820,90.0,EXCELLENT,False,2026-09-28 06:41:04
1821,1821,90.0,EXCELLENT,False,2026-09-28 06:41:04
1822,1822,90.0,EXCELLENT,False,2026-09-28 06:41:04
1823,1823,90.0,EXCELLENT,False,2026-09-28 06:41:04
1824,1824,90.0,EXCELLENT,False,2026-09-28 06:41:04
1825,1825,90.0,EXCELLENT,False,2026-09-28 06:41:04
1826,1826,90.0,EXCELLENT,False,2026-09-28 06:41:04
1827,1827,90.0,EXCELLENT,False,2026-09-28 06:41:04
1828,1828,90.0,EXCELLENT,False,2026-09-28 06:41:04
1829,1829,90.0,EXCELLENT,False,2026-09-28 06:41:04
1830,1830,90.0,EXCELLENT,False,2026-09-28 06:41:04
1831,1831,90.0,EXCELLENT,False,2026-09-28 06:41:04
1832,1832,90.0,EXCELLENT,False,2026-09-28 06:41:04
1833,1833,90.0,EXCELLENT,False,2026-09-28 06:41:04
1834,1834,90.0,EXCELLENT,False,2026-09-28 06:41:04
1835,1835,90.0,EXCELLENT,False,2026-09-28 06:41:04
1836,1836,90.0,EXCELLENT,False,2026-09-28 06:41:04
1837,1837,90.0,EXCELLENT,False,2026-09-28 06:41:04
1838,1838,90.0,EXCELLENT,False,2026-09-28 06:41:04
1839,1839,90.0,EXCELLENT,False,2026-09-28 06:41:04
1840,1840,90.0,EXCELLENT,False,2026-09-28 06:41:04
1841,1841,90.0,EXCELLENT,False,2026-09-28 06:41:04
1842,1842,90.0,EXCELLENT,False,2026-09-28 06:41:04
1843,1843,90.0,EXCELLENT,False,2026-09-28 06:41:04
1844,1844,90.0,EXCELLENT,False,2026-09-28 06:41:04
1845,1845,90.0,EXCELLENT,False,2026-09-28 06:41:04
1846,1846,90.0,EXCELLENT,False,2026-09-28 06:41:04
1847,1847,90.0,EXCELLENT,False,2026-09-28 06:41:04
1848,1848,90.0,EXCELLENT,False,2026-09-28 06:41:04
1849,1849,90.0,EXCELLENT,False,2026-09-28 06:41:04
1850,1850,90.0,EXCELLENT,False,2026-09-28 06:41:04
1851,1851,90.0,EXCELLENT,False,2026-09-28 06:41:04
1852,1852,90.0,EXCELLENT,False,2026-09-28 06:41:04
1853,1853,90.0,EXCELLENT,False,2026-09-28 06:41:04
1854,1854,90.0,EXCELLENT,False,2026-09-28 06:41:04
1855,1855,90.0,EXCELLENT,False,2026-09-28 06:41:04
1856,1856,90.0,EXCELLENT,False,2026-09-28 06:41:04
1857,1857,90.0,EXCELLENT,False,2026-09-28 06:41:04
1858,1858,90.0,EXCELLENT,False,2026-09-28 06:41:04
1859,1859,90.0,EXCELLENT,False,2026-09-28 06:41:04
1860,1860,90.0,EXCELLENT,False,2026-09-28 06:41:04
1861,1861,90.0,EXCELLENT,False,2026-09-28 06:41:04
1862,1862,90.0,EXCELLENT,False,2026-09-28 06:41:04
1863,1863,90.0,EXCELLENT,False,2026-09-28 06:41:04
1864,1864,90.0,EXCELLENT,False,2026-09-28 06:41:04
1865,1865,90.0,EXCELLENT,False,2026-09-28 06:41:04
1866,1866,90.0,EXCELLENT,False,2026-09-28 06:41:04
1867,1867,90.0,EXCELLENT,False,2026-09-28 06:41:04
1868,1868,90.0,EXCELLENT,False,2026-09-28 06:41:04
1869,1869,90.0,EXCELLENT,False,2026-09-28 06:41:04
1870,1870,90.0,EXCELLENT,False,2026-09-28 06:41:04
1871,1871,90.0,EXCELLENT,False,2026-09-28 06:41:04
1872,1872,90.0,EXCELLENT,False,2026-09-28 06:41:04
1873,1873,90.0,EXCELLENT,False,2026-09-28 06:41:04
1874,1874,90.0,EXCELLENT,False,2026-09-28 06:41:04
1875,1875,90.0,EXCELLENT,False,2026-09-28 06:41:04
1876,1876,90.0,EXCELLENT,False,2026-09-28 06:41:04
1877,1877,90.0,EXCELLENT,False,2026-09-28 06:41:04
1878,1878,90.0,EXCELLENT,False,2026-09-28 06:41:04
1879,1879,90.0,EXCELLENT,False,2026-09-28 06:41:04
1880,1880,90.0,EXCELLENT,False,2026-09-28 06:41:04
1881,1881,90.0,EXCELLENT,False,2026-09-28 06:41:04
1882,1882,90.0,EXCELLENT,False,2026-09-28 06:41:04
1883,1883,90.0,EXCELLENT,False,2026-09-28 06:41:04
1884,1884,90.0,EXCELLENT,False,2026-09-28 06:41:04
1885,1885,90.0,EXCELLENT,False,2026-09-28 06:41:04
1886,1886,90.0,EXCELLENT,False,2026-09-28 06:41:04
1887,1887,90.0,EXCELLENT,False,2026-09-28 06:41:04
1888,1888,90.0,EXCELLENT,False,2026-09-28 06:41:04
1889,1889,90.0,EXCELLENT,False,2026-09-28 06:41:04
1890,1890,90.0,EXCELLENT,False,2026-09-28 06:41:04
1891,1891,90.0,EXCELLENT,False,2026-09-28 06:41:04
1892,1892,90.0,EXCELLENT,False,2026-09-28 06:41:04
1893,1893,90.0,EXCELLENT,False,2026-09-28 06:41:04
1894,1894,90.0,EXCELLENT,False,2026-09-28 06:41:04
1895,1895,90.0,EXCELLENT,False,2026-09-28 06:41:04
1896,1896,90.0,EXCELLENT,False,2026-09-28 06:41:04
1897,1897,90.0,EXCELLENT,False,2026-09-28 06:41:04
1898,1898,90.0,EXCELLENT,False,2026-09-28 06:41:04
1899,1899,90.0,EXCELLENT,False,2026-09-28 06:41:04
1900,1900,90.0,EXCELLENT,False,2026-09-28 06:41:04
1901,1901,90.0,EXCELLENT,False,2026-09-28 06:41:04
1902,1902,90.0,EXCELLENT,False,2026-09-28 06:41:04
1903,1903,90.0,EXCELLENT,False,2026-09-28 06:41:04
1904,1904,90.0,EXCELLENT,False,2026-09-28 06:41:04
1905,1905,90.0,EXCELLENT,False,2026-09-28 06:41:04
1906,1906,90.0,EXCELLENT,False,2026-09-28 06:41:04
1907,1907,90.0,EXCELLENT,False,2026-09-28 06:41:04
1908,1908,90.0,EXCELLENT,False,2026-09-28 06:41:04
1909,1909,90.0,EXCELLENT,False,2026-09-28 06:41:04
1910,1910,90.0,EXCELLENT,False,2026-09-28 06:41:04
1911,1911,90.0,EXCELLENT,False,2026-09-28 06:41:04
1912,1912,90.0,EXCELLENT,False,2026-09-28 06:41:04
1913,1913,90.0,EXCELLENT,False,2026-09-28 06:41:04
1914,1914,90.0,EXCELLENT,False,2026-09-28 06:41:04
1915,1915,90.0,EXCELLENT,False,2026-09-28 06:41:04
1916,1916,90.0,EXCELLENT,False,2026-09-28 06:41:04
1917,1917,90.0,EXCELLENT,False,2026-09-28 06:41:04
1918,1918,90.0,EXCELLENT,False,2026-09-28 06:41:04
1919,1919,90.0,EXCELLENT,False,2026-09-28 06:41:04
1920,1920,90.0,EXCELLENT,False,2026-09-28 06:41:04
1921,1921,90.0,EXCELLENT,False,2026-09-28 06:41:04
1922,1922,90.0,EXCELLENT,False,2026-09-28 06:41:04
1923,1923,90.0,EXCELLENT,False,2026-09-28 06:41:04
1924,1924,90.0,EXCELLENT,False,2026-09-28 06:41:04
1925,1925,90.0,EXCELLENT,False,2026-09-28 06:41:04
1926,1926,90.0,EXCELLENT,False,2026-09-28 06:41:04
1927,1927,90.0,EXCELLENT,False,2026-09-28 06:41:04
1928,1928,90.0,EXCELLENT,False,2026-09-28 06:41:04
1929,1929,90.0,EXCELLENT,False,2026-09-28 06:41:04
1930,1930,90.0,EXCELLENT,False,2026-09-28 06:41:04
1931,1931,90.0,EXCELLENT,False,2026-09-28 06:41:04
1932,1932,90.0,EXCELLENT,False,2026-09-28 06:41:04
1933,1933,90.0,EXCELLENT,False,2026-09-28 06:41:04
1934,1934,90.0,EXCELLENT,False,2026-09-28 06:41:04
1935,1935,90.0,EXCELLENT,False,2026-09-28 06:41:04
1936,1936,90.0,EXCELLENT,False,2026-09-28 06:41:04
1937,1937,90.0,EXCELLENT,False,2026-09-28 06:41:04
1938,1938,90.0,EXCELLENT,False,2026-09-28 06:41:04
1939,1939,90.0,EXCELLENT,False,2026-09-28 06:41:04
1940,1940,90.0,EXCELLENT,False,2026-09-28 06:41:04
1941,1941,90.0,EXCELLENT,False,2026-09-28 06:41:04
1942,1942,90.0,EXCELLENT,False,2026-09-28 06:41:04
1943,1943,90.0,EXCELLENT,False,2026-09-28 06:41:04
1944,1944,90.0,EXCELLENT,False,2026-09-28 06:41:04
1945,1945,90.0,EXCELLENT,False,2026-09-28 06:41:04
1946,1946,90.0,EXCELLENT,False,2026-09-28 06:41:04
1947,1947,90.0,EXCELLENT,False,2026-09-28 06:41:04
1948,1948,90.0,EXCELLENT,False,2026-09-28 06:41:04
1949,1949,90.0,EXCELLENT,False,2026-09-28 06:41:04
1950,1950,90.0,EXCELLENT,False,2026-09-28 06:41:04
1951,1951,90.0,EXCELLENT,False,2026-09-28 06:41:04
1952,1952,90.0,EXCELLENT,False,2026-09-28 06:41:04
1953,1953,90.0,EXCELLENT,False,2026-09-28 06:41:04
1954,1954,90.0,EXCELLENT,False,2026-09-28 06:41:04
1955,1955,90.0,EXCELLENT,False,2026-09-28 06:41:04
1956,1956,90.0,EXCELLENT,False,2026-09-28 06:41:04
1957,1957,90.0,EXCELLENT,False,2026-09-28 06:41:04
1958,1958,90.0,EXCELLENT,False,2026-09-28 06:41:04
1959,1959,90.0,EXCELLENT,False,2026-09-28 06:41:04
1960,1960,90.0,EXCELLENT,False,2026-09-28 06:41:04
1961,1961,90.0,EXCELLENT,False,2026-09-28 06:41:04
1962,1962,90.0,EXCELLENT,False,2026-09-28 06:41:04
1963,1963,90.0,EXCELLENT,False,2026-09-28 06:41:04
1964,1964,90.0,EXCELLENT,False,2026-09-28 06:41:04
1965,1965,90.0,EXCELLENT,False,2026-09-28 06:41:04
1966,1966,90.0,EXCELLENT,False,2026-09-28 06:41:04
1967,1967,90.0,EXCELLENT,False,2026-09-28 06:41:04
1968,1968,90.0,EXCELLENT,False,2026-09-28 06:41:04
1969,1969,90.0,EXCELLENT,False,2026-09-28 06:41:04
1970,1970,90.0,EXCELLENT,False,2026-09-28 06:41:04
1971,1971,90.0,EXCELLENT,False,2026-09-28 06:41:04
1972,1972,90.0,EXCELLENT,False,2026-09-28 06:41:04
1973,1973,90.0,EXCELLENT,False,2026-09-28 06:41:04
1974,1974,90.0,EXCELLENT,False,2026-09-28 06:41:04
1975,1975,90.0,EXCELLENT,False,2026-09-28 06:41:04
1976,1976,90.0,EXCELLENT,False,2026-09-28 06:41:04
1977,1977,90.0,EXCELLENT,False,2026-09-28 06:41:04
1978,1978,90.0,EXCELLENT,False,2026-09-28 06:41:04
1979,1979,90.0,EXCELLENT,False,2026-09-28 06:41:04
1980,1980,90.0,EXCELLENT,False,2026-09-28 06:41:04
1981,1981,90.0,EXCELLENT,False,2026-09-28 06:41:04
1982,1982,90.0,EXCELLENT,False,2026-09-28 06:41:04
1983,1983,90.0,EXCELLENT,False,2026-09-28 06:41:04
1984,1984,90.0,EXCELLENT,False,2026-09-28 06:41:04
1985,1985,90.0,EXCELLENT,False,2026-09-28 06:41:04
1986,1986,90.0,EXCELLENT,False,2026-09-28 06:41:04
1987,1987,90.0,EXCELLENT,False,2026-09-28 06:41:04
1988,1988,90.0,EXCELLENT,False,2026-09-28 06:41:04
1989,1989,90.0,EXCELLENT,False,2026-09-28 06:41:04
1990,1990,90.0,EXCELLENT,False,2026-09-28 06:41:04
1991,1991,90.0,EXCELLENT,False,2026-09-28 06:41:04
1992,1992,90.0,EXCELLENT,False,2026-09-28 06:41:04
1993,1993,90.0,EXCELLENT,False,2026-09-28 06:41:04
1994,1994,90.0,EXCELLENT,False,2026-09-28 06:41:04
1995,1995,90.0,EXCELLENT,False,2026-09-28 06:41:04
1996,1996,90.0,EXCELLENT,False,2026-09-28 06:41:04
1997,1997,90.0,EXCELLENT,False,2026-09-28 06:41:04
1998,1998,90.0,EXCELLENT,False,2026-09-28 06:41:04
1999,1999,90.0,EXCELLENT,False,2026-09-28 06:41:04
2000,2000,90.0,EXCELLENT,False,2026-09-28 06:41:04
2001,2001,90.0,EXCELLENT,False,2026-09-28 06:41:04
2002,2002,90.0,EXCELLENT,False,2026-09-28 06:41:04
2003,2003,90.0,EXCELLENT,False,2026-09-28 06:41:04
2004,2004,85.0,GOOD,False,2026-09-28 06:41:04
2005,2005,85.0,GOOD,False,2026-09-28 06:41:04
2006,2006,85.0,GOOD,False,2026-09-28 06:41:04
2007,2007,85.0,GOOD,False,2026-09-28 06:41:04
2008,2008,85.0,GOOD,False,2026-09-28 06:41:04
2009,2009,85.0,GOOD,False,2026-09-28 06:41:04
2010,2010,85.0,GOOD,False,2026-09-28 06:41:04
2011,2011,85.0,GOOD,False,2026-09-28 06:41:04
2012,2012,85.0,GOOD,False,2026-09-28 06:41:04
2013,2013,85.0,GOOD,False,2026-09-28 06:41:04
2014,2014,85.0,GOOD,False,2026-09-28 06:41:04
2015,2015,85.0,GOOD,False,2026-09-28 06:41:04
2016,2016,85.0,GOOD,False,2026-09-28 06:41:04
2017,2017,85.0,GOOD,False,2026-09-28 06:41:04
2018,2018,85.0,GOOD,False,2026-09-28 06:41:04
2019,2019,85.0,GOOD,False,2026-09-28 06:41:04
2020,2020,85.0,GOOD,False,2026-09-28 06:41:04
2021,2021,85.0,GOOD,False,2026-09-28 06:41:04
2022,2022,85.0,GOOD,False,2026-09-28 06:41:04
2023,2023,85.0,GOOD,False,2026-09-28 06:41:04
2024,2024,85.0,GOOD,False,2026-09-28 06:41:04
2025,2025,85.0,GOOD,False,2026-09-28 06:41:04
2026,2026,85.0,GOOD,False,2026-09-28 06:41:04
2027,2027,85.0,GOOD,False,2026-09-28 06:41:04
2028,2028,85.0,GOOD,False,2026-09-28 06:41:04
2029,2029,85.0,GOOD,False,2026-09-28 06:41:04
2030,2030,85.0,GOOD,False,2026-09-28 06:41:04
2031,2031,85.0,GOOD,False,2026-09-28 06:41:04
2032,2032,85.0,GOOD,False,2026-09-28 06:41:04
2033,2033,85.0,GOOD,False,2026-09-28 06:41:04
2034,2034,85.0,GOOD,False,2026-09-28 06:41:04
2035,2035,85.0,GOOD,False,2026-09-28 06:41:04
2036,2036,85.0,GOOD,False,2026-09-28 06:41:04
2037,2037,85.0,GOOD,False,2026-09-28 06:41:04
2038,2038,85.0,GOOD,False,2026-09-28 06:41:04
2039,2039,85.0,GOOD,False,2026-09-28 06:41:04
2040,2040,85.0,GOOD,False,2026-09-28 06:41:04
2041,2041,85.0,GOOD,False,2026-09-28 06:41:04
2042,2042,85.0,GOOD,False,2026-09-28 06:41:04
2043,2043,85.0,GOOD,False,2026-09-28 06:41:04
2044,2044,85.0,GOOD,False,2026-09-28 06:41:04
2045,2045,85.0,GOOD,False,2026-09-28 06:41:04
2046,2046,85.0,GOOD,False,2026-09-28 06:41:04
2047,2047,85.0,GOOD,False,2026-09-28 06:41:04
2048,2048,85.0,GOOD,False,2026-09-28 06:41:04
2049,2049,85.0,GOOD,False,2026-09-28 06:41:04
2050,2050,85.0,GOOD,False,2026-09-28 06:41:04
2051,2051,85.0,GOOD,False,2026-09-28 06:41:04
2052,2052,85.0,GOOD,False,2026-09-28 06:41:04
2053,2053,85.0,GOOD,False,2026-09-28 06:41:04
2054,2054,85.0,GOOD,False,2026-09-28 06:41:04
2055,2055,85.0,GOOD,False,2026-09-28 06:41:04
2056,2056,85.0,GOOD,False,2026-09-28 06:41:04
2057,2057,85.0,GOOD,False,2026-09-28 06:41:04
2058,2058,85.0,GOOD,False,2026-09-28 06:41:04
2059,2059,85.0,GOOD,False,2026-09-28 06:41:04
2060,2060,85.0,GOOD,False,2026-09-28 06:41:04
2061,2061,85.0,GOOD,False,2026-09-28 06:41:04
2062,2062,85.0,GOOD,False,2026-09-28 06:41:04
2063,2063,85.0,GOOD,False,2026-09-28 06:41:04
2064,2064,85.0,GOOD,False,2026-09-28 06:41:04
2065,2065,85.0,GOOD,False,2026-09-28 06:41:04
2066,2066,85.0,GOOD,False,2026-09-28 06:41:04
2067,2067,85.0,GOOD,False,2026-09-28 06:41:04
2068,2068,85.0,GOOD,False,2026-09-28 06:41:04
2069,2069,85.0,GOOD,False,2026-09-28 06:41:04
2070,2070,85.0,GOOD,False,2026-09-28 06:41:04
2071,2071,85.0,GOOD,False,2026-09-28 06:41:04
2072,2072,85.0,GOOD,False,2026-09-28 06:41:04
2073,2073,85.0,GOOD,False,2026-09-28 06:41:04
2074,2074,85.0,GOOD,False,2026-09-28 06:41:04
2075,2075,85.0,GOOD,False,2026-09-28 06:41:04
2076,2076,85.0,GOOD,False,2026-09-28 06:41:04
2077,2077,85.0,GOOD,False,2026-09-28 06:41:04
2078,2078,85.0,GOOD,False,2026-09-28 06:41:04
2079,2079,85.0,GOOD,False,2026-09-28 06:41:04
2080,2080,85.0,GOOD,False,2026-09-28 06:41:04
2081,2081,85.0,GOOD,False,2026-09-28 06:41:04
2082,2082,85.0,GOOD,False,2026-09-28 06:41:04
2083,2083,85.0,GOOD,False,2026-09-28 06:41:04
2084,2084,85.0,GOOD,False,2026-09-28 06:41:04
2085,2085,85.0,GOOD,False,2026-09-28 06:41:04
2086,2086,85.0,GOOD,False,2026-09-28 06:41:04
2087,2087,85.0,GOOD,False,2026-09-28 06:41:04
2088,2088,85.0,GOOD,False,2026-09-28 06:41:04
2089,2089,85.0,GOOD,False,2026-09-28 06:41:04
2090,2090,85.0,GOOD,False,2026-09-28 06:41:04
2091,2091,85.0,GOOD,False,2026-09-28 06:41:04
2092,2092,85.0,GOOD,False,2026-09-28 06:41:04
2093,2093,85.0,GOOD,False,2026-09-28 06:41:04
2094,2094,85.0,GOOD,False,2026-09-28 06:41:04
2095,2095,85.0,GOOD,False,2026-09-28 06:41:04
2096,2096,85.0,GOOD,False,2026-09-28 06:41:04
2097,2097,85.0,GOOD,False,2026-09-28 06:41:04
2098,2098,85.0,GOOD,False,2026-09-28 06:41:04
2099,2099,85.0,GOOD,False,2026-09-28 06:41:04
2100,2100,85.0,GOOD,False,2026-09-28 06:41:04
2101,2101,85.0,GOOD,False,2026-09-28 06:41:04
2102,2102,85.0,GOOD,False,2026-09-28 06:41:04
2103,2103,85.0,GOOD,False,2026-09-28 06:41:04
2104,2104,85.0,GOOD,False,2026-09-28 06:41:04
2105,2105,85.0,GOOD,False,2026-09-28 06:41:04
2106,2106,85.0,GOOD,False,2026-09-28 06:41:04
2107,2107,85.0,GOOD,False,2026-09-28 06:41:04
2108,2108,85.0,GOOD,False,2026-09-28 06:41:04
2109,2109,85.0,GOOD,False,2026-09-28 06:41:04
2110,2110,85.0,GOOD,False,2026-09-28 06:41:04
2111,2111,85.0,GOOD,False,2026-09-28 06:41:04
2112,2112,85.0,GOOD,False,2026-09-28 06:41:04
2113,2113,85.0,GOOD,False,2026-09-28 06:41:04
2114,2114,85.0,GOOD,False,2026-09-28 06:41:04
2115,2115,85.0,GOOD,False,2026-09-28 06:41:04
2116,2116,85.0,GOOD,False,2026-09-28 06:41:04
2117,2117,85.0,GOOD,False,2026-09-28 06:41:04
2118,2118,85.0,GOOD,False,2026-09-28 06:41:04
2119,2119,85.0,GOOD,False,2026-09-28 06:41:04
2120,2120,85.0,GOOD,False,2026-09-28 06:41:04
2121,2121,85.0,GOOD,False,2026-09-28 06:41:04
2122,2122,85.0,GOOD,False,2026-09-28 06:41:04
2123,2123,85.0,GOOD,False,2026-09-28 06:41:04
2124,2124,85.0,GOOD,False,2026-09-28 06:41:04
2125,2125,85.0,GOOD,False,2026-09-28 06:41:04
2126,2126,85.0,GOOD,False,2026-09-28 06:41:04
2127,2127,85.0,GOOD,False,2026-09-28 06:41:04
2128,2128,85.0,GOOD,False,2026-09-28 06:41:04
2129,2129,85.0,GOOD,False,2026-09-28 06:41:04
2130,2130,85.0,GOOD,False,2026-09-28 06:41:04
2131,2131,85.0,GOOD,False,2026-09-28 06:41:04
2132,2132,85.0,GOOD,False,2026-09-28 06:41:04
2133,2133,85.0,GOOD,False,2026-09-28 06:41:04
2134,2134,85.0,GOOD,False,2026-09-28 06:41:04
2135,2135,85.0,GOOD,False,2026-09-28 06:41:04
2136,2136,85.0,GOOD,False,2026-09-28 06:41:04
2137,2137,85.0,GOOD,False,2026-09-28 06:41:04
2138,2138,85.0,GOOD,False,2026-09-28 06:41:04
2139,2139,85.0,GOOD,False,2026-09-28 06:41:04
2140,2140,85.0,GOOD,False,2026-09-28 06:41:04
2141,2141,85.0,GOOD,False,2026-09-28 06:41:04
2142,2142,85.0,GOOD,False,2026-09-28 06:41:04
2143,2143,85.0,GOOD,False,2026-09-28 06:41:04
2144,2144,85.0,GOOD,False,2026-09-28 06:41:04
2145,2145,85.0,GOOD,False,2026-09-28 06:41:04
2146,2146,85.0,GOOD,False,2026-09-28 06:41:04
2147,2147,85.0,GOOD,False,2026-09-28 06:41:04
2148,2148,85.0,GOOD,False,2026-09-28 06:41:04
2149,2149,85.0,GOOD,False,2026-09-28 06:41:04
2150,2150,85.0,GOOD,False,2026-09-28 06:41:04
2151,2151,85.0,GOOD,False,2026-09-28 06:41:04
2152,2152,85.0,GOOD,False,2026-09-28 06:41:04
2153,2153,85.0,GOOD,False,2026-09-28 06:41:04
2154,2154,85.0,GOOD,False,2026-09-28 06:41:04
2155,2155,85.0,GOOD,False,2026-09-28 06:41:04
2156,2156,85.0,GOOD,False,2026-09-28 06:41:04
2157,2157,85.0,GOOD,False,2026-09-28 06:41:04
2158,2158,85.0,GOOD,False,2026-09-28 06:41:04
2159,2159,85.0,GOOD,False,2026-09-28 06:41:04
2160,2160,85.0,GOOD,False,2026-09-28 06:41:04
2161,2161,85.0,GOOD,False,2026-09-28 06:41:04
2162,2162,85.0,GOOD,False,2026-09-28 06:41:04
2163,2163,85.0,GOOD,False,2026-09-28 06:41:04
2164,2164,85.0,GOOD,False,2026-09-28 06:41:04
2165,2165,85.0,GOOD,False,2026-09-28 06:41:04
2166,2166,85.0,GOOD,False,2026-09-28 06:41:04
2167,2167,85.0,GOOD,False,2026-09-28 06:41:04
2168,2168,85.0,GOOD,False,2026-09-28 06:41:04
2169,2169,85.0,GOOD,False,2026-09-28 06:41:04
2170,2170,85.0,GOOD,False,2026-09-28 06:41:04
2171,2171,85.0,GOOD,False,2026-09-28 06:41:04
2172,2172,85.0,GOOD,False,2026-09-28 06:41:04
2173,2173,85.0,GOOD,False,2026-09-28 06:41:04
2174,2174,85.0,GOOD,False,2026-09-28 06:41:04
2175,2175,85.0,GOOD,False,2026-09-28 06:41:04
2176,2176,85.0,GOOD,False,2026-09-28 06:41:04
2177,2177,85.0,GOOD,False,2026-09-28 06:41:04
2178,2178,85.0,GOOD,False,2026-09-28 06:41:04
2179,2179,85.0,GOOD,False,2026-09-28 06:41:04
2180,2180,85.0,GOOD,False,2026-09-28 06:41:04
2181,2181,85.0,GOOD,False,2026-09-28 06:41:04
2182,2182,85.0,GOOD,False,2026-09-28 06:41:04
2183,2183,85.0,GOOD,False,2026-09-28 06:41:04
2184,2184,85.0,GOOD,False,2026-09-28 06:41:04
2185,2185,85.0,GOOD,False,2026-09-28 06:41:04
2186,2186,85.0,GOOD,False,2026-09-28 06:41:04
2187,2187,85.0,GOOD,False,2026-09-28 06:41:04
2188,2188,85.0,GOOD,False,2026-09-28 06:41:04
2189,2189,85.0,GOOD,False,2026-09-28 06:41:04
2190,2190,85.0,GOOD,False,2026-09-28 06:41:04
2191,2191,85.0,GOOD,False,2026-09-28 06:41:04
2192,2192,85.0,GOOD,False,2026-09-28 06:41:04
2193,2193,85.0,GOOD,False,2026-09-28 06:41:04
2194,2194,85.0,GOOD,False,2026-09-28 06:41:04
2195,2195,85.0,GOOD,False,2026-09-28 06:41:04
2196,2196,85.0,GOOD,False,2026-09-28 06:41:04
2197,2197,85.0,GOOD,False,2026-09-28 06:41:04
2198,2198,85.0,GOOD,False,2026-09-28 06:41:04
2199,2199,85.0,GOOD,False,2026-09-28 06:41:04
2200,2200,85.0,GOOD,False,2026-09-28 06:41:04
2201,2201,85.0,GOOD,False,2026-09-28 06:41:04
2202,2202,85.0,GOOD,False,2026-09-28 06:41:04
2203,2203,85.0,GOOD,False,2026-09-28 06:41:04
2204,2204,85.0,GOOD,False,2026-09-28 06:41:04
2205,2205,85.0,GOOD,False,2026-09-28 06:41:04
2206,2206,85.0,GOOD,False,2026-09-28 06:41:04
2207,2207,85.0,GOOD,False,2026-09-28 06:41:04
2208,2208,85.0,GOOD,False,2026-09-28 06:41:04
2209,2209,85.0,GOOD,False,2026-09-28 06:41:04
2210,2210,85.0,GOOD,False,2026-09-28 06:41:04
2211,2211,85.0,GOOD,False,2026-09-28 06:41:04
2212,2212,85.0,GOOD,False,2026-09-28 06:41:04
2213,2213,85.0,GOOD,False,2026-09-28 06:41:04
2214,2214,85.0,GOOD,False,2026-09-28 06:41:04
2215,2215,85.0,GOOD,False,2026-09-28 06:41:04
2216,2216,85.0,GOOD,False,2026-09-28 06:41:04
2217,2217,85.0,GOOD,False,2026-09-28 06:41:04
2218,2218,85.0,GOOD,False,2026-09-28 06:41:04
2219,2219,85.0,GOOD,False,2026-09-28 06:41:04
2220,2220,85.0,GOOD,False,2026-09-28 06:41:04
2221,2221,85.0,GOOD,False,2026-09-28 06:41:04
2222,2222,85.0,GOOD,False,2026-09-28 06:41:04
2223,2223,85.0,GOOD,False,2026-09-28 06:41:04
2224,2224,85.0,GOOD,False,2026-09-28 06:41:04
2225,2225,85.0,GOOD,False,2026-09-28 06:41:04
2226,2226,85.0,GOOD,False,2026-09-28 06:41:04
2227,2227,85.0,GOOD,False,2026-09-28 06:41:04
2228,2228,85.0,GOOD,False,2026-09-28 06:41:04
2229,2229,85.0,GOOD,False,2026-09-28 06:41:04
2230,2230,85.0,GOOD,False,2026-09-28 06:41:04
2231,2231,85.0,GOOD,False,2026-09-28 06:41:04
2232,2232,85.0,GOOD,False,2026-09-28 06:41:04
2233,2233,85.0,GOOD,False,2026-09-28 06:41:04
2234,2234,85.0,GOOD,False,2026-09-28 06:41:04
2235,2235,85.0,GOOD,False,2026-09-28 06:41:04
2236,2236,85.0,GOOD,False,2026-09-28 06:41:04
2237,2237,85.0,GOOD,False,2026-09-28 06:41:04
2238,2238,85.0,GOOD,False,2026-09-28 06:41:04
2239,2239,85.0,GOOD,False,2026-09-28 06:41:04
2240,2240,85.0,GOOD,False,2026-09-28 06:41:04
2241,2241,85.0,GOOD,False,2026-09-28 06:41:04
2242,2242,85.0,GOOD,False,2026-09-28 06:41:04
2243,2243,85.0,GOOD,False,2026-09-28 06:41:04
2244,2244,85.0,GOOD,False,2026-09-28 06:41:04
2245,2245,85.0,GOOD,False,2026-09-28 06:41:04
2246,2246,85.0,GOOD,False,2026-09-28 06:41:04
2247,2247,85.0,GOOD,False,2026-09-28 06:41:04
2248,2248,85.0,GOOD,False,2026-09-28 06:41:04
2249,2249,85.0,GOOD,False,2026-09-28 06:41:04
2250,2250,85.0,GOOD,False,2026-09-28 06:41:04
2251,2251,85.0,GOOD,False,2026-09-28 06:41:04
2252,2252,85.0,GOOD,False,2026-09-28 06:41:04
2253,2253,85.0,GOOD,False,2026-09-28 06:41:04
2254,2254,85.0,GOOD,False,2026-09-28 06:41:04
2255,2255,85.0,GOOD,False,2026-09-28 06:41:04
2256,2256,85.0,GOOD,False,2026-09-28 06:41:04
2257,2257,85.0,GOOD,False,2026-09-28 06:41:04
2258,2258,85.0,GOOD,False,2026-09-28 06:41:04
2259,2259,85.0,GOOD,False,2026-09-28 06:41:04
2260,2260,85.0,GOOD,False,2026-09-28 06:41:04
2261,2261,85.0,GOOD,False,2026-09-28 06:41:04
2262,2262,85.0,GOOD,False,2026-09-28 06:41:04
2263,2263,85.0,GOOD,False,2026-09-28 06:41:04
2264,2264,85.0,GOOD,False,2026-09-28 06:41:04
2265,2265,85.0,GOOD,False,2026-09-28 06:41:04
2266,2266,85.0,GOOD,False,2026-09-28 06:41:04
2267,2267,85.0,GOOD,False,2026-09-28 06:41:04
2268,2268,85.0,GOOD,False,2026-09-28 06:41:04
2269,2269,85.0,GOOD,False,2026-09-28 06:41:04
2270,2270,85.0,GOOD,False,2026-09-28 06:41:04
2271,2271,85.0,GOOD,False,2026-09-28 06:41:04
2272,2272,85.0,GOOD,False,2026-09-28 06:41:04
2273,2273,85.0,GOOD,False,2026-09-28 06:41:04
2274,2274,85.0,GOOD,False,2026-09-28 06:41:04
2275,2275,85.0,GOOD,False,2026-09-28 06:41:04
2276,2276,85.0,GOOD,False,2026-09-28 06:41:04
2277,2277,85.0,GOOD,False,2026-09-28 06:41:04
2278,2278,85.0,GOOD,False,2026-09-28 06:41:04
2279,2279,85.0,GOOD,False,2026-09-28 06:41:04
2280,2280,85.0,GOOD,False,2026-09-28 06:41:04
2281,2281,85.0,GOOD,False,2026-09-28 06:41:04
2282,2282,85.0,GOOD,False,2026-09-28 06:41:04
2283,2283,85.0,GOOD,False,2026-09-28 06:41:04
2284,2284,85.0,GOOD,False,2026-09-28 06:41:04
2285,2285,85.0,GOOD,False,2026-09-28 06:41:04
2286,2286,85.0,GOOD,False,2026-09-28 06:41:04
2287,2287,85.0,GOOD,False,2026-09-28 06:41:04
2288,2288,85.0,GOOD,False,2026-09-28 06:41:04
2289,2289,85.0,GOOD,False,2026-09-28 06:41:04
2290,2290,85.0,GOOD,False,2026-09-28 06:41:04
2291,2291,85.0,GOOD,False,2026-09-28 06:41:04
2292,2292,85.0,GOOD,False,2026-09-28 06:41:04
2293,2293,85.0,GOOD,False,2026-09-28 06:41:04
2294,2294,85.0,GOOD,False,2026-09-28 06:41:04
2295,2295,85.0,GOOD,False,2026-09-28 06:41:04
2296,2296,85.0,GOOD,False,2026-09-28 06:41:04
2297,2297,85.0,GOOD,False,2026-09-28 06:41:04
2298,2298,85.0,GOOD,False,2026-09-28 06:41:04
2299,2299,85.0,GOOD,False,2026-09-28 06:41:04
2300,2300,85.0,GOOD,False,2026-09-28 06:41:04
2301,2301,85.0,GOOD,False,2026-09-28 06:41:04
2302,2302,85.0,GOOD,False,2026-09-28 06:41:04
2303,2303,85.0,GOOD,False,2026-09-28 06:41:04
2304,2304,85.0,GOOD,False,2026-09-28 06:41:04
2305,2305,85.0,GOOD,False,2026-09-28 06:41:04
2306,2306,85.0,GOOD,False,2026-09-28 06:41:04
2307,2307,85.0,GOOD,False,2026-09-28 06:41:04
2308,2308,85.0,GOOD,False,2026-09-28 06:41:04
2309,2309,85.0,GOOD,False,2026-09-28 06:41:04
2310,2310,85.0,GOOD,False,2026-09-28 06:41:04
2311,2311,85.0,GOOD,False,2026-09-28 06:41:04
2312,2312,85.0,GOOD,False,2026-09-28 06:41:04
2313,2313,85.0,GOOD,False,2026-09-28 06:41:04
2314,2314,85.0,GOOD,False,2026-09-28 06:41:04
2315,2315,85.0,GOOD,False,2026-09-28 06:41:04
2316,2316,85.0,GOOD,False,2026-09-28 06:41:04
2317,2317,85.0,GOOD,False,2026-09-28 06:41:04
2318,2318,85.0,GOOD,False,2026-09-28 06:41:04
2319,2319,85.0,GOOD,False,2026-09-28 06:41:04
2320,2320,85.0,GOOD,False,2026-09-28 06:41:04
2321,2321,85.0,GOOD,False,2026-09-28 06:41:04
2322,2322,85.0,GOOD,False,2026-09-28 06:41:04
2323,2323,85.0,GOOD,False,2026-09-28 06:41:04
2324,2324,85.0,GOOD,False,2026-09-28 06:41:04
2325,2325,85.0,GOOD,False,2026-09-28 06:41:04
2326,2326,85.0,GOOD,False,2026-09-28 06:41:04
2327,2327,85.0,GOOD,False,2026-09-28 06:41:04
2328,2328,85.0,GOOD,False,2026-09-28 06:41:04
2329,2329,85.0,GOOD,False,2026-09-28 06:41:04
2330,2330,85.0,GOOD,False,2026-09-28 06:41:04
2331,2331,85.0,GOOD,False,2026-09-28 06:41:04
2332,2332,85.0,GOOD,False,2026-09-28 06:41:04
2333,2333,85.0,GOOD,False,2026-09-28 06:41:04
2334,2334,85.0,GOOD,False,2026-09-28 06:41:04
2335,2335,85.0,GOOD,False,2026-09-28 06:41:04
2336,2336,85.0,GOOD,False,2026-09-28 06:41:04
2337,2337,85.0,GOOD,False,2026-09-28 06:41:04
2338,2338,85.0,GOOD,False,2026-09-28 06:41:04
2339,2339,85.0,GOOD,False,2026-09-28 06:41:04
2340,2340,85.0,GOOD,False,2026-09-28 06:41:04
2341,2341,85.0,GOOD,False,2026-09-28 06:41:04
2342,2342,85.0,GOOD,False,2026-09-28 06:41:04
2343,2343,85.0,GOOD,False,2026-09-28 06:41:04
2344,2344,85.0,GOOD,False,2026-09-28 06:41:04
2345,2345,85.0,GOOD,False,2026-09-28 06:41:04
2346,2346,85.0,GOOD,False,2026-09-28 06:41:04
2347,2347,85.0,GOOD,False,2026-09-28 06:41:04
2348,2348,85.0,GOOD,False,2026-09-28 06:41:04
2349,2349,85.0,GOOD,False,2026-09-28 06:41:04
2350,2350,85.0,GOOD,False,2026-09-28 06:41:04
2351,2351,85.0,GOOD,False,2026-09-28 06:41:04
2352,2352,85.0,GOOD,False,2026-09-28 06:41:04
2353,2353,85.0,GOOD,False,2026-09-28 06:41:04
2354,2354,85.0,GOOD,False,2026-09-28 06:41:04
2355,2355,85.0,GOOD,False,2026-09-28 06:41:04
2356,2356,85.0,GOOD,False,2026-09-28 06:41:04
2357,2357,85.0,GOOD,False,2026-09-28 06:41:04
2358,2358,85.0,GOOD,False,2026-09-28 06:41:04
2359,2359,85.0,GOOD,False,2026-09-28 06:41:04
2360,2360,85.0,GOOD,False,2026-09-28 06:41:04
2361,2361,85.0,GOOD,False,2026-09-28 06:41:04
2362,2362,85.0,GOOD,False,2026-09-28 06:41:04
2363,2363,85.0,GOOD,False,2026-09-28 06:41:04
2364,2364,85.0,GOOD,False,2026-09-28 06:41:04
2365,2365,85.0,GOOD,False,2026-09-28 06:41:04
2366,2366,85.0,GOOD,False,2026-09-28 06:41:04
2367,2367,85.0,GOOD,False,2026-09-28 06:41:04
2368,2368,85.0,GOOD,False,2026-09-28 06:41:04
2369,2369,85.0,GOOD,False,2026-09-28 06:41:04
2370,2370,85.0,GOOD,False,2026-09-28 06:41:04
2371,2371,85.0,GOOD,False,2026-09-28 06:41:04
2372,2372,85.0,GOOD,False,2026-09-28 06:41:04
2373,2373,85.0,GOOD,False,2026-09-28 06:41:04
2374,2374,85.0,GOOD,False,2026-09-28 06:41:04
2375,2375,85.0,GOOD,False,2026-09-28 06:41:04
2376,2376,85.0,GOOD,False,2026-09-28 06:41:04
2377,2377,85.0,GOOD,False,2026-09-28 06:41:04
2378,2378,85.0,GOOD,False,2026-09-28 06:41:04
2379,2379,85.0,GOOD,False,2026-09-28 06:41:04
2380,2380,85.0,GOOD,False,2026-09-28 06:41:04
2381,2381,85.0,GOOD,False,2026-09-28 06:41:04
2382,2382,85.0,GOOD,False,2026-09-28 06:41:04
2383,2383,85.0,GOOD,False,2026-09-28 06:41:04
2384,2384,85.0,GOOD,False,2026-09-28 06:41:04
2385,2385,85.0,GOOD,False,2026-09-28 06:41:04
2386,2386,85.0,GOOD,False,2026-09-28 06:41:04
2387,2387,85.0,GOOD,False,2026-09-28 06:41:04
2388,2388,85.0,GOOD,False,2026-09-28 06:41:04
2389,2389,85.0,GOOD,False,2026-09-28 06:41:04
2390,2390,85.0,GOOD,False,2026-09-28 06:41:04
2391,2391,85.0,GOOD,False,2026-09-28 06:41:04
2392,2392,85.0,GOOD,False,2026-09-28 06:41:04
2393,2393,85.0,GOOD,False,2026-09-28 06:41:04
2394,2394,85.0,GOOD,False,2026-09-28 06:41:04
2395,2395,85.0,GOOD,False,2026-09-28 06:41:04
2396,2396,85.0,GOOD,False,2026-09-28 06:41:04
2397,2397,85.0,GOOD,False,2026-09-28 06:41:04
2398,2398,85.0,GOOD,False,2026-09-28 06:41:04
2399,2399,85.0,GOOD,False,2026-09-28 06:41:04
2400,2400,85.0,GOOD,False,2026-09-28 06:41:04
2401,2401,85.0,GOOD,False,2026-09-28 06:41:04
2402,2402,85.0,GOOD,False,2026-09-28 06:41:04
2403,2403,85.0,GOOD,False,2026-09-28 06:41:04
2404,2404,85.0,GOOD,False,2026-09-28 06:41:04
2405,2405,85.0,GOOD,False,2026-09-28 06:41:04
2406,2406,85.0,GOOD,False,2026-09-28 06:41:04
2407,2407,85.0,GOOD,False,2026-09-28 06:41:04
2408,2408,85.0,GOOD,False,2026-09-28 06:41:04
2409,2409,85.0,GOOD,False,2026-09-28 06:41:04
2410,2410,85.0,GOOD,False,2026-09-28 06:41:04
2411,2411,85.0,GOOD,False,2026-09-28 06:41:04
2412,2412,85.0,GOOD,False,2026-09-28 06:41:04
2413,2413,85.0,GOOD,False,2026-09-28 06:41:04
2414,2414,85.0,GOOD,False,2026-09-28 06:41:04
2415,2415,85.0,GOOD,False,2026-09-28 06:41:04
2416,2416,85.0,GOOD,False,2026-09-28 06:41:04
2417,2417,85.0,GOOD,False,2026-09-28 06:41:04
2418,2418,85.0,GOOD,False,2026-09-28 06:41:04
2419,2419,85.0,GOOD,False,2026-09-28 06:41:04
2420,2420,85.0,GOOD,False,2026-09-28 06:41:04
2421,2421,85.0,GOOD,False,2026-09-28 06:41:04
2422,2422,85.0,GOOD,False,2026-09-28 06:41:04
2423,2423,85.0,GOOD,False,2026-09-28 06:41:04
2424,2424,85.0,GOOD,False,2026-09-28 06:41:04
2425,2425,85.0,GOOD,False,2026-09-28 06:41:04
2426,2426,85.0,GOOD,False,2026-09-28 06:41:04
2427,2427,85.0,GOOD,False,2026-09-28 06:41:04
2428,2428,85.0,GOOD,False,2026-09-28 06:41:04
2429,2429,85.0,GOOD,False,2026-09-28 06:41:04
2430,2430,85.0,GOOD,False,2026-09-28 06:41:04
2431,2431,85.0,GOOD,False,2026-09-28 06:41:04
2432,2432,85.0,GOOD,False,2026-09-28 06:41:04
2433,2433,85.0,GOOD,False,2026-09-28 06:41:04
2434,2434,85.0,GOOD,False,2026-09-28 06:41:04
2435,2435,85.0,GOOD,False,2026-09-28 06:41:04
2436,2436,85.0,GOOD,False,2026-09-28 06:41:04
2437,2437,85.0,GOOD,False,2026-09-28 06:41:04
2438,2438,85.0,GOOD,False,2026-09-28 06:41:04
2439,2439,85.0,GOOD,False,2026-09-28 06:41:04
2440,2440,85.0,GOOD,False,2026-09-28 06:41:04
2441,2441,85.0,GOOD,False,2026-09-28 06:41:04
2442,2442,85.0,GOOD,False,2026-09-28 06:41:04
2443,2443,85.0,GOOD,False,2026-09-28 06:41:04
2444,2444,85.0,GOOD,False,2026-09-28 06:41:04
2445,2445,85.0,GOOD,False,2026-09-28 06:41:04
2446,2446,85.0,GOOD,False,2026-09-28 06:41:04
2447,2447,85.0,GOOD,False,2026-09-28 06:41:04
2448,2448,85.0,GOOD,False,2026-09-28 06:41:04
2449,2449,85.0,GOOD,False,2026-09-28 06:41:04
2450,2450,85.0,GOOD,False,2026-09-28 06:41:04
2451,2451,85.0,GOOD,False,2026-09-28 06:41:04
2452,2452,85.0,GOOD,False,2026-09-28 06:41:04
2453,2453,85.0,GOOD,False,2026-09-28 06:41:04
2454,2454,85.0,GOOD,False,2026-09-28 06:41:04
2455,2455,85.0,GOOD,False,2026-09-28 06:41:04
2456,2456,85.0,GOOD,False,2026-09-28 06:41:04
2457,2457,85.0,GOOD,False,2026-09-28 06:41:04
2458,2458,85.0,GOOD,False,2026-09-28 06:41:04
2459,2459,85.0,GOOD,False,2026-09-28 06:41:04
2460,2460,85.0,GOOD,False,2026-09-28 06:41:04
2461,2461,85.0,GOOD,False,2026-09-28 06:41:04
2462,2462,85.0,GOOD,False,2026-09-28 06:41:04
2463,2463,85.0,GOOD,False,2026-09-28 06:41:04
2464,2464,85.0,GOOD,False,2026-09-28 06:41:04
2465,2465,85.0,GOOD,False,2026-09-28 06:41:04
2466,2466,85.0,GOOD,False,2026-09-28 06:41:04
2467,2467,85.0,GOOD,False,2026-09-28 06:41:04
2468,2468,85.0,GOOD,False,2026-09-28 06:41:04
2469,2469,85.0,GOOD,False,2026-09-28 06:41:04
2470,2470,85.0,GOOD,False,2026-09-28 06:41:04
2471,2471,85.0,GOOD,False,2026-09-28 06:41:04
2472,2472,85.0,GOOD,False,2026-09-28 06:41:04
2473,2473,85.0,GOOD,False,2026-09-28 06:41:04
2474,2474,85.0,GOOD,False,2026-09-28 06:41:04
2475,2475,85.0,GOOD,False,2026-09-28 06:41:04
2476,2476,85.0,GOOD,False,2026-09-28 06:41:04
2477,2477,85.0,GOOD,False,2026-09-28 06:41:04
2478,2478,85.0,GOOD,False,2026-09-28 06:41:04
2479,2479,85.0,GOOD,False,2026-09-28 06:41:04
2480,2480,85.0,GOOD,False,2026-09-28 06:41:04
2481,2481,85.0,GOOD,False,2026-09-28 06:41:04
2482,2482,85.0,GOOD,False,2026-09-28 06:41:04
2483,2483,85.0,GOOD,False,2026-09-28 06:41:04
2484,2484,85.0,GOOD,False,2026-09-28 06:41:04
2485,2485,85.0,GOOD,False,2026-09-28 06:41:04
2486,2486,85.0,GOOD,False,2026-09-28 06:41:04
2487,2487,85.0,GOOD,False,2026-09-28 06:41:04
2488,2488,85.0,GOOD,False,2026-09-28 06:41:04
2489,2489,85.0,GOOD,False,2026-09-28 06:41:04
2490,2490,85.0,GOOD,False,2026-09-28 06:41:04
2491,2491,85.0,GOOD,False,2026-09-28 06:41:04
2492,2492,85.0,GOOD,False,2026-09-28 06:41:04
2493,2493,85.0,GOOD,False,2026-09-28 06:41:04
2494,2494,85.0,GOOD,False,2026-09-28 06:41:04
2495,2495,85.0,GOOD,False,2026-09-28 06:41:04
2496,2496,85.0,GOOD,False,2026-09-28 06:41:04
2497,2497,85.0,GOOD,False,2026-09-28 06:41:04
2498,2498,85.0,GOOD,False,2026-09-28 06:41:04
2499,2499,85.0,GOOD,False,2026-09-28 06:41:04
2500,2500,85.0,GOOD,False,2026-09-28 06:41:04
2501,2501,85.0,GOOD,False,2026-09-28 06:41:04
2502,2502,85.0,GOOD,False,2026-09-28 06:41:04
2503,2503,85.0,GOOD,False,2026-09-28 06:41:04
2504,2504,85.0,GOOD,False,2026-09-28 06:41:04
2505,2505,85.0,GOOD,False,2026-09-28 06:41:04
2506,2506,85.0,GOOD,False,2026-09-28 06:41:04
2507,2507,85.0,GOOD,False,2026-09-28 06:41:04
2508,2508,85.0,GOOD,False,2026-09-28 06:41:04
2509,2509,85.0,GOOD,False,2026-09-28 06:41:04
2510,2510,85.0,GOOD,False,2026-09-28 06:41:04
2511,2511,85.0,GOOD,False,2026-09-28 06:41:04
2512,2512,85.0,GOOD,False,2026-09-28 06:41:04
2513,2513,85.0,GOOD,False,2026-09-28 06:41:04
2514,2514,85.0,GOOD,False,2026-09-28 06:41:04
2515,2515,85.0,GOOD,False,2026-09-28 06:41:04
2516,2516,85.0,GOOD,False,2026-09-28 06:41:04
2517,2517,85.0,GOOD,False,2026-09-28 06:41:04
2518,2518,85.0,GOOD,False,2026-09-28 06:41:04
2519,2519,85.0,GOOD,False,2026-09-28 06:41:04
2520,2520,85.0,GOOD,False,2026-09-28 06:41:04
2521,2521,85.0,GOOD,False,2026-09-28 06:41:04
2522,2522,85.0,GOOD,False,2026-09-28 06:41:04
2523,2523,85.0,GOOD,False,2026-09-28 06:41:04
2524,2524,85.0,GOOD,False,2026-09-28 06:41:04
2525,2525,85.0,GOOD,False,2026-09-28 06:41:04
2526,2526,85.0,GOOD,False,2026-09-28 06:41:04
2527,2527,85.0,GOOD,False,2026-09-28 06:41:04
2528,2528,85.0,GOOD,False,2026-09-28 06:41:04
2529,2529,85.0,GOOD,False,2026-09-28 06:41:04
2530,2530,85.0,GOOD,False,2026-09-28 06:41:04
2531,2531,85.0,GOOD,False,2026-09-28 06:41:04
2532,2532,85.0,GOOD,False,2026-09-28 06:41:04
2533,2533,85.0,GOOD,False,2026-09-28 06:41:04
2534,2534,85.0,GOOD,False,2026-09-28 06:41:04
2535,2535,85.0,GOOD,False,2026-09-28 06:41:04
2536,2536,85.0,GOOD,False,2026-09-28 06:41:04
2537,2537,85.0,GOOD,False,2026-09-28 06:41:04
2538,2538,85.0,GOOD,False,2026-09-28 06:41:04
2539,2539,85.0,GOOD,False,2026-09-28 06:41:04
2540,2540,85.0,GOOD,False,2026-09-28 06:41:04
2541,2541,85.0,GOOD,False,2026-09-28 06:41:04
2542,2542,85.0,GOOD,False,2026-09-28 06:41:04
2543,2543,85.0,GOOD,False,2026-09-28 06:41:04
2544,2544,85.0,GOOD,False,2026-09-28 06:41:04
2545,2545,85.0,GOOD,False,2026-09-28 06:41:04
2546,2546,85.0,GOOD,False,2026-09-28 06:41:04
2547,2547,85.0,GOOD,False,2026-09-28 06:41:04
2548,2548,85.0,GOOD,False,2026-09-28 06:41:04
2549,2549,85.0,GOOD,False,2026-09-28 06:41:04
2550,2550,85.0,GOOD,False,2026-09-28 06:41:04
2551,2551,85.0,GOOD,False,2026-09-28 06:41:04
2552,2552,85.0,GOOD,False,2026-09-28 06:41:04
2553,2553,85.0,GOOD,False,2026-09-28 06:41:04
2554,2554,85.0,GOOD,False,2026-09-28 06:41:04
2555,2555,85.0,GOOD,False,2026-09-28 06:41:04
2556,2556,85.0,GOOD,False,2026-09-28 06:41:04
2557,2557,85.0,GOOD,False,2026-09-28 06:41:04
2558,2558,85.0,GOOD,False,2026-09-28 06:41:04
2559,2559,85.0,GOOD,False,2026-09-28 06:41:04
2560,2560,85.0,GOOD,False,2026-09-28 06:41:04
2561,2561,85.0,GOOD,False,2026-09-28 06:41:04
2562,2562,85.0,GOOD,False,2026-09-28 06:41:04
2563,2563,85.0,GOOD,False,2026-09-28 06:41:04
2564,2564,85.0,GOOD,False,2026-09-28 06:41:04
2565,2565,85.0,GOOD,False,2026-09-28 06:41:04
2566,2566,85.0,GOOD,False,2026-09-28 06:41:04
2567,2567,85.0,GOOD,False,2026-09-28 06:41:04
2568,2568,85.0,GOOD,False,2026-09-28 06:41:04
2569,2569,85.0,GOOD,False,2026-09-28 06:41:04
2570,2570,85.0,GOOD,False,2026-09-28 06:41:04
2571,2571,85.0,GOOD,False,2026-09-28 06:41:04
2572,2572,85.0,GOOD,False,2026-09-28 06:41:04
2573,2573,85.0,GOOD,False,2026-09-28 06:41:04
2574,2574,85.0,GOOD,False,2026-09-28 06:41:04
2575,2575,85.0,GOOD,False,2026-09-28 06:41:04
2576,2576,85.0,GOOD,False,2026-09-28 06:41:04
2577,2577,85.0,GOOD,False,2026-09-28 06:41:04
2578,2578,85.0,GOOD,False,2026-09-28 06:41:04
2579,2579,85.0,GOOD,False,2026-09-28 06:41:04
2580,2580,85.0,GOOD,False,2026-09-28 06:41:04
2581,2581,85.0,GOOD,False,2026-09-28 06:41:04
2582,2582,85.0,GOOD,False,2026-09-28 06:41:04
2583,2583,85.0,GOOD,False,2026-09-28 06:41:04
2584,2584,85.0,GOOD,False,2026-09-28 06:41:04
2585,2585,85.0,GOOD,False,2026-09-28 06:41:04
2586,2586,85.0,GOOD,False,2026-09-28 06:41:04
2587,2587,85.0,GOOD,False,2026-09-28 06:41:04
2588,2588,85.0,GOOD,False,2026-09-28 06:41:04
2589,2589,85.0,GOOD,False,2026-09-28 06:41:04
2590,2590,85.0,GOOD,False,2026-09-28 06:41:04
2591,2591,85.0,GOOD,False,2026-09-28 06:41:04
2592,2592,85.0,GOOD,False,2026-09-28 06:41:04
2593,2593,85.0,GOOD,False,2026-09-28 06:41:04
2594,2594,85.0,GOOD,False,2026-09-28 06:41:04
2595,2595,85.0,GOOD,False,2026-09-28 06:41:04
2596,2596,85.0,GOOD,False,2026-09-28 06:41:04
2597,2597,85.0,GOOD,False,2026-09-28 06:41:04
2598,2598,85.0,GOOD,False,2026-09-28 06:41:04
2599,2599,85.0,GOOD,False,2026-09-28 06:41:04
2600,2600,85.0,GOOD,False,2026-09-28 06:41:04
2601,2601,85.0,GOOD,False,2026-09-28 06:41:04
2602,2602,85.0,GOOD,False,2026-09-28 06:41:04
2603,2603,85.0,GOOD,False,2026-09-28 06:41:04
2604,2604,85.0,GOOD,False,2026-09-28 06:41:04
2605,2605,85.0,GOOD,False,2026-09-28 06:41:04
2606,2606,85.0,GOOD,False,2026-09-28 06:41:04
2607,2607,85.0,GOOD,False,2026-09-28 06:41:04
2608,2608,85.0,GOOD,False,2026-09-28 06:41:04
2609,2609,85.0,GOOD,False,2026-09-28 06:41:04
2610,2610,85.0,GOOD,False,2026-09-28 06:41:04
2611,2611,85.0,GOOD,False,2026-09-28 06:41:04
2612,2612,85.0,GOOD,False,2026-09-28 06:41:04
2613,2613,85.0,GOOD,False,2026-09-28 06:41:04
2614,2614,85.0,GOOD,False,2026-09-28 06:41:04
2615,2615,85.0,GOOD,False,2026-09-28 06:41:04
2616,2616,85.0,GOOD,False,2026-09-28 06:41:04
2617,2617,85.0,GOOD,False,2026-09-28 06:41:04
2618,2618,85.0,GOOD,False,2026-09-28 06:41:04
2619,2619,85.0,GOOD,False,2026-09-28 06:41:04
2620,2620,85.0,GOOD,False,2026-09-28 06:41:04
2621,2621,85.0,GOOD,False,2026-09-28 06:41:04
2622,2622,85.0,GOOD,False,2026-09-28 06:41:04
2623,2623,85.0,GOOD,False,2026-09-28 06:41:04
2624,2624,85.0,GOOD,False,2026-09-28 06:41:04
2625,2625,85.0,GOOD,False,2026-09-28 06:41:04
2626,2626,85.0,GOOD,False,2026-09-28 06:41:04
2627,2627,85.0,GOOD,False,2026-09-28 06:41:04
2628,2628,85.0,GOOD,False,2026-09-28 06:41:04
2629,2629,85.0,GOOD,False,2026-09-28 06:41:04
2630,2630,85.0,GOOD,False,2026-09-28 06:41:04
2631,2631,85.0,GOOD,False,2026-09-28 06:41:04
2632,2632,85.0,GOOD,False,2026-09-28 06:41:04
2633,2633,85.0,GOOD,False,2026-09-28 06:41:04
2634,2634,85.0,GOOD,False,2026-09-28 06:41:04
2635,2635,85.0,GOOD,False,2026-09-28 06:41:04
2636,2636,85.0,GOOD,False,2026-09-28 06:41:04
2637,2637,85.0,GOOD,False,2026-09-28 06:41:04
2638,2638,85.0,GOOD,False,2026-09-28 06:41:04
2639,2639,85.0,GOOD,False,2026-09-28 06:41:04
2640,2640,85.0,GOOD,False,2026-09-28 06:41:04
2641,2641,85.0,GOOD,False,2026-09-28 06:41:04
2642,2642,85.0,GOOD,False,2026-09-28 06:41:04
2643,2643,85.0,GOOD,False,2026-09-28 06:41:04
2644,2644,85.0,GOOD,False,2026-09-28 06:41:04
2645,2645,85.0,GOOD,False,2026-09-28 06:41:04
2646,2646,85.0,GOOD,False,2026-09-28 06:41:04
2647,2647,85.0,GOOD,False,2026-09-28 06:41:04
2648,2648,85.0,GOOD,False,2026-09-28 06:41:04
2649,2649,85.0,GOOD,False,2026-09-28 06:41:04
2650,2650,85.0,GOOD,False,2026-09-28 06:41:04
2651,2651,85.0,GOOD,False,2026-09-28 06:41:04
2652,2652,85.0,GOOD,False,2026-09-28 06:41:04
2653,2653,85.0,GOOD,False,2026-09-28 06:41:04
2654,2654,85.0,GOOD,False,2026-09-28 06:41:04
2655,2655,85.0,GOOD,False,2026-09-28 06:41:04
2656,2656,85.0,GOOD,False,2026-09-28 06:41:04
2657,2657,85.0,GOOD,False,2026-09-28 06:41:04
2658,2658,85.0,GOOD,False,2026-09-28 06:41:04
2659,2659,85.0,GOOD,False,2026-09-28 06:41:04
2660,2660,85.0,GOOD,False,2026-09-28 06:41:04
2661,2661,85.0,GOOD,False,2026-09-28 06:41:04
2662,2662,85.0,GOOD,False,2026-09-28 06:41:04
2663,2663,85.0,GOOD,False,2026-09-28 06:41:04
2664,2664,85.0,GOOD,False,2026-09-28 06:41:04
2665,2665,85.0,GOOD,False,2026-09-28 06:41:04
2666,2666,85.0,GOOD,False,2026-09-28 06:41:04
2667,2667,85.0,GOOD,False,2026-09-28 06:41:04
2668,2668,85.0,GOOD,False,2026-09-28 06:41:04
2669,2669,85.0,GOOD,False,2026-09-28 06:41:04
2670,2670,85.0,GOOD,False,2026-09-28 06:41:04
2671,2671,85.0,GOOD,False,2026-09-28 06:41:04
2672,2672,85.0,GOOD,False,2026-09-28 06:41:04
2673,2673,85.0,GOOD,False,2026-09-28 06:41:04
2674,2674,85.0,GOOD,False,2026-09-28 06:41:04
2675,2675,85.0,GOOD,False,2026-09-28 06:41:04
2676,2676,85.0,GOOD,False,2026-09-28 06:41:04
2677,2677,85.0,GOOD,False,2026-09-28 06:41:04
2678,2678,85.0,GOOD,False,2026-09-28 06:41:04
2679,2679,85.0,GOOD,False,2026-09-28 06:41:04
2680,2680,85.0,GOOD,False,2026-09-28 06:41:04
2681,2681,85.0,GOOD,False,2026-09-28 06:41:04
2682,2682,85.0,GOOD,False,2026-09-28 06:41:04
2683,2683,85.0,GOOD,False,2026-09-28 06:41:04
2684,2684,85.0,GOOD,False,2026-09-28 06:41:04
2685,2685,85.0,GOOD,False,2026-09-28 06:41:04
2686,2686,85.0,GOOD,False,2026-09-28 06:41:04
2687,2687,85.0,GOOD,False,2026-09-28 06:41:04
2688,2688,85.0,GOOD,False,2026-09-28 06:41:04
2689,2689,85.0,GOOD,False,2026-09-28 06:41:04
2690,2690,85.0,GOOD,False,2026-09-28 06:41:04
2691,2691,85.0,GOOD,False,2026-09-28 06:41:04
2692,2692,85.0,GOOD,False,2026-09-28 06:41:04
2693,2693,85.0,GOOD,False,2026-09-28 06:41:04
2694,2694,85.0,GOOD,False,2026-09-28 06:41:04
2695,2695,85.0,GOOD,False,2026-09-28 06:41:04
2696,2696,85.0,GOOD,False,2026-09-28 06:41:04
2697,2697,85.0,GOOD,False,2026-09-28 06:41:04
2698,2698,85.0,GOOD,False,2026-09-28 06:41:04
2699,2699,85.0,GOOD,False,2026-09-28 06:41:04
2700,2700,85.0,GOOD,False,2026-09-28 06:41:04
2701,2701,85.0,GOOD,False,2026-09-28 06:41:04
2702,2702,85.0,GOOD,False,2026-09-28 06:41:04
2703,2703,85.0,GOOD,False,2026-09-28 06:41:04
2704,2704,85.0,GOOD,False,2026-09-28 06:41:04
2705,2705,85.0,GOOD,False,2026-09-28 06:41:04
2706,2706,85.0,GOOD,False,2026-09-28 06:41:04
2707,2707,85.0,GOOD,False,2026-09-28 06:41:04
2708,2708,85.0,GOOD,False,2026-09-28 06:41:04
2709,2709,85.0,GOOD,False,2026-09-28 06:41:04
2710,2710,85.0,GOOD,False,2026-09-28 06:41:04
2711,2711,85.0,GOOD,False,2026-09-28 06:41:04
2712,2712,85.0,GOOD,False,2026-09-28 06:41:04
2713,2713,85.0,GOOD,False,2026-09-28 06:41:04
2714,2714,85.0,GOOD,False,2026-09-28 06:41:04
2715,2715,85.0,GOOD,False,2026-09-28 06:41:04
2716,2716,85.0,GOOD,False,2026-09-28 06:41:04
2717,2717,85.0,GOOD,False,2026-09-28 06:41:04
2718,2718,85.0,GOOD,False,2026-09-28 06:41:04
2719,2719,85.0,GOOD,False,2026-09-28 06:41:04
2720,2720,85.0,GOOD,False,2026-09-28 06:41:04
2721,2721,85.0,GOOD,False,2026-09-28 06:41:04
2722,2722,85.0,GOOD,False,2026-09-28 06:41:04
2723,2723,85.0,GOOD,False,2026-09-28 06:41:04
2724,2724,85.0,GOOD,False,2026-09-28 06:41:04
2725,2725,85.0,GOOD,False,2026-09-28 06:41:04
2726,2726,85.0,GOOD,False,2026-09-28 06:41:04
2727,2727,85.0,GOOD,False,2026-09-28 06:41:04
2728,2728,85.0,GOOD,False,2026-09-28 06:41:04
2729,2729,85.0,GOOD,False,2026-09-28 06:41:04
2730,2730,85.0,GOOD,False,2026-09-28 06:41:04
2731,2731,85.0,GOOD,False,2026-09-28 06:41:04
2732,2732,85.0,GOOD,False,2026-09-28 06:41:04
2733,2733,85.0,GOOD,False,2026-09-28 06:41:04
2734,2734,85.0,GOOD,False,2026-09-28 06:41:04
2735,2735,85.0,GOOD,False,2026-09-28 06:41:04
2736,2736,85.0,GOOD,False,2026-09-28 06:41:04
2737,2737,85.0,GOOD,False,2026-09-28 06:41:04
2738,2738,85.0,GOOD,False,2026-09-28 06:41:04
2739,2739,85.0,GOOD,False,2026-09-28 06:41:04
2740,2740,85.0,GOOD,False,2026-09-28 06:41:04
2741,2741,85.0,GOOD,False,2026-09-28 06:41:04
2742,2742,85.0,GOOD,False,2026-09-28 06:41:04
2743,2743,85.0,GOOD,False,2026-09-28 06:41:04
2744,2744,85.0,GOOD,False,2026-09-28 06:41:04
2745,2745,85.0,GOOD,False,2026-09-28 06:41:04
2746,2746,85.0,GOOD,False,2026-09-28 06:41:04
2747,2747,85.0,GOOD,False,2026-09-28 06:41:04
2748,2748,85.0,GOOD,False,2026-09-28 06:41:04
2749,2749,85.0,GOOD,False,2026-09-28 06:41:04
2750,2750,85.0,GOOD,False,2026-09-28 06:41:04
2751,2751,85.0,GOOD,False,2026-09-28 06:41:04
2752,2752,85.0,GOOD,False,2026-09-28 06:41:04
2753,2753,85.0,GOOD,False,2026-09-28 06:41:04
2754,2754,85.0,GOOD,False,2026-09-28 06:41:04
2755,2755,85.0,GOOD,False,2026-09-28 06:41:04
2756,2756,85.0,GOOD,False,2026-09-28 06:41:04
2757,2757,85.0,GOOD,False,2026-09-28 06:41:04
2758,2758,85.0,GOOD,False,2026-09-28 06:41:04
2759,2759,85.0,GOOD,False,2026-09-28 06:41:04
2760,2760,85.0,GOOD,False,2026-09-28 06:41:04
2761,2761,85.0,GOOD,False,2026-09-28 06:41:04
2762,2762,85.0,GOOD,False,2026-09-28 06:41:04
2763,2763,85.0,GOOD,False,2026-09-28 06:41:04
2764,2764,85.0,GOOD,False,2026-09-28 06:41:04
2765,2765,85.0,GOOD,False,2026-09-28 06:41:04
2766,2766,85.0,GOOD,False,2026-09-28 06:41:04
2767,2767,85.0,GOOD,False,2026-09-28 06:41:04
2768,2768,85.0,GOOD,False,2026-09-28 06:41:04
2769,2769,85.0,GOOD,False,2026-09-28 06:41:04
2770,2770,85.0,GOOD,False,2026-09-28 06:41:04
2771,2771,85.0,GOOD,False,2026-09-28 06:41:04
2772,2772,85.0,GOOD,False,2026-09-28 06:41:04
2773,2773,85.0,GOOD,False,2026-09-28 06:41:04
2774,2774,85.0,GOOD,False,2026-09-28 06:41:04
2775,2775,85.0,GOOD,False,2026-09-28 06:41:04
2776,2776,85.0,GOOD,False,2026-09-28 06:41:04
2777,2777,85.0,GOOD,False,2026-09-28 06:41:04
2778,2778,85.0,GOOD,False,2026-09-28 06:41:04
2779,2779,85.0,GOOD,False,2026-09-28 06:41:04
2780,2780,85.0,GOOD,False,2026-09-28 06:41:04
2781,2781,85.0,GOOD,False,2026-09-28 06:41:04
2782,2782,85.0,GOOD,False,2026-09-28 06:41:04
2783,2783,85.0,GOOD,False,2026-09-28 06:41:04
2784,2784,85.0,GOOD,False,2026-09-28 06:41:04
2785,2785,85.0,GOOD,False,2026-09-28 06:41:04
2786,2786,85.0,GOOD,False,2026-09-28 06:41:04
2787,2787,85.0,GOOD,False,2026-09-28 06:41:04
2788,2788,85.0,GOOD,False,2026-09-28 06:41:04
2789,2789,85.0,GOOD,False,2026-09-28 06:41:04
2790,2790,85.0,GOOD,False,2026-09-28 06:41:04
2791,2791,85.0,GOOD,False,2026-09-28 06:41:04
2792,2792,85.0,GOOD,False,2026-09-28 06:41:04
2793,2793,85.0,GOOD,False,2026-09-28 06:41:04
2794,2794,85.0,GOOD,False,2026-09-28 06:41:04
2795,2795,85.0,GOOD,False,2026-09-28 06:41:04
2796,2796,85.0,GOOD,False,2026-09-28 06:41:04
2797,2797,85.0,GOOD,False,2026-09-28 06:41:04
2798,2798,85.0,GOOD,False,2026-09-28 06:41:04
2799,2799,85.0,GOOD,False,2026-09-28 06:41:04
2800,2800,85.0,GOOD,False,2026-09-28 06:41:04
2801,2801,85.0,GOOD,False,2026-09-28 06:41:04
2802,2802,85.0,GOOD,False,2026-09-28 06:41:04
2803,2803,85.0,GOOD,False,2026-09-28 06:41:04
2804,2804,85.0,GOOD,False,2026-09-28 06:41:04
2805,2805,85.0,GOOD,False,2026-09-28 06:41:04
2806,2806,85.0,GOOD,False,2026-09-28 06:41:04
2807,2807,85.0,GOOD,False,2026-09-28 06:41:04
2808,2808,85.0,GOOD,False,2026-09-28 06:41:04
2809,2809,85.0,GOOD,False,2026-09-28 06:41:04
2810,2810,85.0,GOOD,False,2026-09-28 06:41:04
2811,2811,85.0,GOOD,False,2026-09-28 06:41:04
2812,2812,85.0,GOOD,False,2026-09-28 06:41:04
2813,2813,85.0,GOOD,False,2026-09-28 06:41:04
2814,2814,85.0,GOOD,False,2026-09-28 06:41:04
2815,2815,85.0,GOOD,False,2026-09-28 06:41:04
2816,2816,85.0,GOOD,False,2026-09-28 06:41:04
2817,2817,85.0,GOOD,False,2026-09-28 06:41:04
2818,2818,85.0,GOOD,False,2026-09-28 06:41:04
2819,2819,85.0,GOOD,False,2026-09-28 06:41:04
2820,2820,85.0,GOOD,False,2026-09-28 06:41:04
2821,2821,85.0,GOOD,False,2026-09-28 06:41:04
2822,2822,85.0,GOOD,False,2026-09-28 06:41:04
2823,2823,85.0,GOOD,False,2026-09-28 06:41:04
2824,2824,85.0,GOOD,False,2026-09-28 06:41:04
2825,2825,85.0,GOOD,False,2026-09-28 06:41:04
2826,2826,85.0,GOOD,False,2026-09-28 06:41:04
2827,2827,85.0,GOOD,False,2026-09-28 06:41:04
2828,2828,85.0,GOOD,False,2026-09-28 06:41:04
2829,2829,85.0,GOOD,False,2026-09-28 06:41:04
2830,2830,85.0,GOOD,False,2026-09-28 06:41:04
2831,2831,85.0,GOOD,False,2026-09-28 06:41:04
2832,2832,85.0,GOOD,False,2026-09-28 06:41:04
2833,2833,85.0,GOOD,False,2026-09-28 06:41:04
2834,2834,85.0,GOOD,False,2026-09-28 06:41:04
2835,2835,85.0,GOOD,False,2026-09-28 06:41:04
2836,2836,85.0,GOOD,False,2026-09-28 06:41:04
2837,2837,85.0,GOOD,False,2026-09-28 06:41:04
2838,2838,85.0,GOOD,False,2026-09-28 06:41:04
2839,2839,85.0,GOOD,False,2026-09-28 06:41:04
2840,2840,85.0,GOOD,False,2026-09-28 06:41:04
2841,2841,85.0,GOOD,False,2026-09-28 06:41:04
2842,2842,85.0,GOOD,False,2026-09-28 06:41:04
2843,2843,85.0,GOOD,False,2026-09-28 06:41:04
2844,2844,85.0,GOOD,False,2026-09-28 06:41:04
2845,2845,85.0,GOOD,False,2026-09-28 06:41:04
2846,2846,85.0,GOOD,False,2026-09-28 06:41:04
2847,2847,85.0,GOOD,False,2026-09-28 06:41:04
2848,2848,85.0,GOOD,False,2026-09-28 06:41:04
2849,2849,85.0,GOOD,False,2026-09-28 06:41:04
2850,2850,85.0,GOOD,False,2026-09-28 06:41:04
2851,2851,85.0,GOOD,False,2026-09-28 06:41:04
2852,2852,85.0,GOOD,False,2026-09-28 06:41:04
2853,2853,85.0,GOOD,False,2026-09-28 06:41:04
2854,2854,85.0,GOOD,False,2026-09-28 06:41:04
2855,2855,85.0,GOOD,False,2026-09-28 06:41:04
2856,2856,85.0,GOOD,False,2026-09-28 06:41:04
2857,2857,85.0,GOOD,False,2026-09-28 06:41:04
2858,2858,85.0,GOOD,False,2026-09-28 06:41:04
2859,2859,85.0,GOOD,False,2026-09-28 06:41:04
2860,2860,85.0,GOOD,False,2026-09-28 06:41:04
2861,2861,85.0,GOOD,False,2026-09-28 06:41:04
2862,2862,85.0,GOOD,False,2026-09-28 06:41:04
2863,2863,85.0,GOOD,False,2026-09-28 06:41:04
2864,2864,85.0,GOOD,False,2026-09-28 06:41:04
2865,2865,85.0,GOOD,False,2026-09-28 06:41:04
2866,2866,85.0,GOOD,False,2026-09-28 06:41:04
2867,2867,85.0,GOOD,False,2026-09-28 06:41:04
2868,2868,85.0,GOOD,False,2026-09-28 06:41:04
2869,2869,85.0,GOOD,False,2026-09-28 06:41:04
2870,2870,85.0,GOOD,False,2026-09-28 06:41:04
2871,2871,85.0,GOOD,False,2026-09-28 06:41:04
2872,2872,85.0,GOOD,False,2026-09-28 06:41:04
2873,2873,85.0,GOOD,False,2026-09-28 06:41:04
2874,2874,85.0,GOOD,False,2026-09-28 06:41:04
2875,2875,85.0,GOOD,False,2026-09-28 06:41:04
2876,2876,85.0,GOOD,False,2026-09-28 06:41:04
2877,2877,85.0,GOOD,False,2026-09-28 06:41:04
2878,2878,85.0,GOOD,False,2026-09-28 06:41:04
2879,2879,85.0,GOOD,False,2026-09-28 06:41:04
2880,2880,85.0,GOOD,False,2026-09-28 06:41:04
2881,2881,85.0,GOOD,False,2026-09-28 06:41:04
2882,2882,85.0,GOOD,False,2026-09-28 06:41:04
2883,2883,85.0,GOOD,False,2026-09-28 06:41:04
2884,2884,85.0,GOOD,False,2026-09-28 06:41:04
2885,2885,85.0,GOOD,False,2026-09-28 06:41:04
2886,2886,85.0,GOOD,False,2026-09-28 06:41:04
2887,2887,85.0,GOOD,False,2026-09-28 06:41:04
2888,2888,85.0,GOOD,False,2026-09-28 06:41:04
2889,2889,85.0,GOOD,False,2026-09-28 06:41:04
2890,2890,85.0,GOOD,False,2026-09-28 06:41:04
2891,2891,85.0,GOOD,False,2026-09-28 06:41:04
2892,2892,85.0,GOOD,False,2026-09-28 06:41:04
2893,2893,85.0,GOOD,False,2026-09-28 06:41:04
2894,2894,85.0,GOOD,False,2026-09-28 06:41:04
2895,2895,85.0,GOOD,False,2026-09-28 06:41:04
2896,2896,85.0,GOOD,False,2026-09-28 06:41:04
2897,2897,85.0,GOOD,False,2026-09-28 06:41:04
2898,2898,85.0,GOOD,False,2026-09-28 06:41:04
2899,2899,85.0,GOOD,False,2026-09-28 06:41:04
2900,2900,85.0,GOOD,False,2026-09-28 06:41:04
2901,2901,85.0,GOOD,False,2026-09-28 06:41:04
2902,2902,85.0,GOOD,False,2026-09-28 06:41:04
2903,2903,85.0,GOOD,False,2026-09-28 06:41:04
2904,2904,85.0,GOOD,False,2026-09-28 06:41:04
2905,2905,85.0,GOOD,False,2026-09-28 06:41:04
2906,2906,85.0,GOOD,False,2026-09-28 06:41:04
2907,2907,85.0,GOOD,False,2026-09-28 06:41:04
2908,2908,85.0,GOOD,False,2026-09-28 06:41:04
2909,2909,85.0,GOOD,False,2026-09-28 06:41:04
2910,2910,85.0,GOOD,False,2026-09-28 06:41:04
2911,2911,85.0,GOOD,False,2026-09-28 06:41:04
2912,2912,85.0,GOOD,False,2026-09-28 06:41:04
2913,2913,85.0,GOOD,False,2026-09-28 06:41:04
2914,2914,85.0,GOOD,False,2026-09-28 06:41:04
2915,2915,85.0,GOOD,False,2026-09-28 06:41:04
2916,2916,85.0,GOOD,False,2026-09-28 06:41:04
2917,2917,85.0,GOOD,False,2026-09-28 06:41:04
2918,2918,85.0,GOOD,False,2026-09-28 06:41:04
2919,2919,85.0,GOOD,False,2026-09-28 06:41:04
2920,2920,85.0,GOOD,False,2026-09-28 06:41:04
2921,2921,85.0,GOOD,False,2026-09-28 06:41:04
2922,2922,85.0,GOOD,False,2026-09-28 06:41:04
2923,2923,85.0,GOOD,False,2026-09-28 06:41:04
2924,2924,85.0,GOOD,False,2026-09-28 06:41:04
2925,2925,85.0,GOOD,False,2026-09-28 06:41:04
2926,2926,85.0,GOOD,False,2026-09-28 06:41:04
2927,2927,85.0,GOOD,False,2026-09-28 06:41:04
2928,2928,85.0,GOOD,False,2026-09-28 06:41:04
2929,2929,85.0,GOOD,False,2026-09-28 06:41:04
2930,2930,85.0,GOOD,False,2026-09-28 06:41:04
2931,2931,85.0,GOOD,False,2026-09-28 06:41:04
2932,2932,85.0,GOOD,False,2026-09-28 06:41:04
2933,2933,85.0,GOOD,False,2026-09-28 06:41:04
2934,2934,85.0,GOOD,False,2026-09-28 06:41:04
2935,2935,85.0,GOOD,False,2026-09-28 06:41:04
2936,2936,85.0,GOOD,False,2026-09-28 06:41:04
2937,2937,85.0,GOOD,False,2026-09-28 06:41:04
2938,2938,85.0,GOOD,False,2026-09-28 06:41:04
2939,2939,85.0,GOOD,False,2026-09-28 06:41:04
2940,2940,85.0,GOOD,False,2026-09-28 06:41:04
2941,2941,85.0,GOOD,False,2026-09-28 06:41:04
2942,2942,85.0,GOOD,False,2026-09-28 06:41:04
2943,2943,85.0,GOOD,False,2026-09-28 06:41:04
2944,2944,85.0,GOOD,False,2026-09-28 06:41:04
2945,2945,85.0,GOOD,False,2026-09-28 06:41:04
2946,2946,85.0,GOOD,False,2026-09-28 06:41:04
2947,2947,85.0,GOOD,False,2026-09-28 06:41:04
2948,2948,85.0,GOOD,False,2026-09-28 06:41:04
2949,2949,85.0,GOOD,False,2026-09-28 06:41:04
2950,2950,85.0,GOOD,False,2026-09-28 06:41:04
2951,2951,85.0,GOOD,False,2026-09-28 06:41:04
2952,2952,85.0,GOOD,False,2026-09-28 06:41:04
2953,2953,85.0,GOOD,False,2026-09-28 06:41:04
2954,2954,85.0,GOOD,False,2026-09-28 06:41:04
2955,2955,85.0,GOOD,False,2026-09-28 06:41:04
2956,2956,85.0,GOOD,False,2026-09-28 06:41:04
2957,2957,85.0,GOOD,False,2026-09-28 06:41:04
2958,2958,85.0,GOOD,False,2026-09-28 06:41:04
2959,2959,85.0,GOOD,False,2026-09-28 06:41:04
2960,2960,85.0,GOOD,False,2026-09-28 06:41:04
2961,2961,85.0,GOOD,False,2026-09-28 06:41:04
2962,2962,85.0,GOOD,False,2026-09-28 06:41:04
2963,2963,85.0,GOOD,False,2026-09-28 06:41:04
2964,2964,85.0,GOOD,False,2026-09-28 06:41:04
2965,2965,85.0,GOOD,False,2026-09-28 06:41:04
2966,2966,85.0,GOOD,False,2026-09-28 06:41:04
2967,2967,85.0,GOOD,False,2026-09-28 06:41:04
2968,2968,85.0,GOOD,False,2026-09-28 06:41:04
2969,2969,85.0,GOOD,False,2026-09-28 06:41:04
2970,2970,85.0,GOOD,False,2026-09-28 06:41:04
2971,2971,85.0,GOOD,False,2026-09-28 06:41:04
2972,2972,85.0,GOOD,False,2026-09-28 06:41:04
2973,2973,85.0,GOOD,False,2026-09-28 06:41:04
2974,2974,85.0,GOOD,False,2026-09-28 06:41:04
2975,2975,85.0,GOOD,False,2026-09-28 06:41:04
2976,2976,85.0,GOOD,False,2026-09-28 06:41:04
2977,2977,85.0,GOOD,False,2026-09-28 06:41:04
2978,2978,85.0,GOOD,False,2026-09-28 06:41:04
2979,2979,85.0,GOOD,False,2026-09-28 06:41:04
2980,2980,85.0,GOOD,False,2026-09-28 06:41:04
2981,2981,85.0,GOOD,False,2026-09-28 06:41:04
2982,2982,85.0,GOOD,False,2026-09-28 06:41:04
2983,2983,85.0,GOOD,False,2026-09-28 06:41:04
2984,2984,85.0,GOOD,False,2026-09-28 06:41:04
2985,2985,85.0,GOOD,False,2026-09-28 06:41:04
2986,2986,85.0,GOOD,False,2026-09-28 06:41:04
2987,2987,85.0,GOOD,False,2026-09-28 06:41:04
2988,2988,85.0,GOOD,False,2026-09-28 06:41:04
2989,2989,85.0,GOOD,False,2026-09-28 06:41:04
2990,2990,85.0,GOOD,False,2026-09-28 06:41:04
2991,2991,85.0,GOOD,False,2026-09-28 06:41:04
2992,2992,85.0,GOOD,False,2026-09-28 06:41:04
2993,2993,85.0,GOOD,False,2026-09-28 06:41:04
2994,2994,85.0,GOOD,False,2026-09-28 06:41:04
2995,2995,85.0,GOOD,False,2026-09-28 06:41:04
2996,2996,85.0,GOOD,False,2026-09-28 06:41:04
2997,2997,85.0,GOOD,False,2026-09-28 06:41:04
2998,2998,85.0,GOOD,False,2026-09-28 06:41:04
2999,2999,85.0,GOOD,False,2026-09-28 06:41:04
3000,3000,85.0,GOOD,False,2026-09-28 06:41:04
3001,3001,85.0,GOOD,False,2026-09-28 06:41:04
3002,3002,85.0,GOOD,False,2026-09-28 06:41:04
3003,3003,85.0,GOOD,False,2026-09-28 06:41:04
3004,3004,85.0,GOOD,False,2026-09-28 06:41:04
3005,3005,85.0,GOOD,False,2026-09-28 06:41:04
3006,3006,85.0,GOOD,False,2026-09-28 06:41:04
3007,3007,85.0,GOOD,False,2026-09-28 06:41:04
3008,3008,85.0,GOOD,False,2026-09-28 06:41:04
3009,3009,85.0,GOOD,False,2026-09-28 06:41:04
3010,3010,85.0,GOOD,False,2026-09-28 06:41:04
3011,3011,85.0,GOOD,False,2026-09-28 06:41:04
3012,3012,85.0,GOOD,False,2026-09-28 06:41:04
3013,3013,85.0,GOOD,False,2026-09-28 06:41:04
3014,3014,85.0,GOOD,False,2026-09-28 06:41:04
3015,3015,85.0,GOOD,False,2026-09-28 06:41:04
3016,3016,85.0,GOOD,False,2026-09-28 06:41:04
3017,3017,85.0,GOOD,False,2026-09-28 06:41:04
3018,3018,85.0,GOOD,False,2026-09-28 06:41:04
3019,3019,85.0,GOOD,False,2026-09-28 06:41:04
3020,3020,85.0,GOOD,False,2026-09-28 06:41:04
3021,3021,85.0,GOOD,False,2026-09-28 06:41:04
3022,3022,85.0,GOOD,False,2026-09-28 06:41:04
3023,3023,85.0,GOOD,False,2026-09-28 06:41:04
3024,3024,85.0,GOOD,False,2026-09-28 06:41:04
3025,3025,85.0,GOOD,False,2026-09-28 06:41:04
3026,3026,85.0,GOOD,False,2026-09-28 06:41:04
3027,3027,85.0,GOOD,False,2026-09-28 06:41:04
3028,3028,85.0,GOOD,False,2026-09-28 06:41:04
3029,3029,85.0,GOOD,False,2026-09-28 06:41:04
3030,3030,85.0,GOOD,False,2026-09-28 06:41:04
3031,3031,85.0,GOOD,False,2026-09-28 06:41:04
3032,3032,85.0,GOOD,False,2026-09-28 06:41:04
3033,3033,85.0,GOOD,False,2026-09-28 06:41:04
3034,3034,85.0,GOOD,False,2026-09-28 06:41:04
3035,3035,85.0,GOOD,False,2026-09-28 06:41:04
3036,3036,85.0,GOOD,False,2026-09-28 06:41:04
3037,3037,85.0,GOOD,False,2026-09-28 06:41:04
3038,3038,85.0,GOOD,False,2026-09-28 06:41:04
3039,3039,85.0,GOOD,False,2026-09-28 06:41:04
3040,3040,85.0,GOOD,False,2026-09-28 06:41:04
3041,3041,85.0,GOOD,False,2026-09-28 06:41:04
3042,3042,85.0,GOOD,False,2026-09-28 06:41:04
3043,3043,85.0,GOOD,False,2026-09-28 06:41:04
3044,3044,85.0,GOOD,False,2026-09-28 06:41:04
3045,3045,85.0,GOOD,False,2026-09-28 06:41:04
3046,3046,85.0,GOOD,False,2026-09-28 06:41:04
3047,3047,85.0,GOOD,False,2026-09-28 06:41:04
3048,3048,85.0,GOOD,False,2026-09-28 06:41:04
3049,3049,85.0,GOOD,False,2026-09-28 06:41:04
3050,3050,85.0,GOOD,False,2026-09-28 06:41:04
3051,3051,85.0,GOOD,False,2026-09-28 06:41:04
3052,3052,85.0,GOOD,False,2026-09-28 06:41:04
3053,3053,85.0,GOOD,False,2026-09-28 06:41:04
3054,3054,85.0,GOOD,False,2026-09-28 06:41:04
3055,3055,85.0,GOOD,False,2026-09-28 06:41:04
3056,3056,85.0,GOOD,False,2026-09-28 06:41:04
3057,3057,85.0,GOOD,False,2026-09-28 06:41:04
3058,3058,85.0,GOOD,False,2026-09-28 06:41:04
3059,3059,85.0,GOOD,False,2026-09-28 06:41:04
3060,3060,85.0,GOOD,False,2026-09-28 06:41:04
3061,3061,85.0,GOOD,False,2026-09-28 06:41:04
3062,3062,85.0,GOOD,False,2026-09-28 06:41:04
3063,3063,85.0,GOOD,False,2026-09-28 06:41:04
3064,3064,85.0,GOOD,False,2026-09-28 06:41:04
3065,3065,85.0,GOOD,False,2026-09-28 06:41:04
3066,3066,85.0,GOOD,False,2026-09-28 06:41:04
3067,3067,85.0,GOOD,False,2026-09-28 06:41:04
3068,3068,85.0,GOOD,False,2026-09-28 06:41:04
3069,3069,85.0,GOOD,False,2026-09-28 06:41:04
3070,3070,85.0,GOOD,False,2026-09-28 06:41:04
3071,3071,85.0,GOOD,False,2026-09-28 06:41:04
3072,3072,85.0,GOOD,False,2026-09-28 06:41:04
3073,3073,85.0,GOOD,False,2026-09-28 06:41:04
3074,3074,85.0,GOOD,False,2026-09-28 06:41:04
3075,3075,85.0,GOOD,False,2026-09-28 06:41:04
3076,3076,85.0,GOOD,False,2026-09-28 06:41:04
3077,3077,85.0,GOOD,False,2026-09-28 06:41:04
3078,3078,85.0,GOOD,False,2026-09-28 06:41:04
3079,3079,85.0,GOOD,False,2026-09-28 06:41:04
3080,3080,85.0,GOOD,False,2026-09-28 06:41:04
3081,3081,85.0,GOOD,False,2026-09-28 06:41:04
3082,3082,85.0,GOOD,False,2026-09-28 06:41:04
3083,3083,85.0,GOOD,False,2026-09-28 06:41:04
3084,3084,85.0,GOOD,False,2026-09-28 06:41:04
3085,3085,85.0,GOOD,False,2026-09-28 06:41:04
3086,3086,85.0,GOOD,False,2026-09-28 06:41:04
3087,3087,85.0,GOOD,False,2026-09-28 06:41:04
3088,3088,85.0,GOOD,False,2026-09-28 06:41:04
3089,3089,85.0,GOOD,False,2026-09-28 06:41:04
3090,3090,85.0,GOOD,False,2026-09-28 06:41:04
3091,3091,85.0,GOOD,False,2026-09-28 06:41:04
3092,3092,85.0,GOOD,False,2026-09-28 06:41:04
3093,3093,85.0,GOOD,False,2026-09-28 06:41:04
3094,3094,85.0,GOOD,False,2026-09-28 06:41:04
3095,3095,85.0,GOOD,False,2026-09-28 06:41:04
3096,3096,85.0,GOOD,False,2026-09-28 06:41:04
3097,3097,85.0,GOOD,False,2026-09-28 06:41:04
3098,3098,85.0,GOOD,False,2026-09-28 06:41:04
3099,3099,85.0,GOOD,False,2026-09-28 06:41:04
3100,3100,85.0,GOOD,False,2026-09-28 06:41:04
3101,3101,85.0,GOOD,False,2026-09-28 06:41:04
3102,3102,85.0,GOOD,False,2026-09-28 06:41:04
3103,3103,85.0,GOOD,False,2026-09-28 06:41:04
3104,3104,85.0,GOOD,False,2026-09-28 06:41:04
3105,3105,85.0,GOOD,False,2026-09-28 06:41:04
3106,3106,85.0,GOOD,False,2026-09-28 06:41:04
3107,3107,85.0,GOOD,False,2026-09-28 06:41:04
3108,3108,85.0,GOOD,False,2026-09-28 06:41:04
3109,3109,85.0,GOOD,False,2026-09-28 06:41:04
3110,3110,85.0,GOOD,False,2026-09-28 06:41:04
3111,3111,85.0,GOOD,False,2026-09-28 06:41:04
3112,3112,85.0,GOOD,False,2026-09-28 06:41:04
3113,3113,85.0,GOOD,False,2026-09-28 06:41:04
3114,3114,85.0,GOOD,False,2026-09-28 06:41:04
3115,3115,85.0,GOOD,False,2026-09-28 06:41:04
3116,3116,85.0,GOOD,False,2026-09-28 06:41:04
3117,3117,85.0,GOOD,False,2026-09-28 06:41:04
3118,3118,85.0,GOOD,False,2026-09-28 06:41:04
3119,3119,85.0,GOOD,False,2026-09-28 06:41:04
3120,3120,85.0,GOOD,False,2026-09-28 06:41:04
3121,3121,85.0,GOOD,False,2026-09-28 06:41:04
3122,3122,85.0,GOOD,False,2026-09-28 06:41:04
3123,3123,85.0,GOOD,False,2026-09-28 06:41:04
3124,3124,85.0,GOOD,False,2026-09-28 06:41:04
3125,3125,85.0,GOOD,False,2026-09-28 06:41:04
3126,3126,85.0,GOOD,False,2026-09-28 06:41:04
3127,3127,85.0,GOOD,False,2026-09-28 06:41:04
3128,3128,85.0,GOOD,False,2026-09-28 06:41:04
3129,3129,85.0,GOOD,False,2026-09-28 06:41:04
3130,3130,85.0,GOOD,False,2026-09-28 06:41:04
3131,3131,85.0,GOOD,False,2026-09-28 06:41:04
3132,3132,85.0,GOOD,False,2026-09-28 06:41:04
3133,3133,85.0,GOOD,False,2026-09-28 06:41:04
3134,3134,85.0,GOOD,False,2026-09-28 06:41:04
3135,3135,85.0,GOOD,False,2026-09-28 06:41:04
3136,3136,85.0,GOOD,False,2026-09-28 06:41:04
3137,3137,85.0,GOOD,False,2026-09-28 06:41:04
3138,3138,85.0,GOOD,False,2026-09-28 06:41:04
3139,3139,85.0,GOOD,False,2026-09-28 06:41:04
3140,3140,85.0,GOOD,False,2026-09-28 06:41:04
3141,3141,85.0,GOOD,False,2026-09-28 06:41:04
3142,3142,85.0,GOOD,False,2026-09-28 06:41:04
3143,3143,85.0,GOOD,False,2026-09-28 06:41:04
3144,3144,85.0,GOOD,False,2026-09-28 06:41:04
3145,3145,85.0,GOOD,False,2026-09-28 06:41:04
3146,3146,85.0,GOOD,False,2026-09-28 06:41:04
3147,3147,85.0,GOOD,False,2026-09-28 06:41:04
3148,3148,85.0,GOOD,False,2026-09-28 06:41:04
3149,3149,85.0,GOOD,False,2026-09-28 06:41:04
3150,3150,85.0,GOOD,False,2026-09-28 06:41:04
3151,3151,85.0,GOOD,False,2026-09-28 06:41:04
3152,3152,85.0,GOOD,False,2026-09-28 06:41:04
3153,3153,85.0,GOOD,False,2026-09-28 06:41:04
3154,3154,85.0,GOOD,False,2026-09-28 06:41:04
3155,3155,85.0,GOOD,False,2026-09-28 06:41:04
3156,3156,85.0,GOOD,False,2026-09-28 06:41:04
3157,3157,85.0,GOOD,False,2026-09-28 06:41:04
3158,3158,85.0,GOOD,False,2026-09-28 06:41:04
3159,3159,85.0,GOOD,False,2026-09-28 06:41:04
3160,3160,85.0,GOOD,False,2026-09-28 06:41:04
3161,3161,85.0,GOOD,False,2026-09-28 06:41:04
3162,3162,85.0,GOOD,False,2026-09-28 06:41:04
3163,3163,85.0,GOOD,False,2026-09-28 06:41:04
3164,3164,85.0,GOOD,False,2026-09-28 06:41:04
3165,3165,85.0,GOOD,False,2026-09-28 06:41:04
3166,3166,85.0,GOOD,False,2026-09-28 06:41:04
3167,3167,85.0,GOOD,False,2026-09-28 06:41:04
3168,3168,85.0,GOOD,False,2026-09-28 06:41:04
3169,3169,85.0,GOOD,False,2026-09-28 06:41:04
3170,3170,85.0,GOOD,False,2026-09-28 06:41:04
3171,3171,85.0,GOOD,False,2026-09-28 06:41:04
3172,3172,85.0,GOOD,False,2026-09-28 06:41:04
3173,3173,85.0,GOOD,False,2026-09-28 06:41:04
3174,3174,85.0,GOOD,False,2026-09-28 06:41:04
3175,3175,85.0,GOOD,False,2026-09-28 06:41:04
3176,3176,85.0,GOOD,False,2026-09-28 06:41:04
3177,3177,85.0,GOOD,False,2026-09-28 06:41:04
3178,3178,85.0,GOOD,False,2026-09-28 06:41:04
3179,3179,85.0,GOOD,False,2026-09-28 06:41:04
3180,3180,85.0,GOOD,False,2026-09-28 06:41:04
3181,3181,85.0,GOOD,False,2026-09-28 06:41:04
3182,3182,85.0,GOOD,False,2026-09-28 06:41:04
3183,3183,85.0,GOOD,False,2026-09-28 06:41:04
3184,3184,85.0,GOOD,False,2026-09-28 06:41:04
3185,3185,85.0,GOOD,False,2026-09-28 06:41:04
3186,3186,85.0,GOOD,False,2026-09-28 06:41:04
3187,3187,85.0,GOOD,False,2026-09-28 06:41:04
3188,3188,85.0,GOOD,False,2026-09-28 06:41:04
3189,3189,85.0,GOOD,False,2026-09-28 06:41:04
3190,3190,85.0,GOOD,False,2026-09-28 06:41:04
3191,3191,85.0,GOOD,False,2026-09-28 06:41:04
3192,3192,85.0,GOOD,False,2026-09-28 06:41:04
3193,3193,85.0,GOOD,False,2026-09-28 06:41:04
3194,3194,85.0,GOOD,False,2026-09-28 06:41:04
3195,3195,85.0,GOOD,False,2026-09-28 06:41:04
3196,3196,85.0,GOOD,False,2026-09-28 06:41:04
3197,3197,85.0,GOOD,False,2026-09-28 06:41:04
3198,3198,85.0,GOOD,False,2026-09-28 06:41:04
3199,3199,85.0,GOOD,False,2026-09-28 06:41:04
3200,3200,85.0,GOOD,False,2026-09-28 06:41:04
3201,3201,85.0,GOOD,False,2026-09-28 06:41:04
3202,3202,85.0,GOOD,False,2026-09-28 06:41:04
3203,3203,85.0,GOOD,False,2026-09-28 06:41:04
3204,3204,85.0,GOOD,False,2026-09-28 06:41:04
3205,3205,85.0,GOOD,False,2026-09-28 06:41:04
3206,3206,85.0,GOOD,False,2026-09-28 06:41:04
3207,3207,85.0,GOOD,False,2026-09-28 06:41:04
3208,3208,85.0,GOOD,False,2026-09-28 06:41:04
3209,3209,85.0,GOOD,False,2026-09-28 06:41:04
3210,3210,85.0,GOOD,False,2026-09-28 06:41:04
3211,3211,85.0,GOOD,False,2026-09-28 06:41:04
3212,3212,85.0,GOOD,False,2026-09-28 06:41:04
3213,3213,85.0,GOOD,False,2026-09-28 06:41:04
3214,3214,85.0,GOOD,False,2026-09-28 06:41:04
3215,3215,85.0,GOOD,False,2026-09-28 06:41:04
3216,3216,85.0,GOOD,False,2026-09-28 06:41:04
3217,3217,85.0,GOOD,False,2026-09-28 06:41:04
3218,3218,85.0,GOOD,False,2026-09-28 06:41:04
3219,3219,85.0,GOOD,False,2026-09-28 06:41:04
3220,3220,85.0,GOOD,False,2026-09-28 06:41:04
3221,3221,85.0,GOOD,False,2026-09-28 06:41:04
3222,3222,85.0,GOOD,False,2026-09-28 06:41:04
3223,3223,85.0,GOOD,False,2026-09-28 06:41:04
3224,3224,85.0,GOOD,False,2026-09-28 06:41:04
3225,3225,85.0,GOOD,False,2026-09-28 06:41:04
3226,3226,85.0,GOOD,False,2026-09-28 06:41:04
3227,3227,85.0,GOOD,False,2026-09-28 06:41:04
3228,3228,85.0,GOOD,False,2026-09-28 06:41:04
3229,3229,85.0,GOOD,False,2026-09-28 06:41:04
3230,3230,85.0,GOOD,False,2026-09-28 06:41:04
3231,3231,85.0,GOOD,False,2026-09-28 06:41:04
3232,3232,85.0,GOOD,False,2026-09-28 06:41:04
3233,3233,85.0,GOOD,False,2026-09-28 06:41:04
3234,3234,85.0,GOOD,False,2026-09-28 06:41:04
3235,3235,85.0,GOOD,False,2026-09-28 06:41:04
3236,3236,85.0,GOOD,False,2026-09-28 06:41:04
3237,3237,85.0,GOOD,False,2026-09-28 06:41:04
3238,3238,85.0,GOOD,False,2026-09-28 06:41:04
3239,3239,85.0,GOOD,False,2026-09-28 06:41:04
3240,3240,85.0,GOOD,False,2026-09-28 06:41:04
3241,3241,85.0,GOOD,False,2026-09-28 06:41:04
3242,3242,85.0,GOOD,False,2026-09-28 06:41:04
3243,3243,85.0,GOOD,False,2026-09-28 06:41:04
3244,3244,85.0,GOOD,False,2026-09-28 06:41:04
3245,3245,85.0,GOOD,False,2026-09-28 06:41:04
3246,3246,85.0,GOOD,False,2026-09-28 06:41:04
3247,3247,85.0,GOOD,False,2026-09-28 06:41:04
3248,3248,85.0,GOOD,False,2026-09-28 06:41:04
3249,3249,85.0,GOOD,False,2026-09-28 06:41:04
3250,3250,85.0,GOOD,False,2026-09-28 06:41:04
3251,3251,85.0,GOOD,False,2026-09-28 06:41:04
3252,3252,85.0,GOOD,False,2026-09-28 06:41:04
3253,3253,85.0,GOOD,False,2026-09-28 06:41:04
3254,3254,85.0,GOOD,False,2026-09-28 06:41:04
3255,3255,85.0,GOOD,False,2026-09-28 06:41:04
3256,3256,85.0,GOOD,False,2026-09-28 06:41:04
3257,3257,85.0,GOOD,False,2026-09-28 06:41:04
3258,3258,85.0,GOOD,False,2026-09-28 06:41:04
3259,3259,85.0,GOOD,False,2026-09-28 06:41:04
3260,3260,85.0,GOOD,False,2026-09-28 06:41:04
3261,3261,85.0,GOOD,False,2026-09-28 06:41:04
3262,3262,85.0,GOOD,False,2026-09-28 06:41:04
3263,3263,85.0,GOOD,False,2026-09-28 06:41:04
3264,3264,85.0,GOOD,False,2026-09-28 06:41:04
3265,3265,85.0,GOOD,False,2026-09-28 06:41:04
3266,3266,85.0,GOOD,False,2026-09-28 06:41:04
3267,3267,85.0,GOOD,False,2026-09-28 06:41:04
3268,3268,85.0,GOOD,False,2026-09-28 06:41:04
3269,3269,85.0,GOOD,False,2026-09-28 06:41:04
3270,3270,85.0,GOOD,False,2026-09-28 06:41:04
3271,3271,85.0,GOOD,False,2026-09-28 06:41:04
3272,3272,85.0,GOOD,False,2026-09-28 06:41:04
3273,3273,85.0,GOOD,False,2026-09-28 06:41:04
3274,3274,85.0,GOOD,False,2026-09-28 06:41:04
3275,3275,85.0,GOOD,False,2026-09-28 06:41:04
3276,3276,85.0,GOOD,False,2026-09-28 06:41:04
3277,3277,85.0,GOOD,False,2026-09-28 06:41:04
3278,3278,85.0,GOOD,False,2026-09-28 06:41:04
3279,3279,85.0,GOOD,False,2026-09-28 06:41:04
3280,3280,85.0,GOOD,False,2026-09-28 06:41:04
3281,3281,85.0,GOOD,False,2026-09-28 06:41:04
3282,3282,85.0,GOOD,False,2026-09-28 06:41:04
3283,3283,85.0,GOOD,False,2026-09-28 06:41:04
3284,3284,85.0,GOOD,False,2026-09-28 06:41:04
3285,3285,85.0,GOOD,False,2026-09-28 06:41:04
3286,3286,85.0,GOOD,False,2026-09-28 06:41:04
3287,3287,85.0,GOOD,False,2026-09-28 06:41:04
3288,3288,85.0,GOOD,False,2026-09-28 06:41:04
3289,3289,85.0,GOOD,False,2026-09-28 06:41:04
3290,3290,85.0,GOOD,False,2026-09-28 06:41:04
3291,3291,85.0,GOOD,False,2026-09-28 06:41:04
3292,3292,85.0,GOOD,False,2026-09-28 06:41:04
3293,3293,85.0,GOOD,False,2026-09-28 06:41:04
3294,3294,85.0,GOOD,False,2026-09-28 06:41:04
3295,3295,85.0,GOOD,False,2026-09-28 06:41:04
3296,3296,85.0,GOOD,False,2026-09-28 06:41:04
3297,3297,85.0,GOOD,False,2026-09-28 06:41:04
3298,3298,85.0,GOOD,False,2026-09-28 06:41:04
3299,3299,85.0,GOOD,False,2026-09-28 06:41:04
3300,3300,85.0,GOOD,False,2026-09-28 06:41:04
3301,3301,85.0,GOOD,False,2026-09-28 06:41:04
3302,3302,85.0,GOOD,False,2026-09-28 06:41:04
3303,3303,85.0,GOOD,False,2026-09-28 06:41:04
3304,3304,85.0,GOOD,False,2026-09-28 06:41:04
3305,3305,85.0,GOOD,False,2026-09-28 06:41:04
3306,3306,85.0,GOOD,False,2026-09-28 06:41:04
3307,3307,85.0,GOOD,False,2026-09-28 06:41:04
3308,3308,85.0,GOOD,False,2026-09-28 06:41:04
3309,3309,85.0,GOOD,False,2026-09-28 06:41:04
3310,3310,85.0,GOOD,False,2026-09-28 06:41:04
3311,3311,85.0,GOOD,False,2026-09-28 06:41:04
3312,3312,85.0,GOOD,False,2026-09-28 06:41:04
3313,3313,85.0,GOOD,False,2026-09-28 06:41:04
3314,3314,85.0,GOOD,False,2026-09-28 06:41:04
3315,3315,85.0,GOOD,False,2026-09-28 06:41:04
3316,3316,85.0,GOOD,False,2026-09-28 06:41:04
3317,3317,85.0,GOOD,False,2026-09-28 06:41:04
3318,3318,85.0,GOOD,False,2026-09-28 06:41:04
3319,3319,85.0,GOOD,False,2026-09-28 06:41:04
3320,3320,85.0,GOOD,False,2026-09-28 06:41:04
3321,3321,85.0,GOOD,False,2026-09-28 06:41:04
3322,3322,85.0,GOOD,False,2026-09-28 06:41:04
3323,3323,85.0,GOOD,False,2026-09-28 06:41:04
3324,3324,85.0,GOOD,False,2026-09-28 06:41:04
3325,3325,85.0,GOOD,False,2026-09-28 06:41:04
3326,3326,85.0,GOOD,False,2026-09-28 06:41:04
3327,3327,85.0,GOOD,False,2026-09-28 06:41:04
3328,3328,85.0,GOOD,False,2026-09-28 06:41:04
3329,3329,85.0,GOOD,False,2026-09-28 06:41:04
3330,3330,85.0,GOOD,False,2026-09-28 06:41:04
3331,3331,85.0,GOOD,False,2026-09-28 06:41:04
3332,3332,85.0,GOOD,False,2026-09-28 06:41:04
3333,3333,85.0,GOOD,False,2026-09-28 06:41:04
3334,3334,85.0,GOOD,False,2026-09-28 06:41:04
3335,3335,85.0,GOOD,False,2026-09-28 06:41:04
3336,3336,85.0,GOOD,False,2026-09-28 06:41:04
3337,3337,85.0,GOOD,False,2026-09-28 06:41:04
3338,3338,85.0,GOOD,False,2026-09-28 06:41:04
3339,3339,85.0,GOOD,False,2026-09-28 06:41:04
3340,3340,85.0,GOOD,False,2026-09-28 06:41:04
3341,3341,85.0,GOOD,False,2026-09-28 06:41:04
3342,3342,85.0,GOOD,False,2026-09-28 06:41:04
3343,3343,85.0,GOOD,False,2026-09-28 06:41:04
3344,3344,85.0,GOOD,False,2026-09-28 06:41:04
3345,3345,85.0,GOOD,False,2026-09-28 06:41:04
3346,3346,85.0,GOOD,False,2026-09-28 06:41:04
3347,3347,85.0,GOOD,False,2026-09-28 06:41:04
3348,3348,85.0,GOOD,False,2026-09-28 06:41:04
3349,3349,85.0,GOOD,False,2026-09-28 06:41:04
3350,3350,85.0,GOOD,False,2026-09-28 06:41:04
3351,3351,85.0,GOOD,False,2026-09-28 06:41:04
3352,3352,85.0,GOOD,False,2026-09-28 06:41:04
3353,3353,85.0,GOOD,False,2026-09-28 06:41:04
3354,3354,85.0,GOOD,False,2026-09-28 06:41:04
3355,3355,85.0,GOOD,False,2026-09-28 06:41:04
3356,3356,85.0,GOOD,False,2026-09-28 06:41:04
3357,3357,85.0,GOOD,False,2026-09-28 06:41:04
3358,3358,85.0,GOOD,False,2026-09-28 06:41:04
3359,3359,85.0,GOOD,False,2026-09-28 06:41:04
3360,3360,85.0,GOOD,False,2026-09-28 06:41:04
3361,3361,85.0,GOOD,False,2026-09-28 06:41:04
3362,3362,85.0,GOOD,False,2026-09-28 06:41:04
3363,3363,85.0,GOOD,False,2026-09-28 06:41:04
3364,3364,85.0,GOOD,False,2026-09-28 06:41:04
3365,3365,85.0,GOOD,False,2026-09-28 06:41:04
3366,3366,85.0,GOOD,False,2026-09-28 06:41:04
3367,3367,85.0,GOOD,False,2026-09-28 06:41:04
3368,3368,85.0,GOOD,False,2026-09-28 06:41:04
3369,3369,85.0,GOOD,False,2026-09-28 06:41:04
3370,3370,85.0,GOOD,False,2026-09-28 06:41:04
3371,3371,85.0,GOOD,False,2026-09-28 06:41:04
3372,3372,85.0,GOOD,False,2026-09-28 06:41:04
3373,3373,85.0,GOOD,False,2026-09-28 06:41:04
3374,3374,85.0,GOOD,False,2026-09-28 06:41:04
3375,3375,85.0,GOOD,False,2026-09-28 06:41:04
3376,3376,85.0,GOOD,False,2026-09-28 06:41:04
3377,3377,85.0,GOOD,False,2026-09-28 06:41:04
3378,3378,85.0,GOOD,False,2026-09-28 06:41:04
3379,3379,85.0,GOOD,False,2026-09-28 06:41:04
3380,3380,85.0,GOOD,False,2026-09-28 06:41:04
3381,3381,85.0,GOOD,False,2026-09-28 06:41:04
3382,3382,85.0,GOOD,False,2026-09-28 06:41:04
3383,3383,85.0,GOOD,False,2026-09-28 06:41:04
3384,3384,85.0,GOOD,False,2026-09-28 06:41:04
3385,3385,85.0,GOOD,False,2026-09-28 06:41:04
3386,3386,85.0,GOOD,False,2026-09-28 06:41:04
3387,3387,85.0,GOOD,False,2026-09-28 06:41:04
3388,3388,85.0,GOOD,False,2026-09-28 06:41:04
3389,3389,85.0,GOOD,False,2026-09-28 06:41:04
3390,3390,85.0,GOOD,False,2026-09-28 06:41:04
3391,3391,85.0,GOOD,False,2026-09-28 06:41:04
3392,3392,85.0,GOOD,False,2026-09-28 06:41:04
3393,3393,85.0,GOOD,False,2026-09-28 06:41:04
3394,3394,85.0,GOOD,False,2026-09-28 06:41:04
3395,3395,85.0,GOOD,False,2026-09-28 06:41:04
3396,3396,85.0,GOOD,False,2026-09-28 06:41:04
3397,3397,85.0,GOOD,False,2026-09-28 06:41:04
3398,3398,85.0,GOOD,False,2026-09-28 06:41:04
3399,3399,85.0,GOOD,False,2026-09-28 06:41:04
3400,3400,85.0,GOOD,False,2026-09-28 06:41:04
3401,3401,85.0,GOOD,False,2026-09-28 06:41:04
3402,3402,85.0,GOOD,False,2026-09-28 06:41:04
3403,3403,85.0,GOOD,False,2026-09-28 06:41:04
3404,3404,85.0,GOOD,False,2026-09-28 06:41:04
3405,3405,85.0,GOOD,False,2026-09-28 06:41:04
3406,3406,85.0,GOOD,False,2026-09-28 06:41:04
3407,3407,85.0,GOOD,False,2026-09-28 06:41:04
3408,3408,85.0,GOOD,False,2026-09-28 06:41:04
3409,3409,85.0,GOOD,False,2026-09-28 06:41:04
3410,3410,85.0,GOOD,False,2026-09-28 06:41:04
3411,3411,85.0,GOOD,False,2026-09-28 06:41:04
3412,3412,85.0,GOOD,False,2026-09-28 06:41:04
3413,3413,85.0,GOOD,False,2026-09-28 06:41:04
3414,3414,85.0,GOOD,False,2026-09-28 06:41:04
3415,3415,85.0,GOOD,False,2026-09-28 06:41:04
3416,3416,85.0,GOOD,False,2026-09-28 06:41:04
3417,3417,85.0,GOOD,False,2026-09-28 06:41:04
3418,3418,85.0,GOOD,False,2026-09-28 06:41:04
3419,3419,85.0,GOOD,False,2026-09-28 06:41:04
3420,3420,85.0,GOOD,False,2026-09-28 06:41:04
3421,3421,85.0,GOOD,False,2026-09-28 06:41:04
3422,3422,85.0,GOOD,False,2026-09-28 06:41:04
3423,3423,85.0,GOOD,False,2026-09-28 06:41:04
3424,3424,85.0,GOOD,False,2026-09-28 06:41:04
3425,3425,85.0,GOOD,False,2026-09-28 06:41:04
3426,3426,85.0,GOOD,False,2026-09-28 06:41:04
3427,3427,85.0,GOOD,False,2026-09-28 06:41:04
3428,3428,85.0,GOOD,False,2026-09-28 06:41:04
3429,3429,85.0,GOOD,False,2026-09-28 06:41:04
3430,3430,85.0,GOOD,False,2026-09-28 06:41:04
3431,3431,85.0,GOOD,False,2026-09-28 06:41:04
3432,3432,85.0,GOOD,False,2026-09-28 06:41:04
3433,3433,85.0,GOOD,False,2026-09-28 06:41:04
3434,3434,85.0,GOOD,False,2026-09-28 06:41:04
3435,3435,85.0,GOOD,False,2026-09-28 06:41:04
3436,3436,85.0,GOOD,False,2026-09-28 06:41:04
3437,3437,85.0,GOOD,False,2026-09-28 06:41:04
3438,3438,85.0,GOOD,False,2026-09-28 06:41:04
3439,3439,85.0,GOOD,False,2026-09-28 06:41:04
3440,3440,85.0,GOOD,False,2026-09-28 06:41:04
3441,3441,85.0,GOOD,False,2026-09-28 06:41:04
3442,3442,85.0,GOOD,False,2026-09-28 06:41:04
3443,3443,85.0,GOOD,False,2026-09-28 06:41:04
3444,3444,85.0,GOOD,False,2026-09-28 06:41:04
3445,3445,85.0,GOOD,False,2026-09-28 06:41:04
3446,3446,85.0,GOOD,False,2026-09-28 06:41:04
3447,3447,85.0,GOOD,False,2026-09-28 06:41:04
3448,3448,85.0,GOOD,False,2026-09-28 06:41:04
3449,3449,85.0,GOOD,False,2026-09-28 06:41:04
3450,3450,85.0,GOOD,False,2026-09-28 06:41:04
3451,3451,85.0,GOOD,False,2026-09-28 06:41:04
3452,3452,85.0,GOOD,False,2026-09-28 06:41:04
3453,3453,85.0,GOOD,False,2026-09-28 06:41:04
3454,3454,85.0,GOOD,False,2026-09-28 06:41:04
3455,3455,85.0,GOOD,False,2026-09-28 06:41:04
3456,3456,85.0,GOOD,False,2026-09-28 06:41:04
3457,3457,85.0,GOOD,False,2026-09-28 06:41:04
3458,3458,85.0,GOOD,False,2026-09-28 06:41:04
3459,3459,85.0,GOOD,False,2026-09-28 06:41:04
3460,3460,85.0,GOOD,False,2026-09-28 06:41:04
3461,3461,85.0,GOOD,False,2026-09-28 06:41:04
3462,3462,85.0,GOOD,False,2026-09-28 06:41:04
3463,3463,85.0,GOOD,False,2026-09-28 06:41:04
3464,3464,85.0,GOOD,False,2026-09-28 06:41:04
3465,3465,85.0,GOOD,False,2026-09-28 06:41:04
3466,3466,85.0,GOOD,False,2026-09-28 06:41:04
3467,3467,85.0,GOOD,False,2026-09-28 06:41:04
3468,3468,85.0,GOOD,False,2026-09-28 06:41:04
3469,3469,85.0,GOOD,False,2026-09-28 06:41:04
3470,3470,85.0,GOOD,False,2026-09-28 06:41:04
3471,3471,85.0,GOOD,False,2026-09-28 06:41:04
3472,3472,85.0,GOOD,False,2026-09-28 06:41:04
3473,3473,85.0,GOOD,False,2026-09-28 06:41:04
3474,3474,85.0,GOOD,False,2026-09-28 06:41:04
3475,3475,85.0,GOOD,False,2026-09-28 06:41:04
3476,3476,85.0,GOOD,False,2026-09-28 06:41:04
3477,3477,85.0,GOOD,False,2026-09-28 06:41:04
3478,3478,85.0,GOOD,False,2026-09-28 06:41:04
3479,3479,85.0,GOOD,False,2026-09-28 06:41:04
3480,3480,85.0,GOOD,False,2026-09-28 06:41:04
3481,3481,85.0,GOOD,False,2026-09-28 06:41:04
3482,3482,85.0,GOOD,False,2026-09-28 06:41:04
3483,3483,85.0,GOOD,False,2026-09-28 06:41:04
3484,3484,85.0,GOOD,False,2026-09-28 06:41:04
3485,3485,85.0,GOOD,False,2026-09-28 06:41:04
3486,3486,85.0,GOOD,False,2026-09-28 06:41:04
3487,3487,85.0,GOOD,False,2026-09-28 06:41:04
3488,3488,85.0,GOOD,False,2026-09-28 06:41:04
3489,3489,85.0,GOOD,False,2026-09-28 06:41:04
3490,3490,85.0,GOOD,False,2026-09-28 06:41:04
3491,3491,85.0,GOOD,False,2026-09-28 06:41:04
3492,3492,85.0,GOOD,False,2026-09-28 06:41:04
3493,3493,85.0,GOOD,False,2026-09-28 06:41:04
3494,3494,85.0,GOOD,False,2026-09-28 06:41:04
3495,3495,85.0,GOOD,False,2026-09-28 06:41:04
3496,3496,85.0,GOOD,False,2026-09-28 06:41:04
3497,3497,85.0,GOOD,False,2026-09-28 06:41:04
3498,3498,85.0,GOOD,False,2026-09-28 06:41:04
3499,3499,85.0,GOOD,False,2026-09-28 06:41:04
3500,3500,85.0,GOOD,False,2026-09-28 06:41:04
3501,3501,85.0,GOOD,False,2026-09-28 06:41:04
3502,3502,85.0,GOOD,False,2026-09-28 06:41:04
3503,3503,85.0,GOOD,False,2026-09-28 06:41:04
3504,3504,85.0,GOOD,False,2026-09-28 06:41:04
3505,3505,85.0,GOOD,False,2026-09-28 06:41:04
3506,3506,85.0,GOOD,False,2026-09-28 06:41:04
3507,3507,85.0,GOOD,False,2026-09-28 06:41:04
3508,3508,85.0,GOOD,False,2026-09-28 06:41:04
3509,3509,85.0,GOOD,False,2026-09-28 06:41:04
3510,3510,85.0,GOOD,False,2026-09-28 06:41:04
3511,3511,85.0,GOOD,False,2026-09-28 06:41:04
3512,3512,85.0,GOOD,False,2026-09-28 06:41:04
3513,3513,85.0,GOOD,False,2026-09-28 06:41:04
3514,3514,85.0,GOOD,False,2026-09-28 06:41:04
3515,3515,85.0,GOOD,False,2026-09-28 06:41:04
3516,3516,85.0,GOOD,False,2026-09-28 06:41:04
3517,3517,85.0,GOOD,False,2026-09-28 06:41:04
3518,3518,85.0,GOOD,False,2026-09-28 06:41:04
3519,3519,85.0,GOOD,False,2026-09-28 06:41:04
3520,3520,85.0,GOOD,False,2026-09-28 06:41:04
3521,3521,85.0,GOOD,False,2026-09-28 06:41:04
3522,3522,85.0,GOOD,False,2026-09-28 06:41:04
3523,3523,85.0,GOOD,False,2026-09-28 06:41:04
3524,3524,85.0,GOOD,False,2026-09-28 06:41:04
3525,3525,85.0,GOOD,False,2026-09-28 06:41:04
3526,3526,85.0,GOOD,False,2026-09-28 06:41:04
3527,3527,85.0,GOOD,False,2026-09-28 06:41:04
3528,3528,85.0,GOOD,False,2026-09-28 06:41:04
3529,3529,85.0,GOOD,False,2026-09-28 06:41:04
3530,3530,85.0,GOOD,False,2026-09-28 06:41:04
3531,3531,85.0,GOOD,False,2026-09-28 06:41:04
3532,3532,85.0,GOOD,False,2026-09-28 06:41:04
3533,3533,85.0,GOOD,False,2026-09-28 06:41:04
3534,3534,85.0,GOOD,False,2026-09-28 06:41:04
3535,3535,85.0,GOOD,False,2026-09-28 06:41:04
3536,3536,85.0,GOOD,False,2026-09-28 06:41:04
3537,3537,85.0,GOOD,False,2026-09-28 06:41:04
3538,3538,85.0,GOOD,False,2026-09-28 06:41:04
3539,3539,85.0,GOOD,False,2026-09-28 06:41:04
3540,3540,85.0,GOOD,False,2026-09-28 06:41:04
3541,3541,85.0,GOOD,False,2026-09-28 06:41:04
3542,3542,85.0,GOOD,False,2026-09-28 06:41:04
3543,3543,85.0,GOOD,False,2026-09-28 06:41:04
3544,3544,85.0,GOOD,False,2026-09-28 06:41:04
3545,3545,85.0,GOOD,False,2026-09-28 06:41:04
3546,3546,85.0,GOOD,False,2026-09-28 06:41:04
3547,3547,85.0,GOOD,False,2026-09-28 06:41:04
3548,3548,85.0,GOOD,False,2026-09-28 06:41:04
3549,3549,85.0,GOOD,False,2026-09-28 06:41:04
3550,3550,85.0,GOOD,False,2026-09-28 06:41:04
3551,3551,85.0,GOOD,False,2026-09-28 06:41:04
3552,3552,85.0,GOOD,False,2026-09-28 06:41:04
3553,3553,85.0,GOOD,False,2026-09-28 06:41:04
3554,3554,85.0,GOOD,False,2026-09-28 06:41:04
3555,3555,85.0,GOOD,False,2026-09-28 06:41:04
3556,3556,85.0,GOOD,False,2026-09-28 06:41:04
3557,3557,85.0,GOOD,False,2026-09-28 06:41:04
3558,3558,85.0,GOOD,False,2026-09-28 06:41:04
3559,3559,85.0,GOOD,False,2026-09-28 06:41:04
3560,3560,85.0,GOOD,False,2026-09-28 06:41:04
3561,3561,85.0,GOOD,False,2026-09-28 06:41:04
3562,3562,85.0,GOOD,False,2026-09-28 06:41:04
3563,3563,85.0,GOOD,False,2026-09-28 06:41:04
3564,3564,85.0,GOOD,False,2026-09-28 06:41:04
3565,3565,85.0,GOOD,False,2026-09-28 06:41:04
3566,3566,85.0,GOOD,False,2026-09-28 06:41:04
3567,3567,85.0,GOOD,False,2026-09-28 06:41:04
3568,3568,85.0,GOOD,False,2026-09-28 06:41:04
3569,3569,85.0,GOOD,False,2026-09-28 06:41:04
3570,3570,85.0,GOOD,False,2026-09-28 06:41:04
3571,3571,85.0,GOOD,False,2026-09-28 06:41:04
3572,3572,85.0,GOOD,False,2026-09-28 06:41:04
3573,3573,85.0,GOOD,False,2026-09-28 06:41:04
3574,3574,85.0,GOOD,False,2026-09-28 06:41:04
3575,3575,85.0,GOOD,False,2026-09-28 06:41:04
3576,3576,85.0,GOOD,False,2026-09-28 06:41:04
3577,3577,85.0,GOOD,False,2026-09-28 06:41:04
3578,3578,85.0,GOOD,False,2026-09-28 06:41:04
3579,3579,85.0,GOOD,False,2026-09-28 06:41:04
3580,3580,85.0,GOOD,False,2026-09-28 06:41:04
3581,3581,85.0,GOOD,False,2026-09-28 06:41:04
3582,3582,85.0,GOOD,False,2026-09-28 06:41:04
3583,3583,85.0,GOOD,False,2026-09-28 06:41:04
3584,3584,85.0,GOOD,False,2026-09-28 06:41:04
3585,3585,85.0,GOOD,False,2026-09-28 06:41:04
3586,3586,85.0,GOOD,False,2026-09-28 06:41:04
3587,3587,85.0,GOOD,False,2026-09-28 06:41:04
3588,3588,85.0,GOOD,False,2026-09-28 06:41:04
3589,3589,85.0,GOOD,False,2026-09-28 06:41:04
3590,3590,85.0,GOOD,False,2026-09-28 06:41:04
3591,3591,85.0,GOOD,False,2026-09-28 06:41:04
3592,3592,85.0,GOOD,False,2026-09-28 06:41:04
3593,3593,85.0,GOOD,False,2026-09-28 06:41:04
3594,3594,85.0,GOOD,False,2026-09-28 06:41:04
3595,3595,85.0,GOOD,False,2026-09-28 06:41:04
3596,3596,85.0,GOOD,False,2026-09-28 06:41:04
3597,3597,85.0,GOOD,False,2026-09-28 06:41:04
3598,3598,85.0,GOOD,False,2026-09-28 06:41:04
3599,3599,85.0,GOOD,False,2026-09-28 06:41:04
3600,3600,85.0,GOOD,False,2026-09-28 06:41:04
3601,3601,85.0,GOOD,False,2026-09-28 06:41:04
3602,3602,85.0,GOOD,False,2026-09-28 06:41:04
3603,3603,85.0,GOOD,False,2026-09-28 06:41:04
3604,3604,85.0,GOOD,False,2026-09-28 06:41:04
3605,3605,85.0,GOOD,False,2026-09-28 06:41:04
3606,3606,85.0,GOOD,False,2026-09-28 06:41:04
3607,3607,85.0,GOOD,False,2026-09-28 06:41:04
3608,3608,85.0,GOOD,False,2026-09-28 06:41:04
3609,3609,85.0,GOOD,False,2026-09-28 06:41:04
3610,3610,85.0,GOOD,False,2026-09-28 06:41:04
3611,3611,85.0,GOOD,False,2026-09-28 06:41:04
3612,3612,85.0,GOOD,False,2026-09-28 06:41:04
3613,3613,85.0,GOOD,False,2026-09-28 06:41:04
3614,3614,85.0,GOOD,False,2026-09-28 06:41:04
3615,3615,85.0,GOOD,False,2026-09-28 06:41:04
3616,3616,85.0,GOOD,False,2026-09-28 06:41:04
3617,3617,85.0,GOOD,False,2026-09-28 06:41:04
3618,3618,85.0,GOOD,False,2026-09-28 06:41:04
3619,3619,85.0,GOOD,False,2026-09-28 06:41:04
3620,3620,85.0,GOOD,False,2026-09-28 06:41:04
3621,3621,85.0,GOOD,False,2026-09-28 06:41:04
3622,3622,85.0,GOOD,False,2026-09-28 06:41:04
3623,3623,85.0,GOOD,False,2026-09-28 06:41:04
3624,3624,85.0,GOOD,False,2026-09-28 06:41:04
3625,3625,85.0,GOOD,False,2026-09-28 06:41:04
3626,3626,85.0,GOOD,False,2026-09-28 06:41:04
3627,3627,85.0,GOOD,False,2026-09-28 06:41:04
3628,3628,85.0,GOOD,False,2026-09-28 06:41:04
3629,3629,85.0,GOOD,False,2026-09-28 06:41:04
3630,3630,85.0,GOOD,False,2026-09-28 06:41:04
3631,3631,85.0,GOOD,False,2026-09-28 06:41:04
3632,3632,85.0,GOOD,False,2026-09-28 06:41:04
3633,3633,85.0,GOOD,False,2026-09-28 06:41:04
3634,3634,85.0,GOOD,False,2026-09-28 06:41:04
3635,3635,85.0,GOOD,False,2026-09-28 06:41:04
3636,3636,85.0,GOOD,False,2026-09-28 06:41:04
3637,3637,85.0,GOOD,False,2026-09-28 06:41:04
3638,3638,85.0,GOOD,False,2026-09-28 06:41:04
3639,3639,85.0,GOOD,False,2026-09-28 06:41:04
3640,3640,85.0,GOOD,False,2026-09-28 06:41:04
3641,3641,85.0,GOOD,False,2026-09-28 06:41:04
3642,3642,85.0,GOOD,False,2026-09-28 06:41:04
3643,3643,85.0,GOOD,False,2026-09-28 06:41:04
3644,3644,85.0,GOOD,False,2026-09-28 06:41:04
3645,3645,85.0,GOOD,False,2026-09-28 06:41:04
3646,3646,85.0,GOOD,False,2026-09-28 06:41:04
3647,3647,85.0,GOOD,False,2026-09-28 06:41:04
3648,3648,85.0,GOOD,False,2026-09-28 06:41:04
3649,3649,85.0,GOOD,False,2026-09-28 06:41:04
3650,3650,85.0,GOOD,False,2026-09-28 06:41:04
3651,3651,85.0,GOOD,False,2026-09-28 06:41:04
3652,3652,85.0,GOOD,False,2026-09-28 06:41:04
3653,3653,85.0,GOOD,False,2026-09-28 06:41:04
3654,3654,85.0,GOOD,False,2026-09-28 06:41:04
3655,3655,85.0,GOOD,False,2026-09-28 06:41:04
3656,3656,85.0,GOOD,False,2026-09-28 06:41:04
3657,3657,85.0,GOOD,False,2026-09-28 06:41:04
3658,3658,85.0,GOOD,False,2026-09-28 06:41:04
3659,3659,85.0,GOOD,False,2026-09-28 06:41:04
3660,3660,85.0,GOOD,False,2026-09-28 06:41:04
3661,3661,85.0,GOOD,False,2026-09-28 06:41:04
3662,3662,85.0,GOOD,False,2026-09-28 06:41:04
3663,3663,85.0,GOOD,False,2026-09-28 06:41:04
3664,3664,85.0,GOOD,False,2026-09-28 06:41:04
3665,3665,85.0,GOOD,False,2026-09-28 06:41:04
3666,3666,85.0,GOOD,False,2026-09-28 06:41:04
3667,3667,85.0,GOOD,False,2026-09-28 06:41:04
3668,3668,85.0,GOOD,False,2026-09-28 06:41:04
3669,3669,85.0,GOOD,False,2026-09-28 06:41:04
3670,3670,85.0,GOOD,False,2026-09-28 06:41:04
3671,3671,85.0,GOOD,False,2026-09-28 06:41:04
3672,3672,85.0,GOOD,False,2026-09-28 06:41:04
3673,3673,85.0,GOOD,False,2026-09-28 06:41:04
3674,3674,85.0,GOOD,False,2026-09-28 06:41:04
3675,3675,85.0,GOOD,False,2026-09-28 06:41:04
3676,3676,85.0,GOOD,False,2026-09-28 06:41:04
3677,3677,85.0,GOOD,False,2026-09-28 06:41:04
3678,3678,85.0,GOOD,False,2026-09-28 06:41:04
3679,3679,85.0,GOOD,False,2026-09-28 06:41:04
3680,3680,85.0,GOOD,False,2026-09-28 06:41:04
3681,3681,85.0,GOOD,False,2026-09-28 06:41:04
3682,3682,85.0,GOOD,False,2026-09-28 06:41:04
3683,3683,85.0,GOOD,False,2026-09-28 06:41:04
3684,3684,85.0,GOOD,False,2026-09-28 06:41:04
3685,3685,85.0,GOOD,False,2026-09-28 06:41:04
3686,3686,85.0,GOOD,False,2026-09-28 06:41:04
3687,3687,85.0,GOOD,False,2026-09-28 06:41:04
3688,3688,85.0,GOOD,False,2026-09-28 06:41:04
3689,3689,85.0,GOOD,False,2026-09-28 06:41:04
3690,3690,85.0,GOOD,False,2026-09-28 06:41:04
3691,3691,85.0,GOOD,False,2026-09-28 06:41:04
3692,3692,85.0,GOOD,False,2026-09-28 06:41:04
3693,3693,85.0,GOOD,False,2026-09-28 06:41:04
3694,3694,85.0,GOOD,False,2026-09-28 06:41:04
3695,3695,85.0,GOOD,False,2026-09-28 06:41:04
3696,3696,85.0,GOOD,False,2026-09-28 06:41:04
3697,3697,85.0,GOOD,False,2026-09-28 06:41:04
3698,3698,85.0,GOOD,False,2026-09-28 06:41:04
3699,3699,85.0,GOOD,False,2026-09-28 06:41:04
3700,3700,85.0,GOOD,False,2026-09-28 06:41:04
3701,3701,85.0,GOOD,False,2026-09-28 06:41:04
3702,3702,85.0,GOOD,False,2026-09-28 06:41:04
3703,3703,85.0,GOOD,False,2026-09-28 06:41:04
3704,3704,85.0,GOOD,False,2026-09-28 06:41:04
3705,3705,85.0,GOOD,False,2026-09-28 06:41:04
3706,3706,85.0,GOOD,False,2026-09-28 06:41:04
3707,3707,85.0,GOOD,False,2026-09-28 06:41:04
3708,3708,85.0,GOOD,False,2026-09-28 06:41:04
3709,3709,85.0,GOOD,False,2026-09-28 06:41:04
3710,3710,85.0,GOOD,False,2026-09-28 06:41:04
3711,3711,85.0,GOOD,False,2026-09-28 06:41:04
3712,3712,85.0,GOOD,False,2026-09-28 06:41:04
3713,3713,85.0,GOOD,False,2026-09-28 06:41:04
3714,3714,85.0,GOOD,False,2026-09-28 06:41:04
3715,3715,85.0,GOOD,False,2026-09-28 06:41:04
3716,3716,85.0,GOOD,False,2026-09-28 06:41:04
3717,3717,85.0,GOOD,False,2026-09-28 06:41:04
3718,3718,85.0,GOOD,False,2026-09-28 06:41:04
3719,3719,85.0,GOOD,False,2026-09-28 06:41:04
3720,3720,85.0,GOOD,False,2026-09-28 06:41:04
3721,3721,85.0,GOOD,False,2026-09-28 06:41:04
3722,3722,85.0,GOOD,False,2026-09-28 06:41:04
3723,3723,85.0,GOOD,False,2026-09-28 06:41:04
3724,3724,85.0,GOOD,False,2026-09-28 06:41:04
3725,3725,85.0,GOOD,False,2026-09-28 06:41:04
3726,3726,85.0,GOOD,False,2026-09-28 06:41:04
3727,3727,85.0,GOOD,False,2026-09-28 06:41:04
3728,3728,85.0,GOOD,False,2026-09-28 06:41:04
3729,3729,85.0,GOOD,False,2026-09-28 06:41:04
3730,3730,85.0,GOOD,False,2026-09-28 06:41:04
3731,3731,85.0,GOOD,False,2026-09-28 06:41:04
3732,3732,85.0,GOOD,False,2026-09-28 06:41:04
3733,3733,85.0,GOOD,False,2026-09-28 06:41:04
3734,3734,85.0,GOOD,False,2026-09-28 06:41:04
3735,3735,85.0,GOOD,False,2026-09-28 06:41:04
3736,3736,85.0,GOOD,False,2026-09-28 06:41:04
3737,3737,85.0,GOOD,False,2026-09-28 06:41:04
3738,3738,85.0,GOOD,False,2026-09-28 06:41:04
3739,3739,85.0,GOOD,False,2026-09-28 06:41:04
3740,3740,85.0,GOOD,False,2026-09-28 06:41:04
3741,3741,85.0,GOOD,False,2026-09-28 06:41:04
3742,3742,85.0,GOOD,False,2026-09-28 06:41:04
3743,3743,85.0,GOOD,False,2026-09-28 06:41:04
3744,3744,85.0,GOOD,False,2026-09-28 06:41:04
3745,3745,85.0,GOOD,False,2026-09-28 06:41:04
3746,3746,85.0,GOOD,False,2026-09-28 06:41:04
3747,3747,85.0,GOOD,False,2026-09-28 06:41:04
3748,3748,85.0,GOOD,False,2026-09-28 06:41:04
3749,3749,85.0,GOOD,False,2026-09-28 06:41:04
3750,3750,85.0,GOOD,False,2026-09-28 06:41:04
3751,3751,85.0,GOOD,False,2026-09-28 06:41:04
3752,3752,85.0,GOOD,False,2026-09-28 06:41:04
3753,3753,85.0,GOOD,False,2026-09-28 06:41:04
3754,3754,85.0,GOOD,False,2026-09-28 06:41:04
3755,3755,85.0,GOOD,False,2026-09-28 06:41:04
3756,3756,85.0,GOOD,False,2026-09-28 06:41:04
3757,3757,85.0,GOOD,False,2026-09-28 06:41:04
3758,3758,85.0,GOOD,False,2026-09-28 06:41:04
3759,3759,85.0,GOOD,False,2026-09-28 06:41:04
3760,3760,85.0,GOOD,False,2026-09-28 06:41:04
3761,3761,85.0,GOOD,False,2026-09-28 06:41:04
3762,3762,85.0,GOOD,False,2026-09-28 06:41:04
3763,3763,85.0,GOOD,False,2026-09-28 06:41:04
3764,3764,85.0,GOOD,False,2026-09-28 06:41:04
3765,3765,85.0,GOOD,False,2026-09-28 06:41:04
3766,3766,85.0,GOOD,False,2026-09-28 06:41:04
3767,3767,85.0,GOOD,False,2026-09-28 06:41:04
3768,3768,85.0,GOOD,False,2026-09-28 06:41:04
3769,3769,85.0,GOOD,False,2026-09-28 06:41:04
3770,3770,85.0,GOOD,False,2026-09-28 06:41:04
3771,3771,85.0,GOOD,False,2026-09-28 06:41:04
3772,3772,85.0,GOOD,False,2026-09-28 06:41:04
3773,3773,85.0,GOOD,False,2026-09-28 06:41:04
3774,3774,85.0,GOOD,False,2026-09-28 06:41:04
3775,3775,85.0,GOOD,False,2026-09-28 06:41:04
3776,3776,85.0,GOOD,False,2026-09-28 06:41:04
3777,3777,85.0,GOOD,False,2026-09-28 06:41:04
3778,3778,85.0,GOOD,False,2026-09-28 06:41:04
3779,3779,85.0,GOOD,False,2026-09-28 06:41:04
3780,3780,85.0,GOOD,False,2026-09-28 06:41:04
3781,3781,85.0,GOOD,False,2026-09-28 06:41:04
3782,3782,85.0,GOOD,False,2026-09-28 06:41:04
3783,3783,85.0,GOOD,False,2026-09-28 06:41:04
3784,3784,85.0,GOOD,False,2026-09-28 06:41:04
3785,3785,85.0,GOOD,False,2026-09-28 06:41:04
3786,3786,85.0,GOOD,False,2026-09-28 06:41:04
3787,3787,85.0,GOOD,False,2026-09-28 06:41:04
3788,3788,85.0,GOOD,False,2026-09-28 06:41:04
3789,3789,85.0,GOOD,False,2026-09-28 06:41:04
3790,3790,85.0,GOOD,False,2026-09-28 06:41:04
3791,3791,85.0,GOOD,False,2026-09-28 06:41:04
3792,3792,85.0,GOOD,False,2026-09-28 06:41:04
3793,3793,85.0,GOOD,False,2026-09-28 06:41:04
3794,3794,85.0,GOOD,False,2026-09-28 06:41:04
3795,3795,85.0,GOOD,False,2026-09-28 06:41:04
3796,3796,85.0,GOOD,False,2026-09-28 06:41:04
3797,3797,85.0,GOOD,False,2026-09-28 06:41:04
3798,3798,85.0,GOOD,False,2026-09-28 06:41:04
3799,3799,85.0,GOOD,False,2026-09-28 06:41:04
3800,3800,85.0,GOOD,False,2026-09-28 06:41:04
3801,3801,85.0,GOOD,False,2026-09-28 06:41:04
3802,3802,85.0,GOOD,False,2026-09-28 06:41:04
3803,3803,85.0,GOOD,False,2026-09-28 06:41:04
3804,3804,85.0,GOOD,False,2026-09-28 06:41:04
3805,3805,85.0,GOOD,False,2026-09-28 06:41:04
3806,3806,85.0,GOOD,False,2026-09-28 06:41:04
3807,3807,85.0,GOOD,False,2026-09-28 06:41:04
3808,3808,85.0,GOOD,False,2026-09-28 06:41:04
3809,3809,85.0,GOOD,False,2026-09-28 06:41:04
3810,3810,85.0,GOOD,False,2026-09-28 06:41:04
3811,3811,85.0,GOOD,False,2026-09-28 06:41:04
3812,3812,85.0,GOOD,False,2026-09-28 06:41:04
3813,3813,85.0,GOOD,False,2026-09-28 06:41:04
3814,3814,85.0,GOOD,False,2026-09-28 06:41:04
3815,3815,85.0,GOOD,False,2026-09-28 06:41:04
3816,3816,85.0,GOOD,False,2026-09-28 06:41:04
3817,3817,85.0,GOOD,False,2026-09-28 06:41:04
3818,3818,85.0,GOOD,False,2026-09-28 06:41:04
3819,3819,85.0,GOOD,False,2026-09-28 06:41:04
3820,3820,85.0,GOOD,False,2026-09-28 06:41:04
3821,3821,85.0,GOOD,False,2026-09-28 06:41:04
3822,3822,85.0,GOOD,False,2026-09-28 06:41:04
3823,3823,85.0,GOOD,False,2026-09-28 06:41:04
3824,3824,85.0,GOOD,False,2026-09-28 06:41:04
3825,3825,85.0,GOOD,False,2026-09-28 06:41:04
3826,3826,85.0,GOOD,False,2026-09-28 06:41:04
3827,3827,85.0,GOOD,False,2026-09-28 06:41:04
3828,3828,85.0,GOOD,False,2026-09-28 06:41:04
3829,3829,85.0,GOOD,False,2026-09-28 06:41:04
3830,3830,85.0,GOOD,False,2026-09-28 06:41:04
3831,3831,85.0,GOOD,False,2026-09-28 06:41:04
3832,3832,85.0,GOOD,False,2026-09-28 06:41:04
3833,3833,85.0,GOOD,False,2026-09-28 06:41:04
3834,3834,85.0,GOOD,False,2026-09-28 06:41:04
3835,3835,85.0,GOOD,False,2026-09-28 06:41:04
3836,3836,85.0,GOOD,False,2026-09-28 06:41:04
3837,3837,85.0,GOOD,False,2026-09-28 06:41:04
3838,3838,85.0,GOOD,False,2026-09-28 06:41:04
3839,3839,85.0,GOOD,False,2026-09-28 06:41:04
3840,3840,85.0,GOOD,False,2026-09-28 06:41:04
3841,3841,85.0,GOOD,False,2026-09-28 06:41:04
3842,3842,85.0,GOOD,False,2026-09-28 06:41:04
3843,3843,85.0,GOOD,False,2026-09-28 06:41:04
3844,3844,85.0,GOOD,False,2026-09-28 06:41:04
3845,3845,85.0,GOOD,False,2026-09-28 06:41:04
3846,3846,85.0,GOOD,False,2026-09-28 06:41:04
3847,3847,85.0,GOOD,False,2026-09-28 06:41:04
3848,3848,85.0,GOOD,False,2026-09-28 06:41:04
3849,3849,85.0,GOOD,False,2026-09-28 06:41:04
3850,3850,85.0,GOOD,False,2026-09-28 06:41:04
3851,3851,85.0,GOOD,False,2026-09-28 06:41:04
3852,3852,85.0,GOOD,False,2026-09-28 06:41:04
3853,3853,85.0,GOOD,False,2026-09-28 06:41:04
3854,3854,85.0,GOOD,False,2026-09-28 06:41:04
3855,3855,85.0,GOOD,False,2026-09-28 06:41:04
3856,3856,85.0,GOOD,False,2026-09-28 06:41:04
3857,3857,85.0,GOOD,False,2026-09-28 06:41:04
3858,3858,85.0,GOOD,False,2026-09-28 06:41:04
3859,3859,85.0,GOOD,False,2026-09-28 06:41:04
3860,3860,85.0,GOOD,False,2026-09-28 06:41:04
3861,3861,85.0,GOOD,False,2026-09-28 06:41:04
3862,3862,85.0,GOOD,False,2026-09-28 06:41:04
3863,3863,85.0,GOOD,False,2026-09-28 06:41:04
3864,3864,85.0,GOOD,False,2026-09-28 06:41:04
3865,3865,85.0,GOOD,False,2026-09-28 06:41:04
3866,3866,85.0,GOOD,False,2026-09-28 06:41:04
3867,3867,85.0,GOOD,False,2026-09-28 06:41:04
3868,3868,85.0,GOOD,False,2026-09-28 06:41:04
3869,3869,85.0,GOOD,False,2026-09-28 06:41:04
3870,3870,85.0,GOOD,False,2026-09-28 06:41:04
3871,3871,85.0,GOOD,False,2026-09-28 06:41:04
3872,3872,85.0,GOOD,False,2026-09-28 06:41:04
3873,3873,85.0,GOOD,False,2026-09-28 06:41:04
3874,3874,85.0,GOOD,False,2026-09-28 06:41:04
3875,3875,85.0,GOOD,False,2026-09-28 06:41:04
3876,3876,85.0,GOOD,False,2026-09-28 06:41:04
3877,3877,85.0,GOOD,False,2026-09-28 06:41:04
3878,3878,85.0,GOOD,False,2026-09-28 06:41:04
3879,3879,85.0,GOOD,False,2026-09-28 06:41:04
3880,3880,85.0,GOOD,False,2026-09-28 06:41:04
3881,3881,85.0,GOOD,False,2026-09-28 06:41:04
3882,3882,85.0,GOOD,False,2026-09-28 06:41:04
3883,3883,85.0,GOOD,False,2026-09-28 06:41:04
3884,3884,85.0,GOOD,False,2026-09-28 06:41:04
3885,3885,85.0,GOOD,False,2026-09-28 06:41:04
3886,3886,85.0,GOOD,False,2026-09-28 06:41:04
3887,3887,85.0,GOOD,False,2026-09-28 06:41:04
3888,3888,85.0,GOOD,False,2026-09-28 06:41:04
3889,3889,85.0,GOOD,False,2026-09-28 06:41:04
3890,3890,85.0,GOOD,False,2026-09-28 06:41:04
3891,3891,85.0,GOOD,False,2026-09-28 06:41:04
3892,3892,85.0,GOOD,False,2026-09-28 06:41:04
3893,3893,85.0,GOOD,False,2026-09-28 06:41:04
3894,3894,85.0,GOOD,False,2026-09-28 06:41:04
3895,3895,85.0,GOOD,False,2026-09-28 06:41:04
3896,3896,85.0,GOOD,False,2026-09-28 06:41:04
3897,3897,85.0,GOOD,False,2026-09-28 06:41:04
3898,3898,85.0,GOOD,False,2026-09-28 06:41:04
3899,3899,85.0,GOOD,False,2026-09-28 06:41:04
3900,3900,85.0,GOOD,False,2026-09-28 06:41:04
3901,3901,85.0,GOOD,False,2026-09-28 06:41:04
3902,3902,85.0,GOOD,False,2026-09-28 06:41:04
3903,3903,85.0,GOOD,False,2026-09-28 06:41:04
3904,3904,85.0,GOOD,False,2026-09-28 06:41:04
3905,3905,85.0,GOOD,False,2026-09-28 06:41:04
3906,3906,85.0,GOOD,False,2026-09-28 06:41:04
3907,3907,85.0,GOOD,False,2026-09-28 06:41:04
3908,3908,85.0,GOOD,False,2026-09-28 06:41:04
3909,3909,85.0,GOOD,False,2026-09-28 06:41:04
3910,3910,85.0,GOOD,False,2026-09-28 06:41:04
3911,3911,85.0,GOOD,False,2026-09-28 06:41:04
3912,3912,85.0,GOOD,False,2026-09-28 06:41:04
3913,3913,85.0,GOOD,False,2026-09-28 06:41:04
3914,3914,85.0,GOOD,False,2026-09-28 06:41:04
3915,3915,85.0,GOOD,False,2026-09-28 06:41:04
3916,3916,85.0,GOOD,False,2026-09-28 06:41:04
3917,3917,85.0,GOOD,False,2026-09-28 06:41:04
3918,3918,85.0,GOOD,False,2026-09-28 06:41:04
3919,3919,85.0,GOOD,False,2026-09-28 06:41:04
3920,3920,85.0,GOOD,False,2026-09-28 06:41:04
3921,3921,85.0,GOOD,False,2026-09-28 06:41:04
3922,3922,85.0,GOOD,False,2026-09-28 06:41:04
3923,3923,85.0,GOOD,False,2026-09-28 06:41:04
3924,3924,85.0,GOOD,False,2026-09-28 06:41:04
3925,3925,85.0,GOOD,False,2026-09-28 06:41:04
3926,3926,85.0,GOOD,False,2026-09-28 06:41:04
3927,3927,85.0,GOOD,False,2026-09-28 06:41:04
3928,3928,85.0,GOOD,False,2026-09-28 06:41:04
3929,3929,85.0,GOOD,False,2026-09-28 06:41:04
3930,3930,85.0,GOOD,False,2026-09-28 06:41:04
3931,3931,85.0,GOOD,False,2026-09-28 06:41:04
3932,3932,85.0,GOOD,False,2026-09-28 06:41:04
3933,3933,85.0,GOOD,False,2026-09-28 06:41:04
3934,3934,85.0,GOOD,False,2026-09-28 06:41:04
3935,3935,85.0,GOOD,False,2026-09-28 06:41:04
3936,3936,85.0,GOOD,False,2026-09-28 06:41:04
3937,3937,85.0,GOOD,False,2026-09-28 06:41:04
3938,3938,85.0,GOOD,False,2026-09-28 06:41:04
3939,3939,85.0,GOOD,False,2026-09-28 06:41:04
3940,3940,85.0,GOOD,False,2026-09-28 06:41:04
3941,3941,85.0,GOOD,False,2026-09-28 06:41:04
3942,3942,85.0,GOOD,False,2026-09-28 06:41:04
3943,3943,85.0,GOOD,False,2026-09-28 06:41:04
3944,3944,85.0,GOOD,False,2026-09-28 06:41:04
3945,3945,85.0,GOOD,False,2026-09-28 06:41:04
3946,3946,85.0,GOOD,False,2026-09-28 06:41:04
3947,3947,85.0,GOOD,False,2026-09-28 06:41:04
3948,3948,85.0,GOOD,False,2026-09-28 06:41:04
3949,3949,85.0,GOOD,False,2026-09-28 06:41:04
3950,3950,85.0,GOOD,False,2026-09-28 06:41:04
3951,3951,85.0,GOOD,False,2026-09-28 06:41:04
3952,3952,85.0,GOOD,False,2026-09-28 06:41:04
3953,3953,85.0,GOOD,False,2026-09-28 06:41:04
3954,3954,85.0,GOOD,False,2026-09-28 06:41:04
3955,3955,85.0,GOOD,False,2026-09-28 06:41:04
3956,3956,85.0,GOOD,False,2026-09-28 06:41:04
3957,3957,85.0,GOOD,False,2026-09-28 06:41:04
3958,3958,85.0,GOOD,False,2026-09-28 06:41:04
3959,3959,85.0,GOOD,False,2026-09-28 06:41:04
3960,3960,85.0,GOOD,False,2026-09-28 06:41:04
3961,3961,85.0,GOOD,False,2026-09-28 06:41:04
3962,3962,85.0,GOOD,False,2026-09-28 06:41:04
3963,3963,85.0,GOOD,False,2026-09-28 06:41:04
3964,3964,85.0,GOOD,False,2026-09-28 06:41:04
3965,3965,85.0,GOOD,False,2026-09-28 06:41:04
3966,3966,85.0,GOOD,False,2026-09-28 06:41:04
3967,3967,85.0,GOOD,False,2026-09-28 06:41:04
3968,3968,85.0,GOOD,False,2026-09-28 06:41:04
3969,3969,85.0,GOOD,False,2026-09-28 06:41:04
3970,3970,85.0,GOOD,False,2026-09-28 06:41:04
3971,3971,85.0,GOOD,False,2026-09-28 06:41:04
3972,3972,85.0,GOOD,False,2026-09-28 06:41:04
3973,3973,85.0,GOOD,False,2026-09-28 06:41:04
3974,3974,85.0,GOOD,False,2026-09-28 06:41:04
3975,3975,85.0,GOOD,False,2026-09-28 06:41:04
3976,3976,85.0,GOOD,False,2026-09-28 06:41:04
3977,3977,85.0,GOOD,False,2026-09-28 06:41:04
3978,3978,85.0,GOOD,False,2026-09-28 06:41:04
3979,3979,85.0,GOOD,False,2026-09-28 06:41:04
3980,3980,85.0,GOOD,False,2026-09-28 06:41:04
3981,3981,85.0,GOOD,False,2026-09-28 06:41:04
3982,3982,85.0,GOOD,False,2026-09-28 06:41:04
3983,3983,85.0,GOOD,False,2026-09-28 06:41:04
3984,3984,85.0,GOOD,False,2026-09-28 06:41:04
3985,3985,85.0,GOOD,False,2026-09-28 06:41:04
3986,3986,85.0,GOOD,False,2026-09-28 06:41:04
3987,3987,85.0,GOOD,False,2026-09-28 06:41:04
3988,3988,85.0,GOOD,False,2026-09-28 06:41:04
3989,3989,85.0,GOOD,False,2026-09-28 06:41:04
3990,3990,85.0,GOOD,False,2026-09-28 06:41:04
3991,3991,85.0,GOOD,False,2026-09-28 06:41:04
3992,3992,85.0,GOOD,False,2026-09-28 06:41:04
3993,3993,85.0,GOOD,False,2026-09-28 06:41:04
3994,3994,85.0,GOOD,False,2026-09-28 06:41:04
3995,3995,85.0,GOOD,False,2026-09-28 06:41:04
3996,3996,85.0,GOOD,False,2026-09-28 06:41:04
3997,3997,85.0,GOOD,False,2026-09-28 06:41:04
3998,3998,85.0,GOOD,False,2026-09-28 06:41:04
3999,3999,85.0,GOOD,False,2026-09-28 06:41:04
4000,4000,85.0,GOOD,False,2026-09-28 06:41:04
4001,4001,85.0,GOOD,False,2026-09-28 06:41:04
4002,4002,85.0,GOOD,False,2026-09-28 06:41:04
4003,4003,85.0,GOOD,False,2026-09-28 06:41:04
4004,4004,85.0,GOOD,False,2026-09-28 06:41:04
4005,4005,85.0,GOOD,False,2026-09-28 06:41:04
4006,4006,85.0,GOOD,False,2026-09-28 06:41:04
4007,4007,85.0,GOOD,False,2026-09-28 06:41:04
4008,4008,85.0,GOOD,False,2026-09-28 06:41:04
4009,4009,85.0,GOOD,False,2026-09-28 06:41:04
4010,4010,85.0,GOOD,False,2026-09-28 06:41:04
4011,4011,85.0,GOOD,False,2026-09-28 06:41:04
4012,4012,85.0,GOOD,False,2026-09-28 06:41:04
4013,4013,85.0,GOOD,False,2026-09-28 06:41:04
4014,4014,85.0,GOOD,False,2026-09-28 06:41:04
4015,4015,85.0,GOOD,False,2026-09-28 06:41:04
4016,4016,85.0,GOOD,False,2026-09-28 06:41:04
4017,4017,85.0,GOOD,False,2026-09-28 06:41:04
4018,4018,85.0,GOOD,False,2026-09-28 06:41:04
4019,4019,85.0,GOOD,False,2026-09-28 06:41:04
4020,4020,85.0,GOOD,False,2026-09-28 06:41:04
4021,4021,85.0,GOOD,False,2026-09-28 06:41:04
4022,4022,85.0,GOOD,False,2026-09-28 06:41:04
4023,4023,85.0,GOOD,False,2026-09-28 06:41:04
4024,4024,85.0,GOOD,False,2026-09-28 06:41:04
4025,4025,85.0,GOOD,False,2026-09-28 06:41:04
4026,4026,85.0,GOOD,False,2026-09-28 06:41:04
4027,4027,85.0,GOOD,False,2026-09-28 06:41:04
4028,4028,85.0,GOOD,False,2026-09-28 06:41:04
4029,4029,85.0,GOOD,False,2026-09-28 06:41:04
4030,4030,85.0,GOOD,False,2026-09-28 06:41:04
4031,4031,85.0,GOOD,False,2026-09-28 06:41:04
4032,4032,85.0,GOOD,False,2026-09-28 06:41:04
4033,4033,85.0,GOOD,False,2026-09-28 06:41:04
4034,4034,85.0,GOOD,False,2026-09-28 06:41:04
4035,4035,85.0,GOOD,False,2026-09-28 06:41:04
4036,4036,85.0,GOOD,False,2026-09-28 06:41:04
4037,4037,85.0,GOOD,False,2026-09-28 06:41:04
4038,4038,85.0,GOOD,False,2026-09-28 06:41:04
4039,4039,85.0,GOOD,False,2026-09-28 06:41:04
4040,4040,85.0,GOOD,False,2026-09-28 06:41:04
4041,4041,85.0,GOOD,False,2026-09-28 06:41:04
4042,4042,85.0,GOOD,False,2026-09-28 06:41:04
4043,4043,85.0,GOOD,False,2026-09-28 06:41:04
4044,4044,85.0,GOOD,False,2026-09-28 06:41:04
4045,4045,85.0,GOOD,False,2026-09-28 06:41:04
4046,4046,85.0,GOOD,False,2026-09-28 06:41:04
4047,4047,85.0,GOOD,False,2026-09-28 06:41:04
4048,4048,85.0,GOOD,False,2026-09-28 06:41:04
4049,4049,85.0,GOOD,False,2026-09-28 06:41:04
4050,4050,85.0,GOOD,False,2026-09-28 06:41:04
4051,4051,85.0,GOOD,False,2026-09-28 06:41:04
4052,4052,85.0,GOOD,False,2026-09-28 06:41:04
4053,4053,85.0,GOOD,False,2026-09-28 06:41:04
4054,4054,85.0,GOOD,False,2026-09-28 06:41:04
4055,4055,85.0,GOOD,False,2026-09-28 06:41:04
4056,4056,85.0,GOOD,False,2026-09-28 06:41:04
4057,4057,85.0,GOOD,False,2026-09-28 06:41:04
4058,4058,85.0,GOOD,False,2026-09-28 06:41:04
4059,4059,85.0,GOOD,False,2026-09-28 06:41:04
4060,4060,85.0,GOOD,False,2026-09-28 06:41:04
4061,4061,85.0,GOOD,False,2026-09-28 06:41:04
4062,4062,85.0,GOOD,False,2026-09-28 06:41:04
4063,4063,85.0,GOOD,False,2026-09-28 06:41:04
4064,4064,85.0,GOOD,False,2026-09-28 06:41:04
4065,4065,85.0,GOOD,False,2026-09-28 06:41:04
4066,4066,85.0,GOOD,False,2026-09-28 06:41:04
4067,4067,85.0,GOOD,False,2026-09-28 06:41:04
4068,4068,85.0,GOOD,False,2026-09-28 06:41:04
4069,4069,85.0,GOOD,False,2026-09-28 06:41:04
4070,4070,85.0,GOOD,False,2026-09-28 06:41:04
4071,4071,85.0,GOOD,False,2026-09-28 06:41:04
4072,4072,85.0,GOOD,False,2026-09-28 06:41:04
4073,4073,85.0,GOOD,False,2026-09-28 06:41:04
4074,4074,85.0,GOOD,False,2026-09-28 06:41:04
4075,4075,85.0,GOOD,False,2026-09-28 06:41:04
4076,4076,85.0,GOOD,False,2026-09-28 06:41:04
4077,4077,85.0,GOOD,False,2026-09-28 06:41:04
4078,4078,85.0,GOOD,False,2026-09-28 06:41:04
4079,4079,85.0,GOOD,False,2026-09-28 06:41:04
4080,4080,85.0,GOOD,False,2026-09-28 06:41:04
4081,4081,85.0,GOOD,False,2026-09-28 06:41:04
4082,4082,85.0,GOOD,False,2026-09-28 06:41:04
4083,4083,85.0,GOOD,False,2026-09-28 06:41:04
4084,4084,85.0,GOOD,False,2026-09-28 06:41:04
4085,4085,85.0,GOOD,False,2026-09-28 06:41:04
4086,4086,85.0,GOOD,False,2026-09-28 06:41:04
4087,4087,85.0,GOOD,False,2026-09-28 06:41:04
4088,4088,85.0,GOOD,False,2026-09-28 06:41:04
4089,4089,85.0,GOOD,False,2026-09-28 06:41:04
4090,4090,85.0,GOOD,False,2026-09-28 06:41:04
4091,4091,85.0,GOOD,False,2026-09-28 06:41:04
4092,4092,85.0,GOOD,False,2026-09-28 06:41:04
4093,4093,85.0,GOOD,False,2026-09-28 06:41:04
4094,4094,85.0,GOOD,False,2026-09-28 06:41:04
4095,4095,85.0,GOOD,False,2026-09-28 06:41:04
4096,4096,85.0,GOOD,False,2026-09-28 06:41:04
4097,4097,85.0,GOOD,False,2026-09-28 06:41:04
4098,4098,85.0,GOOD,False,2026-09-28 06:41:04
4099,4099,85.0,GOOD,False,2026-09-28 06:41:04
4100,4100,85.0,GOOD,False,2026-09-28 06:41:04
4101,4101,85.0,GOOD,False,2026-09-28 06:41:04
4102,4102,85.0,GOOD,False,2026-09-28 06:41:04
4103,4103,85.0,GOOD,False,2026-09-28 06:41:04
4104,4104,85.0,GOOD,False,2026-09-28 06:41:04
4105,4105,85.0,GOOD,False,2026-09-28 06:41:04
4106,4106,85.0,GOOD,False,2026-09-28 06:41:04
4107,4107,85.0,GOOD,False,2026-09-28 06:41:04
4108,4108,85.0,GOOD,False,2026-09-28 06:41:04
4109,4109,85.0,GOOD,False,2026-09-28 06:41:04
4110,4110,85.0,GOOD,False,2026-09-28 06:41:04
4111,4111,85.0,GOOD,False,2026-09-28 06:41:04
4112,4112,85.0,GOOD,False,2026-09-28 06:41:04
4113,4113,85.0,GOOD,False,2026-09-28 06:41:04
4114,4114,85.0,GOOD,False,2026-09-28 06:41:04
4115,4115,85.0,GOOD,False,2026-09-28 06:41:04
4116,4116,85.0,GOOD,False,2026-09-28 06:41:04
4117,4117,85.0,GOOD,False,2026-09-28 06:41:04
4118,4118,85.0,GOOD,False,2026-09-28 06:41:04
4119,4119,85.0,GOOD,False,2026-09-28 06:41:04
4120,4120,85.0,GOOD,False,2026-09-28 06:41:04
4121,4121,85.0,GOOD,False,2026-09-28 06:41:04
4122,4122,85.0,GOOD,False,2026-09-28 06:41:04
4123,4123,85.0,GOOD,False,2026-09-28 06:41:04
4124,4124,85.0,GOOD,False,2026-09-28 06:41:04
4125,4125,85.0,GOOD,False,2026-09-28 06:41:04
4126,4126,85.0,GOOD,False,2026-09-28 06:41:04
4127,4127,85.0,GOOD,False,2026-09-28 06:41:04
4128,4128,85.0,GOOD,False,2026-09-28 06:41:04
4129,4129,85.0,GOOD,False,2026-09-28 06:41:04
4130,4130,85.0,GOOD,False,2026-09-28 06:41:04
4131,4131,85.0,GOOD,False,2026-09-28 06:41:04
4132,4132,85.0,GOOD,False,2026-09-28 06:41:04
4133,4133,85.0,GOOD,False,2026-09-28 06:41:04
4134,4134,85.0,GOOD,False,2026-09-28 06:41:04
4135,4135,85.0,GOOD,False,2026-09-28 06:41:04
4136,4136,85.0,GOOD,False,2026-09-28 06:41:04
4137,4137,85.0,GOOD,False,2026-09-28 06:41:04
4138,4138,85.0,GOOD,False,2026-09-28 06:41:04
4139,4139,85.0,GOOD,False,2026-09-28 06:41:04
4140,4140,85.0,GOOD,False,2026-09-28 06:41:04
4141,4141,85.0,GOOD,False,2026-09-28 06:41:04
4142,4142,85.0,GOOD,False,2026-09-28 06:41:04
4143,4143,85.0,GOOD,False,2026-09-28 06:41:04
4144,4144,85.0,GOOD,False,2026-09-28 06:41:04
4145,4145,85.0,GOOD,False,2026-09-28 06:41:04
4146,4146,85.0,GOOD,False,2026-09-28 06:41:04
4147,4147,85.0,GOOD,False,2026-09-28 06:41:04
4148,4148,85.0,GOOD,False,2026-09-28 06:41:04
4149,4149,85.0,GOOD,False,2026-09-28 06:41:04
4150,4150,85.0,GOOD,False,2026-09-28 06:41:04
4151,4151,85.0,GOOD,False,2026-09-28 06:41:04
4152,4152,85.0,GOOD,False,2026-09-28 06:41:04
4153,4153,85.0,GOOD,False,2026-09-28 06:41:04
4154,4154,85.0,GOOD,False,2026-09-28 06:41:04
4155,4155,85.0,GOOD,False,2026-09-28 06:41:04
4156,4156,85.0,GOOD,False,2026-09-28 06:41:04
4157,4157,85.0,GOOD,False,2026-09-28 06:41:04
4158,4158,85.0,GOOD,False,2026-09-28 06:41:04
4159,4159,85.0,GOOD,False,2026-09-28 06:41:04
4160,4160,85.0,GOOD,False,2026-09-28 06:41:04
4161,4161,85.0,GOOD,False,2026-09-28 06:41:04
4162,4162,85.0,GOOD,False,2026-09-28 06:41:04
4163,4163,85.0,GOOD,False,2026-09-28 06:41:04
4164,4164,85.0,GOOD,False,2026-09-28 06:41:04
4165,4165,85.0,GOOD,False,2026-09-28 06:41:04
4166,4166,85.0,GOOD,False,2026-09-28 06:41:04
4167,4167,85.0,GOOD,False,2026-09-28 06:41:04
4168,4168,85.0,GOOD,False,2026-09-28 06:41:04
4169,4169,85.0,GOOD,False,2026-09-28 06:41:04
4170,4170,85.0,GOOD,False,2026-09-28 06:41:04
4171,4171,85.0,GOOD,False,2026-09-28 06:41:04
4172,4172,85.0,GOOD,False,2026-09-28 06:41:04
4173,4173,85.0,GOOD,False,2026-09-28 06:41:04
4174,4174,85.0,GOOD,False,2026-09-28 06:41:04
4175,4175,85.0,GOOD,False,2026-09-28 06:41:04
4176,4176,85.0,GOOD,False,2026-09-28 06:41:04
4177,4177,85.0,GOOD,False,2026-09-28 06:41:04
4178,4178,85.0,GOOD,False,2026-09-28 06:41:04
4179,4179,85.0,GOOD,False,2026-09-28 06:41:04
4180,4180,85.0,GOOD,False,2026-09-28 06:41:04
4181,4181,85.0,GOOD,False,2026-09-28 06:41:04
4182,4182,85.0,GOOD,False,2026-09-28 06:41:04
4183,4183,85.0,GOOD,False,2026-09-28 06:41:04
4184,4184,85.0,GOOD,False,2026-09-28 06:41:04
4185,4185,85.0,GOOD,False,2026-09-28 06:41:04
4186,4186,85.0,GOOD,False,2026-09-28 06:41:04
4187,4187,85.0,GOOD,False,2026-09-28 06:41:04
4188,4188,85.0,GOOD,False,2026-09-28 06:41:04
4189,4189,85.0,GOOD,False,2026-09-28 06:41:04
4190,4190,85.0,GOOD,False,2026-09-28 06:41:04
4191,4191,85.0,GOOD,False,2026-09-28 06:41:04
4192,4192,85.0,GOOD,False,2026-09-28 06:41:04
4193,4193,85.0,GOOD,False,2026-09-28 06:41:04
4194,4194,85.0,GOOD,False,2026-09-28 06:41:04
4195,4195,85.0,GOOD,False,2026-09-28 06:41:04
4196,4196,85.0,GOOD,False,2026-09-28 06:41:04
4197,4197,85.0,GOOD,False,2026-09-28 06:41:04
4198,4198,85.0,GOOD,False,2026-09-28 06:41:04
4199,4199,85.0,GOOD,False,2026-09-28 06:41:04
4200,4200,85.0,GOOD,False,2026-09-28 06:41:04
4201,4201,85.0,GOOD,False,2026-09-28 06:41:04
4202,4202,85.0,GOOD,False,2026-09-28 06:41:04
4203,4203,85.0,GOOD,False,2026-09-28 06:41:04
4204,4204,85.0,GOOD,False,2026-09-28 06:41:04
4205,4205,85.0,GOOD,False,2026-09-28 06:41:04
4206,4206,85.0,GOOD,False,2026-09-28 06:41:04
4207,4207,85.0,GOOD,False,2026-09-28 06:41:04
4208,4208,85.0,GOOD,False,2026-09-28 06:41:04
4209,4209,85.0,GOOD,False,2026-09-28 06:41:04
4210,4210,85.0,GOOD,False,2026-09-28 06:41:04
4211,4211,85.0,GOOD,False,2026-09-28 06:41:04
4212,4212,85.0,GOOD,False,2026-09-28 06:41:04
4213,4213,85.0,GOOD,False,2026-09-28 06:41:04
4214,4214,85.0,GOOD,False,2026-09-28 06:41:04
4215,4215,85.0,GOOD,False,2026-09-28 06:41:04
4216,4216,85.0,GOOD,False,2026-09-28 06:41:04
4217,4217,85.0,GOOD,False,2026-09-28 06:41:04
4218,4218,85.0,GOOD,False,2026-09-28 06:41:04
4219,4219,85.0,GOOD,False,2026-09-28 06:41:04
4220,4220,85.0,GOOD,False,2026-09-28 06:41:04
4221,4221,85.0,GOOD,False,2026-09-28 06:41:04
4222,4222,85.0,GOOD,False,2026-09-28 06:41:04
4223,4223,85.0,GOOD,False,2026-09-28 06:41:04
4224,4224,85.0,GOOD,False,2026-09-28 06:41:04
4225,4225,85.0,GOOD,False,2026-09-28 06:41:04
4226,4226,85.0,GOOD,False,2026-09-28 06:41:04
4227,4227,85.0,GOOD,False,2026-09-28 06:41:04
4228,4228,85.0,GOOD,False,2026-09-28 06:41:04
4229,4229,85.0,GOOD,False,2026-09-28 06:41:04
4230,4230,85.0,GOOD,False,2026-09-28 06:41:04
4231,4231,85.0,GOOD,False,2026-09-28 06:41:04
4232,4232,85.0,GOOD,False,2026-09-28 06:41:04
4233,4233,85.0,GOOD,False,2026-09-28 06:41:04
4234,4234,85.0,GOOD,False,2026-09-28 06:41:04
4235,4235,85.0,GOOD,False,2026-09-28 06:41:04
4236,4236,85.0,GOOD,False,2026-09-28 06:41:04
4237,4237,85.0,GOOD,False,2026-09-28 06:41:04
4238,4238,85.0,GOOD,False,2026-09-28 06:41:04
4239,4239,85.0,GOOD,False,2026-09-28 06:41:04
4240,4240,85.0,GOOD,False,2026-09-28 06:41:04
4241,4241,85.0,GOOD,False,2026-09-28 06:41:04
4242,4242,85.0,GOOD,False,2026-09-28 06:41:04
4243,4243,85.0,GOOD,False,2026-09-28 06:41:04
4244,4244,85.0,GOOD,False,2026-09-28 06:41:04
4245,4245,85.0,GOOD,False,2026-09-28 06:41:04
4246,4246,85.0,GOOD,False,2026-09-28 06:41:04
4247,4247,85.0,GOOD,False,2026-09-28 06:41:04
4248,4248,85.0,GOOD,False,2026-09-28 06:41:04
4249,4249,85.0,GOOD,False,2026-09-28 06:41:04
4250,4250,85.0,GOOD,False,2026-09-28 06:41:04
4251,4251,85.0,GOOD,False,2026-09-28 06:41:04
4252,4252,85.0,GOOD,False,2026-09-28 06:41:04
4253,4253,85.0,GOOD,False,2026-09-28 06:41:04
4254,4254,85.0,GOOD,False,2026-09-28 06:41:04
4255,4255,85.0,GOOD,False,2026-09-28 06:41:04
4256,4256,85.0,GOOD,False,2026-09-28 06:41:04
4257,4257,85.0,GOOD,False,2026-09-28 06:41:04
4258,4258,85.0,GOOD,False,2026-09-28 06:41:04
4259,4259,85.0,GOOD,False,2026-09-28 06:41:04
4260,4260,85.0,GOOD,False,2026-09-28 06:41:04
4261,4261,85.0,GOOD,False,2026-09-28 06:41:04
4262,4262,85.0,GOOD,False,2026-09-28 06:41:04
4263,4263,85.0,GOOD,False,2026-09-28 06:41:04
4264,4264,85.0,GOOD,False,2026-09-28 06:41:04
4265,4265,85.0,GOOD,False,2026-09-28 06:41:04
4266,4266,85.0,GOOD,False,2026-09-28 06:41:04
4267,4267,85.0,GOOD,False,2026-09-28 06:41:04
4268,4268,85.0,GOOD,False,2026-09-28 06:41:04
4269,4269,85.0,GOOD,False,2026-09-28 06:41:04
4270,4270,85.0,GOOD,False,2026-09-28 06:41:04
4271,4271,85.0,GOOD,False,2026-09-28 06:41:04
4272,4272,85.0,GOOD,False,2026-09-28 06:41:04
4273,4273,85.0,GOOD,False,2026-09-28 06:41:04
4274,4274,85.0,GOOD,False,2026-09-28 06:41:04
4275,4275,85.0,GOOD,False,2026-09-28 06:41:04
4276,4276,85.0,GOOD,False,2026-09-28 06:41:04
4277,4277,85.0,GOOD,False,2026-09-28 06:41:04
4278,4278,85.0,GOOD,False,2026-09-28 06:41:04
4279,4279,85.0,GOOD,False,2026-09-28 06:41:04
4280,4280,85.0,GOOD,False,2026-09-28 06:41:04
4281,4281,85.0,GOOD,False,2026-09-28 06:41:04
4282,4282,85.0,GOOD,False,2026-09-28 06:41:04
4283,4283,85.0,GOOD,False,2026-09-28 06:41:04
4284,4284,85.0,GOOD,False,2026-09-28 06:41:04
4285,4285,85.0,GOOD,False,2026-09-28 06:41:04
4286,4286,85.0,GOOD,False,2026-09-28 06:41:04
4287,4287,85.0,GOOD,False,2026-09-28 06:41:04
4288,4288,85.0,GOOD,False,2026-09-28 06:41:04
4289,4289,85.0,GOOD,False,2026-09-28 06:41:04
4290,4290,85.0,GOOD,False,2026-09-28 06:41:04
4291,4291,85.0,GOOD,False,2026-09-28 06:41:04
4292,4292,85.0,GOOD,False,2026-09-28 06:41:04
4293,4293,85.0,GOOD,False,2026-09-28 06:41:04
4294,4294,85.0,GOOD,False,2026-09-28 06:41:04
4295,4295,85.0,GOOD,False,2026-09-28 06:41:04
4296,4296,85.0,GOOD,False,2026-09-28 06:41:04
4297,4297,85.0,GOOD,False,2026-09-28 06:41:04
4298,4298,85.0,GOOD,False,2026-09-28 06:41:04
4299,4299,85.0,GOOD,False,2026-09-28 06:41:04
4300,4300,85.0,GOOD,False,2026-09-28 06:41:04
4301,4301,85.0,GOOD,False,2026-09-28 06:41:04
4302,4302,85.0,GOOD,False,2026-09-28 06:41:04
4303,4303,85.0,GOOD,False,2026-09-28 06:41:04
4304,4304,85.0,GOOD,False,2026-09-28 06:41:04
4305,4305,85.0,GOOD,False,2026-09-28 06:41:04
4306,4306,85.0,GOOD,False,2026-09-28 06:41:04
4307,4307,85.0,GOOD,False,2026-09-28 06:41:04
4308,4308,85.0,GOOD,False,2026-09-28 06:41:04
4309,4309,85.0,GOOD,False,2026-09-28 06:41:04
4310,4310,85.0,GOOD,False,2026-09-28 06:41:04
4311,4311,85.0,GOOD,False,2026-09-28 06:41:04
4312,4312,85.0,GOOD,False,2026-09-28 06:41:04
4313,4313,85.0,GOOD,False,2026-09-28 06:41:04
4314,4314,85.0,GOOD,False,2026-09-28 06:41:04
4315,4315,85.0,GOOD,False,2026-09-28 06:41:04
4316,4316,85.0,GOOD,False,2026-09-28 06:41:04
4317,4317,85.0,GOOD,False,2026-09-28 06:41:04
4318,4318,85.0,GOOD,False,2026-09-28 06:41:04
4319,4319,85.0,GOOD,False,2026-09-28 06:41:04
4320,4320,85.0,GOOD,False,2026-09-28 06:41:04
4321,4321,85.0,GOOD,False,2026-09-28 06:41:04
4322,4322,85.0,GOOD,False,2026-09-28 06:41:04
4323,4323,85.0,GOOD,False,2026-09-28 06:41:04
4324,4324,85.0,GOOD,False,2026-09-28 06:41:04
4325,4325,85.0,GOOD,False,2026-09-28 06:41:04
4326,4326,85.0,GOOD,False,2026-09-28 06:41:04
4327,4327,85.0,GOOD,False,2026-09-28 06:41:04
4328,4328,85.0,GOOD,False,2026-09-28 06:41:04
4329,4329,85.0,GOOD,False,2026-09-28 06:41:04
4330,4330,85.0,GOOD,False,2026-09-28 06:41:04
4331,4331,85.0,GOOD,False,2026-09-28 06:41:04
4332,4332,85.0,GOOD,False,2026-09-28 06:41:04
4333,4333,85.0,GOOD,False,2026-09-28 06:41:04
4334,4334,85.0,GOOD,False,2026-09-28 06:41:04
4335,4335,85.0,GOOD,False,2026-09-28 06:41:04
4336,4336,85.0,GOOD,False,2026-09-28 06:41:04
4337,4337,85.0,GOOD,False,2026-09-28 06:41:04
4338,4338,85.0,GOOD,False,2026-09-28 06:41:04
4339,4339,85.0,GOOD,False,2026-09-28 06:41:04
4340,4340,85.0,GOOD,False,2026-09-28 06:41:04
4341,4341,85.0,GOOD,False,2026-09-28 06:41:04
4342,4342,85.0,GOOD,False,2026-09-28 06:41:04
4343,4343,85.0,GOOD,False,2026-09-28 06:41:04
4344,4344,85.0,GOOD,False,2026-09-28 06:41:04
4345,4345,85.0,GOOD,False,2026-09-28 06:41:04
4346,4346,85.0,GOOD,False,2026-09-28 06:41:04
4347,4347,85.0,GOOD,False,2026-09-28 06:41:04
4348,4348,85.0,GOOD,False,2026-09-28 06:41:04
4349,4349,85.0,GOOD,False,2026-09-28 06:41:04
4350,4350,85.0,GOOD,False,2026-09-28 06:41:04
4351,4351,85.0,GOOD,False,2026-09-28 06:41:04
4352,4352,85.0,GOOD,False,2026-09-28 06:41:04
4353,4353,85.0,GOOD,False,2026-09-28 06:41:04
4354,4354,85.0,GOOD,False,2026-09-28 06:41:04
4355,4355,85.0,GOOD,False,2026-09-28 06:41:04
4356,4356,85.0,GOOD,False,2026-09-28 06:41:04
4357,4357,85.0,GOOD,False,2026-09-28 06:41:04
4358,4358,85.0,GOOD,False,2026-09-28 06:41:04
4359,4359,85.0,GOOD,False,2026-09-28 06:41:04
4360,4360,85.0,GOOD,False,2026-09-28 06:41:04
4361,4361,85.0,GOOD,False,2026-09-28 06:41:04
4362,4362,85.0,GOOD,False,2026-09-28 06:41:04
4363,4363,85.0,GOOD,False,2026-09-28 06:41:04
4364,4364,85.0,GOOD,False,2026-09-28 06:41:04
4365,4365,85.0,GOOD,False,2026-09-28 06:41:04
4366,4366,85.0,GOOD,False,2026-09-28 06:41:04
4367,4367,85.0,GOOD,False,2026-09-28 06:41:04
4368,4368,85.0,GOOD,False,2026-09-28 06:41:04
4369,4369,85.0,GOOD,False,2026-09-28 06:41:04
4370,4370,85.0,GOOD,False,2026-09-28 06:41:04
4371,4371,85.0,GOOD,False,2026-09-28 06:41:04
4372,4372,85.0,GOOD,False,2026-09-28 06:41:04
4373,4373,85.0,GOOD,False,2026-09-28 06:41:04
4374,4374,85.0,GOOD,False,2026-09-28 06:41:04
4375,4375,85.0,GOOD,False,2026-09-28 06:41:04
4376,4376,85.0,GOOD,False,2026-09-28 06:41:04
4377,4377,85.0,GOOD,False,2026-09-28 06:41:04
4378,4378,85.0,GOOD,False,2026-09-28 06:41:04
4379,4379,85.0,GOOD,False,2026-09-28 06:41:04
4380,4380,85.0,GOOD,False,2026-09-28 06:41:04
4381,4381,85.0,GOOD,False,2026-09-28 06:41:04
4382,4382,85.0,GOOD,False,2026-09-28 06:41:04
4383,4383,85.0,GOOD,False,2026-09-28 06:41:04
4384,4384,85.0,GOOD,False,2026-09-28 06:41:04
4385,4385,85.0,GOOD,False,2026-09-28 06:41:04
4386,4386,85.0,GOOD,False,2026-09-28 06:41:04
4387,4387,85.0,GOOD,False,2026-09-28 06:41:04
4388,4388,85.0,GOOD,False,2026-09-28 06:41:04
4389,4389,85.0,GOOD,False,2026-09-28 06:41:04
4390,4390,85.0,GOOD,False,2026-09-28 06:41:04
4391,4391,85.0,GOOD,False,2026-09-28 06:41:04
4392,4392,85.0,GOOD,False,2026-09-28 06:41:04
4393,4393,85.0,GOOD,False,2026-09-28 06:41:04
4394,4394,85.0,GOOD,False,2026-09-28 06:41:04
4395,4395,85.0,GOOD,False,2026-09-28 06:41:04
4396,4396,85.0,GOOD,False,2026-09-28 06:41:04
4397,4397,85.0,GOOD,False,2026-09-28 06:41:04
4398,4398,85.0,GOOD,False,2026-09-28 06:41:04
4399,4399,85.0,GOOD,False,2026-09-28 06:41:04
4400,4400,85.0,GOOD,False,2026-09-28 06:41:04
4401,4401,85.0,GOOD,False,2026-09-28 06:41:04
4402,4402,85.0,GOOD,False,2026-09-28 06:41:04
4403,4403,85.0,GOOD,False,2026-09-28 06:41:04
4404,4404,85.0,GOOD,False,2026-09-28 06:41:04
4405,4405,85.0,GOOD,False,2026-09-28 06:41:04
4406,4406,85.0,GOOD,False,2026-09-28 06:41:04
4407,4407,85.0,GOOD,False,2026-09-28 06:41:04
4408,4408,85.0,GOOD,False,2026-09-28 06:41:04
4409,4409,85.0,GOOD,False,2026-09-28 06:41:04
4410,4410,85.0,GOOD,False,2026-09-28 06:41:04
4411,4411,85.0,GOOD,False,2026-09-28 06:41:04
4412,4412,85.0,GOOD,False,2026-09-28 06:41:04
4413,4413,85.0,GOOD,False,2026-09-28 06:41:04
4414,4414,85.0,GOOD,False,2026-09-28 06:41:04
4415,4415,85.0,GOOD,False,2026-09-28 06:41:04
4416,4416,85.0,GOOD,False,2026-09-28 06:41:04
4417,4417,85.0,GOOD,False,2026-09-28 06:41:04
4418,4418,85.0,GOOD,False,2026-09-28 06:41:04
4419,4419,85.0,GOOD,False,2026-09-28 06:41:04
4420,4420,85.0,GOOD,False,2026-09-28 06:41:04
4421,4421,85.0,GOOD,False,2026-09-28 06:41:04
4422,4422,85.0,GOOD,False,2026-09-28 06:41:04
4423,4423,85.0,GOOD,False,2026-09-28 06:41:04
4424,4424,85.0,GOOD,False,2026-09-28 06:41:04
4425,4425,85.0,GOOD,False,2026-09-28 06:41:04
4426,4426,85.0,GOOD,False,2026-09-28 06:41:04
4427,4427,85.0,GOOD,False,2026-09-28 06:41:04
4428,4428,85.0,GOOD,False,2026-09-28 06:41:04
4429,4429,85.0,GOOD,False,2026-09-28 06:41:04
4430,4430,85.0,GOOD,False,2026-09-28 06:41:04
4431,4431,85.0,GOOD,False,2026-09-28 06:41:04
4432,4432,85.0,GOOD,False,2026-09-28 06:41:04
4433,4433,85.0,GOOD,False,2026-09-28 06:41:04
4434,4434,85.0,GOOD,False,2026-09-28 06:41:04
4435,4435,85.0,GOOD,False,2026-09-28 06:41:04
4436,4436,85.0,GOOD,False,2026-09-28 06:41:04
4437,4437,85.0,GOOD,False,2026-09-28 06:41:04
4438,4438,85.0,GOOD,False,2026-09-28 06:41:04
4439,4439,85.0,GOOD,False,2026-09-28 06:41:04
4440,4440,85.0,GOOD,False,2026-09-28 06:41:04
4441,4441,85.0,GOOD,False,2026-09-28 06:41:04
4442,4442,85.0,GOOD,False,2026-09-28 06:41:04
4443,4443,85.0,GOOD,False,2026-09-28 06:41:04
4444,4444,85.0,GOOD,False,2026-09-28 06:41:04
4445,4445,85.0,GOOD,False,2026-09-28 06:41:04
4446,4446,85.0,GOOD,False,2026-09-28 06:41:04
4447,4447,85.0,GOOD,False,2026-09-28 06:41:04
4448,4448,85.0,GOOD,False,2026-09-28 06:41:04
4449,4449,85.0,GOOD,False,2026-09-28 06:41:04
4450,4450,85.0,GOOD,False,2026-09-28 06:41:04
4451,4451,85.0,GOOD,False,2026-09-28 06:41:04
4452,4452,85.0,GOOD,False,2026-09-28 06:41:04
4453,4453,85.0,GOOD,False,2026-09-28 06:41:04
4454,4454,85.0,GOOD,False,2026-09-28 06:41:04
4455,4455,85.0,GOOD,False,2026-09-28 06:41:04
4456,4456,85.0,GOOD,False,2026-09-28 06:41:04
4457,4457,85.0,GOOD,False,2026-09-28 06:41:04
4458,4458,85.0,GOOD,False,2026-09-28 06:41:04
4459,4459,85.0,GOOD,False,2026-09-28 06:41:04
4460,4460,85.0,GOOD,False,2026-09-28 06:41:04
4461,4461,85.0,GOOD,False,2026-09-28 06:41:04
4462,4462,85.0,GOOD,False,2026-09-28 06:41:04
4463,4463,85.0,GOOD,False,2026-09-28 06:41:04
4464,4464,85.0,GOOD,False,2026-09-28 06:41:04
4465,4465,85.0,GOOD,False,2026-09-28 06:41:04
4466,4466,85.0,GOOD,False,2026-09-28 06:41:04
4467,4467,85.0,GOOD,False,2026-09-28 06:41:04
4468,4468,85.0,GOOD,False,2026-09-28 06:41:04
4469,4469,85.0,GOOD,False,2026-09-28 06:41:04
4470,4470,85.0,GOOD,False,2026-09-28 06:41:04
4471,4471,85.0,GOOD,False,2026-09-28 06:41:04
4472,4472,85.0,GOOD,False,2026-09-28 06:41:04
4473,4473,85.0,GOOD,False,2026-09-28 06:41:04
4474,4474,85.0,GOOD,False,2026-09-28 06:41:04
4475,4475,85.0,GOOD,False,2026-09-28 06:41:04
4476,4476,85.0,GOOD,False,2026-09-28 06:41:04
4477,4477,85.0,GOOD,False,2026-09-28 06:41:04
4478,4478,85.0,GOOD,False,2026-09-28 06:41:04
4479,4479,85.0,GOOD,False,2026-09-28 06:41:04
4480,4480,85.0,GOOD,False,2026-09-28 06:41:04
4481,4481,85.0,GOOD,False,2026-09-28 06:41:04
4482,4482,85.0,GOOD,False,2026-09-28 06:41:04
4483,4483,85.0,GOOD,False,2026-09-28 06:41:04
4484,4484,85.0,GOOD,False,2026-09-28 06:41:04
4485,4485,85.0,GOOD,False,2026-09-28 06:41:04
4486,4486,85.0,GOOD,False,2026-09-28 06:41:04
4487,4487,85.0,GOOD,False,2026-09-28 06:41:04
4488,4488,85.0,GOOD,False,2026-09-28 06:41:04
4489,4489,85.0,GOOD,False,2026-09-28 06:41:04
4490,4490,85.0,GOOD,False,2026-09-28 06:41:04
4491,4491,85.0,GOOD,False,2026-09-28 06:41:04
4492,4492,85.0,GOOD,False,2026-09-28 06:41:04
4493,4493,85.0,GOOD,False,2026-09-28 06:41:04
4494,4494,85.0,GOOD,False,2026-09-28 06:41:04
4495,4495,85.0,GOOD,False,2026-09-28 06:41:04
4496,4496,85.0,GOOD,False,2026-09-28 06:41:04
4497,4497,85.0,GOOD,False,2026-09-28 06:41:04
4498,4498,85.0,GOOD,False,2026-09-28 06:41:04
4499,4499,85.0,GOOD,False,2026-09-28 06:41:04
4500,4500,85.0,GOOD,False,2026-09-28 06:41:04
4501,4501,85.0,GOOD,False,2026-09-28 06:41:04
4502,4502,85.0,GOOD,False,2026-09-28 06:41:04
4503,4503,85.0,GOOD,False,2026-09-28 06:41:04
4504,4504,85.0,GOOD,False,2026-09-28 06:41:04
4505,4505,85.0,GOOD,False,2026-09-28 06:41:04
4506,4506,85.0,GOOD,False,2026-09-28 06:41:04
4507,4507,85.0,GOOD,False,2026-09-28 06:41:04
4508,4508,85.0,GOOD,False,2026-09-28 06:41:04
4509,4509,85.0,GOOD,False,2026-09-28 06:41:04
4510,4510,85.0,GOOD,False,2026-09-28 06:41:04
4511,4511,85.0,GOOD,False,2026-09-28 06:41:04
4512,4512,85.0,GOOD,False,2026-09-28 06:41:04
4513,4513,85.0,GOOD,False,2026-09-28 06:41:04
4514,4514,85.0,GOOD,False,2026-09-28 06:41:04
4515,4515,85.0,GOOD,False,2026-09-28 06:41:04
4516,4516,85.0,GOOD,False,2026-09-28 06:41:04
4517,4517,85.0,GOOD,False,2026-09-28 06:41:04
4518,4518,85.0,GOOD,False,2026-09-28 06:41:04
4519,4519,85.0,GOOD,False,2026-09-28 06:41:04
4520,4520,85.0,GOOD,False,2026-09-28 06:41:04
4521,4521,85.0,GOOD,False,2026-09-28 06:41:04
4522,4522,85.0,GOOD,False,2026-09-28 06:41:04
4523,4523,85.0,GOOD,False,2026-09-28 06:41:04
4524,4524,85.0,GOOD,False,2026-09-28 06:41:04
4525,4525,85.0,GOOD,False,2026-09-28 06:41:04
4526,4526,85.0,GOOD,False,2026-09-28 06:41:04
4527,4527,85.0,GOOD,False,2026-09-28 06:41:04
4528,4528,85.0,GOOD,False,2026-09-28 06:41:04
4529,4529,85.0,GOOD,False,2026-09-28 06:41:04
4530,4530,85.0,GOOD,False,2026-09-28 06:41:04
4531,4531,85.0,GOOD,False,2026-09-28 06:41:04
4532,4532,85.0,GOOD,False,2026-09-28 06:41:04
4533,4533,85.0,GOOD,False,2026-09-28 06:41:04
4534,4534,85.0,GOOD,False,2026-09-28 06:41:04
4535,4535,85.0,GOOD,False,2026-09-28 06:41:04
4536,4536,85.0,GOOD,False,2026-09-28 06:41:04
4537,4537,85.0,GOOD,False,2026-09-28 06:41:04
4538,4538,85.0,GOOD,False,2026-09-28 06:41:04
4539,4539,85.0,GOOD,False,2026-09-28 06:41:04
4540,4540,85.0,GOOD,False,2026-09-28 06:41:04
4541,4541,85.0,GOOD,False,2026-09-28 06:41:04
4542,4542,85.0,GOOD,False,2026-09-28 06:41:04
4543,4543,85.0,GOOD,False,2026-09-28 06:41:04
4544,4544,85.0,GOOD,False,2026-09-28 06:41:04
4545,4545,85.0,GOOD,False,2026-09-28 06:41:04
4546,4546,85.0,GOOD,False,2026-09-28 06:41:04
4547,4547,85.0,GOOD,False,2026-09-28 06:41:04
4548,4548,85.0,GOOD,False,2026-09-28 06:41:04
4549,4549,85.0,GOOD,False,2026-09-28 06:41:04
4550,4550,85.0,GOOD,False,2026-09-28 06:41:04
4551,4551,85.0,GOOD,False,2026-09-28 06:41:04
4552,4552,85.0,GOOD,False,2026-09-28 06:41:04
4553,4553,85.0,GOOD,False,2026-09-28 06:41:04
4554,4554,85.0,GOOD,False,2026-09-28 06:41:04
4555,4555,85.0,GOOD,False,2026-09-28 06:41:04
4556,4556,85.0,GOOD,False,2026-09-28 06:41:04
4557,4557,85.0,GOOD,False,2026-09-28 06:41:04
4558,4558,85.0,GOOD,False,2026-09-28 06:41:04
4559,4559,85.0,GOOD,False,2026-09-28 06:41:04
4560,4560,85.0,GOOD,False,2026-09-28 06:41:04
4561,4561,85.0,GOOD,False,2026-09-28 06:41:04
4562,4562,85.0,GOOD,False,2026-09-28 06:41:04
4563,4563,85.0,GOOD,False,2026-09-28 06:41:04
4564,4564,85.0,GOOD,False,2026-09-28 06:41:04
4565,4565,85.0,GOOD,False,2026-09-28 06:41:04
4566,4566,85.0,GOOD,False,2026-09-28 06:41:04
4567,4567,85.0,GOOD,False,2026-09-28 06:41:04
4568,4568,85.0,GOOD,False,2026-09-28 06:41:04
4569,4569,85.0,GOOD,False,2026-09-28 06:41:04
4570,4570,85.0,GOOD,False,2026-09-28 06:41:04
4571,4571,85.0,GOOD,False,2026-09-28 06:41:04
4572,4572,85.0,GOOD,False,2026-09-28 06:41:04
4573,4573,85.0,GOOD,False,2026-09-28 06:41:04
4574,4574,85.0,GOOD,False,2026-09-28 06:41:04
4575,4575,85.0,GOOD,False,2026-09-28 06:41:04
4576,4576,85.0,GOOD,False,2026-09-28 06:41:04
4577,4577,85.0,GOOD,False,2026-09-28 06:41:04
4578,4578,85.0,GOOD,False,2026-09-28 06:41:04
4579,4579,85.0,GOOD,False,2026-09-28 06:41:04
4580,4580,85.0,GOOD,False,2026-09-28 06:41:04
4581,4581,85.0,GOOD,False,2026-09-28 06:41:04
4582,4582,85.0,GOOD,False,2026-09-28 06:41:04
4583,4583,85.0,GOOD,False,2026-09-28 06:41:04
4584,4584,85.0,GOOD,False,2026-09-28 06:41:04
4585,4585,85.0,GOOD,False,2026-09-28 06:41:04
4586,4586,85.0,GOOD,False,2026-09-28 06:41:04
4587,4587,85.0,GOOD,False,2026-09-28 06:41:04
4588,4588,85.0,GOOD,False,2026-09-28 06:41:04
4589,4589,85.0,GOOD,False,2026-09-28 06:41:04
4590,4590,85.0,GOOD,False,2026-09-28 06:41:04
4591,4591,85.0,GOOD,False,2026-09-28 06:41:04
4592,4592,85.0,GOOD,False,2026-09-28 06:41:04
4593,4593,85.0,GOOD,False,2026-09-28 06:41:04
4594,4594,85.0,GOOD,False,2026-09-28 06:41:04
4595,4595,85.0,GOOD,False,2026-09-28 06:41:04
4596,4596,85.0,GOOD,False,2026-09-28 06:41:04
4597,4597,85.0,GOOD,False,2026-09-28 06:41:04
4598,4598,85.0,GOOD,False,2026-09-28 06:41:04
4599,4599,85.0,GOOD,False,2026-09-28 06:41:04
4600,4600,85.0,GOOD,False,2026-09-28 06:41:04
4601,4601,85.0,GOOD,False,2026-09-28 06:41:04
4602,4602,85.0,GOOD,False,2026-09-28 06:41:04
4603,4603,85.0,GOOD,False,2026-09-28 06:41:04
4604,4604,85.0,GOOD,False,2026-09-28 06:41:04
4605,4605,85.0,GOOD,False,2026-09-28 06:41:04
4606,4606,85.0,GOOD,False,2026-09-28 06:41:04
4607,4607,85.0,GOOD,False,2026-09-28 06:41:04
4608,4608,85.0,GOOD,False,2026-09-28 06:41:04
4609,4609,85.0,GOOD,False,2026-09-28 06:41:04
4610,4610,85.0,GOOD,False,2026-09-28 06:41:04
4611,4611,85.0,GOOD,False,2026-09-28 06:41:04
4612,4612,85.0,GOOD,False,2026-09-28 06:41:04
4613,4613,85.0,GOOD,False,2026-09-28 06:41:04
4614,4614,85.0,GOOD,False,2026-09-28 06:41:04
4615,4615,85.0,GOOD,False,2026-09-28 06:41:04
4616,4616,85.0,GOOD,False,2026-09-28 06:41:04
4617,4617,85.0,GOOD,False,2026-09-28 06:41:04
4618,4618,85.0,GOOD,False,2026-09-28 06:41:04
4619,4619,85.0,GOOD,False,2026-09-28 06:41:04
4620,4620,85.0,GOOD,False,2026-09-28 06:41:04
4621,4621,85.0,GOOD,False,2026-09-28 06:41:04
4622,4622,85.0,GOOD,False,2026-09-28 06:41:04
4623,4623,85.0,GOOD,False,2026-09-28 06:41:04
4624,4624,85.0,GOOD,False,2026-09-28 06:41:04
4625,4625,85.0,GOOD,False,2026-09-28 06:41:04
4626,4626,85.0,GOOD,False,2026-09-28 06:41:04
4627,4627,85.0,GOOD,False,2026-09-28 06:41:04
4628,4628,85.0,GOOD,False,2026-09-28 06:41:04
4629,4629,85.0,GOOD,False,2026-09-28 06:41:04
4630,4630,85.0,GOOD,False,2026-09-28 06:41:04
4631,4631,85.0,GOOD,False,2026-09-28 06:41:04
4632,4632,85.0,GOOD,False,2026-09-28 06:41:04
4633,4633,85.0,GOOD,False,2026-09-28 06:41:04
4634,4634,85.0,GOOD,False,2026-09-28 06:41:04
4635,4635,85.0,GOOD,False,2026-09-28 06:41:04
4636,4636,85.0,GOOD,False,2026-09-28 06:41:04
4637,4637,85.0,GOOD,False,2026-09-28 06:41:04
4638,4638,85.0,GOOD,False,2026-09-28 06:41:04
4639,4639,85.0,GOOD,False,2026-09-28 06:41:04
4640,4640,85.0,GOOD,False,2026-09-28 06:41:04
4641,4641,85.0,GOOD,False,2026-09-28 06:41:04
4642,4642,85.0,GOOD,False,2026-09-28 06:41:04
4643,4643,85.0,GOOD,False,2026-09-28 06:41:04
4644,4644,85.0,GOOD,False,2026-09-28 06:41:04
4645,4645,85.0,GOOD,False,2026-09-28 06:41:04
4646,4646,85.0,GOOD,False,2026-09-28 06:41:04
4647,4647,85.0,GOOD,False,2026-09-28 06:41:04
4648,4648,85.0,GOOD,False,2026-09-28 06:41:04
4649,4649,85.0,GOOD,False,2026-09-28 06:41:04
4650,4650,85.0,GOOD,False,2026-09-28 06:41:04
4651,4651,85.0,GOOD,False,2026-09-28 06:41:04
4652,4652,85.0,GOOD,False,2026-09-28 06:41:04
4653,4653,85.0,GOOD,False,2026-09-28 06:41:04
4654,4654,85.0,GOOD,False,2026-09-28 06:41:04
4655,4655,85.0,GOOD,False,2026-09-28 06:41:04
4656,4656,85.0,GOOD,False,2026-09-28 06:41:04
4657,4657,85.0,GOOD,False,2026-09-28 06:41:04
4658,4658,85.0,GOOD,False,2026-09-28 06:41:04
4659,4659,85.0,GOOD,False,2026-09-28 06:41:04
4660,4660,85.0,GOOD,False,2026-09-28 06:41:04
4661,4661,85.0,GOOD,False,2026-09-28 06:41:04
4662,4662,85.0,GOOD,False,2026-09-28 06:41:04
4663,4663,85.0,GOOD,False,2026-09-28 06:41:04
4664,4664,85.0,GOOD,False,2026-09-28 06:41:04
4665,4665,85.0,GOOD,False,2026-09-28 06:41:04
4666,4666,85.0,GOOD,False,2026-09-28 06:41:04
4667,4667,85.0,GOOD,False,2026-09-28 06:41:04
4668,4668,85.0,GOOD,False,2026-09-28 06:41:04
4669,4669,85.0,GOOD,False,2026-09-28 06:41:04
4670,4670,85.0,GOOD,False,2026-09-28 06:41:04
4671,4671,85.0,GOOD,False,2026-09-28 06:41:04
4672,4672,85.0,GOOD,False,2026-09-28 06:41:04
4673,4673,85.0,GOOD,False,2026-09-28 06:41:04
4674,4674,85.0,GOOD,False,2026-09-28 06:41:04
4675,4675,85.0,GOOD,False,2026-09-28 06:41:04
4676,4676,85.0,GOOD,False,2026-09-28 06:41:04
4677,4677,85.0,GOOD,False,2026-09-28 06:41:04
4678,4678,85.0,GOOD,False,2026-09-28 06:41:04
4679,4679,85.0,GOOD,False,2026-09-28 06:41:04
4680,4680,85.0,GOOD,False,2026-09-28 06:41:04
4681,4681,85.0,GOOD,False,2026-09-28 06:41:04
4682,4682,85.0,GOOD,False,2026-09-28 06:41:04
4683,4683,85.0,GOOD,False,2026-09-28 06:41:04
4684,4684,85.0,GOOD,False,2026-09-28 06:41:04
4685,4685,85.0,GOOD,False,2026-09-28 06:41:04
4686,4686,85.0,GOOD,False,2026-09-28 06:41:04
4687,4687,85.0,GOOD,False,2026-09-28 06:41:04
4688,4688,85.0,GOOD,False,2026-09-28 06:41:04
4689,4689,85.0,GOOD,False,2026-09-28 06:41:04
4690,4690,85.0,GOOD,False,2026-09-28 06:41:04
4691,4691,85.0,GOOD,False,2026-09-28 06:41:04
4692,4692,85.0,GOOD,False,2026-09-28 06:41:04
4693,4693,85.0,GOOD,False,2026-09-28 06:41:04
4694,4694,85.0,GOOD,False,2026-09-28 06:41:04
4695,4695,85.0,GOOD,False,2026-09-28 06:41:04
4696,4696,85.0,GOOD,False,2026-09-28 06:41:04
4697,4697,85.0,GOOD,False,2026-09-28 06:41:04
4698,4698,85.0,GOOD,False,2026-09-28 06:41:04
4699,4699,85.0,GOOD,False,2026-09-28 06:41:04
4700,4700,85.0,GOOD,False,2026-09-28 06:41:04
4701,4701,85.0,GOOD,False,2026-09-28 06:41:04
4702,4702,85.0,GOOD,False,2026-09-28 06:41:04
4703,4703,85.0,GOOD,False,2026-09-28 06:41:04
4704,4704,85.0,GOOD,False,2026-09-28 06:41:04
4705,4705,85.0,GOOD,False,2026-09-28 06:41:04
4706,4706,85.0,GOOD,False,2026-09-28 06:41:04
4707,4707,85.0,GOOD,False,2026-09-28 06:41:04
4708,4708,85.0,GOOD,False,2026-09-28 06:41:04
4709,4709,85.0,GOOD,False,2026-09-28 06:41:04
4710,4710,85.0,GOOD,False,2026-09-28 06:41:04
4711,4711,85.0,GOOD,False,2026-09-28 06:41:04
4712,4712,85.0,GOOD,False,2026-09-28 06:41:04
4713,4713,85.0,GOOD,False,2026-09-28 06:41:04
4714,4714,85.0,GOOD,False,2026-09-28 06:41:04
4715,4715,85.0,GOOD,False,2026-09-28 06:41:04
4716,4716,85.0,GOOD,False,2026-09-28 06:41:04
4717,4717,85.0,GOOD,False,2026-09-28 06:41:04
4718,4718,85.0,GOOD,False,2026-09-28 06:41:04
4719,4719,85.0,GOOD,False,2026-09-28 06:41:04
4720,4720,85.0,GOOD,False,2026-09-28 06:41:04
4721,4721,85.0,GOOD,False,2026-09-28 06:41:04
4722,4722,85.0,GOOD,False,2026-09-28 06:41:04
4723,4723,85.0,GOOD,False,2026-09-28 06:41:04
4724,4724,85.0,GOOD,False,2026-09-28 06:41:04
4725,4725,85.0,GOOD,False,2026-09-28 06:41:04
4726,4726,85.0,GOOD,False,2026-09-28 06:41:04
4727,4727,85.0,GOOD,False,2026-09-28 06:41:04
4728,4728,85.0,GOOD,False,2026-09-28 06:41:04
4729,4729,85.0,GOOD,False,2026-09-28 06:41:04
4730,4730,85.0,GOOD,False,2026-09-28 06:41:04
4731,4731,85.0,GOOD,False,2026-09-28 06:41:04
4732,4732,85.0,GOOD,False,2026-09-28 06:41:04
4733,4733,85.0,GOOD,False,2026-09-28 06:41:04
4734,4734,85.0,GOOD,False,2026-09-28 06:41:04
4735,4735,85.0,GOOD,False,2026-09-28 06:41:04
4736,4736,85.0,GOOD,False,2026-09-28 06:41:04
4737,4737,85.0,GOOD,False,2026-09-28 06:41:04
4738,4738,85.0,GOOD,False,2026-09-28 06:41:04
4739,4739,85.0,GOOD,False,2026-09-28 06:41:04
4740,4740,85.0,GOOD,False,2026-09-28 06:41:04
4741,4741,85.0,GOOD,False,2026-09-28 06:41:04
4742,4742,85.0,GOOD,False,2026-09-28 06:41:04
4743,4743,85.0,GOOD,False,2026-09-28 06:41:04
4744,4744,85.0,GOOD,False,2026-09-28 06:41:04
4745,4745,85.0,GOOD,False,2026-09-28 06:41:04
4746,4746,85.0,GOOD,False,2026-09-28 06:41:04
4747,4747,85.0,GOOD,False,2026-09-28 06:41:04
4748,4748,85.0,GOOD,False,2026-09-28 06:41:04
4749,4749,85.0,GOOD,False,2026-09-28 06:41:04
4750,4750,85.0,GOOD,False,2026-09-28 06:41:04
4751,4751,85.0,GOOD,False,2026-09-28 06:41:04
4752,4752,85.0,GOOD,False,2026-09-28 06:41:04
4753,4753,85.0,GOOD,False,2026-09-28 06:41:04
4754,4754,85.0,GOOD,False,2026-09-28 06:41:04
4755,4755,85.0,GOOD,False,2026-09-28 06:41:04
4756,4756,85.0,GOOD,False,2026-09-28 06:41:04
4757,4757,85.0,GOOD,False,2026-09-28 06:41:04
4758,4758,85.0,GOOD,False,2026-09-28 06:41:04
4759,4759,85.0,GOOD,False,2026-09-28 06:41:04
4760,4760,85.0,GOOD,False,2026-09-28 06:41:04
4761,4761,85.0,GOOD,False,2026-09-28 06:41:04
4762,4762,85.0,GOOD,False,2026-09-28 06:41:04
4763,4763,85.0,GOOD,False,2026-09-28 06:41:04
4764,4764,85.0,GOOD,False,2026-09-28 06:41:04
4765,4765,85.0,GOOD,False,2026-09-28 06:41:04
4766,4766,85.0,GOOD,False,2026-09-28 06:41:04
4767,4767,85.0,GOOD,False,2026-09-28 06:41:04
4768,4768,85.0,GOOD,False,2026-09-28 06:41:04
4769,4769,85.0,GOOD,False,2026-09-28 06:41:04
4770,4770,85.0,GOOD,False,2026-09-28 06:41:04
4771,4771,85.0,GOOD,False,2026-09-28 06:41:04
4772,4772,85.0,GOOD,False,2026-09-28 06:41:04
4773,4773,85.0,GOOD,False,2026-09-28 06:41:04
4774,4774,85.0,GOOD,False,2026-09-28 06:41:04
4775,4775,85.0,GOOD,False,2026-09-28 06:41:04
4776,4776,85.0,GOOD,False,2026-09-28 06:41:04
4777,4777,85.0,GOOD,False,2026-09-28 06:41:04
4778,4778,85.0,GOOD,False,2026-09-28 06:41:04
4779,4779,85.0,GOOD,False,2026-09-28 06:41:04
4780,4780,85.0,GOOD,False,2026-09-28 06:41:04
4781,4781,85.0,GOOD,False,2026-09-28 06:41:04
4782,4782,85.0,GOOD,False,2026-09-28 06:41:04
4783,4783,85.0,GOOD,False,2026-09-28 06:41:04
4784,4784,85.0,GOOD,False,2026-09-28 06:41:04
4785,4785,85.0,GOOD,False,2026-09-28 06:41:04
4786,4786,85.0,GOOD,False,2026-09-28 06:41:04
4787,4787,85.0,GOOD,False,2026-09-28 06:41:04
4788,4788,85.0,GOOD,False,2026-09-28 06:41:04
4789,4789,85.0,GOOD,False,2026-09-28 06:41:04
4790,4790,85.0,GOOD,False,2026-09-28 06:41:04
4791,4791,85.0,GOOD,False,2026-09-28 06:41:04
4792,4792,85.0,GOOD,False,2026-09-28 06:41:04
4793,4793,85.0,GOOD,False,2026-09-28 06:41:04
4794,4794,85.0,GOOD,False,2026-09-28 06:41:04
4795,4795,85.0,GOOD,False,2026-09-28 06:41:04
4796,4796,85.0,GOOD,False,2026-09-28 06:41:04
4797,4797,85.0,GOOD,False,2026-09-28 06:41:04
4798,4798,85.0,GOOD,False,2026-09-28 06:41:04
4799,4799,85.0,GOOD,False,2026-09-28 06:41:04
4800,4800,85.0,GOOD,False,2026-09-28 06:41:04
4801,4801,85.0,GOOD,False,2026-09-28 06:41:04
4802,4802,85.0,GOOD,False,2026-09-28 06:41:04
4803,4803,85.0,GOOD,False,2026-09-28 06:41:04
4804,4804,85.0,GOOD,False,2026-09-28 06:41:04
4805,4805,85.0,GOOD,False,2026-09-28 06:41:04
4806,4806,85.0,GOOD,False,2026-09-28 06:41:04
4807,4807,80.0,GOOD,False,2026-09-28 06:41:04
4808,4808,80.0,GOOD,False,2026-09-28 06:41:04
4809,4809,80.0,GOOD,False,2026-09-28 06:41:04
4810,4810,80.0,GOOD,False,2026-09-28 06:41:04
4811,4811,80.0,GOOD,False,2026-09-28 06:41:04
4812,4812,80.0,GOOD,False,2026-09-28 06:41:04
4813,4813,80.0,GOOD,False,2026-09-28 06:41:04
4814,4814,80.0,GOOD,False,2026-09-28 06:41:04
4815,4815,80.0,GOOD,False,2026-09-28 06:41:04
4816,4816,80.0,GOOD,False,2026-09-28 06:41:04
4817,4817,80.0,GOOD,False,2026-09-28 06:41:04
4818,4818,80.0,GOOD,False,2026-09-28 06:41:04
4819,4819,80.0,GOOD,False,2026-09-28 06:41:04
4820,4820,80.0,GOOD,False,2026-09-28 06:41:04
4821,4821,80.0,GOOD,False,2026-09-28 06:41:04
4822,4822,80.0,GOOD,False,2026-09-28 06:41:04
4823,4823,80.0,GOOD,False,2026-09-28 06:41:04
4824,4824,80.0,GOOD,False,2026-09-28 06:41:04
4825,4825,80.0,GOOD,False,2026-09-28 06:41:04
4826,4826,80.0,GOOD,False,2026-09-28 06:41:04
4827,4827,80.0,GOOD,False,2026-09-28 06:41:04
4828,4828,80.0,GOOD,False,2026-09-28 06:41:04
4829,4829,80.0,GOOD,False,2026-09-28 06:41:04
4830,4830,80.0,GOOD,False,2026-09-28 06:41:04
4831,4831,80.0,GOOD,False,2026-09-28 06:41:04
4832,4832,80.0,GOOD,False,2026-09-28 06:41:04
4833,4833,80.0,GOOD,False,2026-09-28 06:41:04
4834,4834,80.0,GOOD,False,2026-09-28 06:41:04
4835,4835,80.0,GOOD,False,2026-09-28 06:41:04
4836,4836,80.0,GOOD,False,2026-09-28 06:41:04
4837,4837,80.0,GOOD,False,2026-09-28 06:41:04
4838,4838,80.0,GOOD,False,2026-09-28 06:41:04
4839,4839,80.0,GOOD,False,2026-09-28 06:41:04
4840,4840,80.0,GOOD,False,2026-09-28 06:41:04
4841,4841,80.0,GOOD,False,2026-09-28 06:41:04
4842,4842,80.0,GOOD,False,2026-09-28 06:41:04
4843,4843,80.0,GOOD,False,2026-09-28 06:41:04
4844,4844,80.0,GOOD,False,2026-09-28 06:41:04
4845,4845,80.0,GOOD,False,2026-09-28 06:41:04
4846,4846,80.0,GOOD,False,2026-09-28 06:41:04
4847,4847,80.0,GOOD,False,2026-09-28 06:41:04
4848,4848,80.0,GOOD,False,2026-09-28 06:41:04
4849,4849,80.0,GOOD,False,2026-09-28 06:41:04
4850,4850,80.0,GOOD,False,2026-09-28 06:41:04
4851,4851,80.0,GOOD,False,2026-09-28 06:41:04
4852,4852,80.0,GOOD,False,2026-09-28 06:41:04
4853,4853,80.0,GOOD,False,2026-09-28 06:41:04
4854,4854,80.0,GOOD,False,2026-09-28 06:41:04
4855,4855,80.0,GOOD,False,2026-09-28 06:41:04
4856,4856,80.0,GOOD,False,2026-09-28 06:41:04
4857,4857,80.0,GOOD,False,2026-09-28 06:41:04
4858,4858,80.0,GOOD,False,2026-09-28 06:41:04
4859,4859,80.0,GOOD,False,2026-09-28 06:41:04
4860,4860,80.0,GOOD,False,2026-09-28 06:41:04
4861,4861,75.0,GOOD,False,2026-09-28 06:41:04
4862,4862,75.0,GOOD,False,2026-09-28 06:41:04
4863,4863,75.0,GOOD,False,2026-09-28 06:41:04
4864,4864,75.0,GOOD,False,2026-09-28 06:41:04
4865,4865,75.0,GOOD,False,2026-09-28 06:41:04
4866,4866,75.0,GOOD,False,2026-09-28 06:41:04
4867,4867,75.0,GOOD,False,2026-09-28 06:41:04
4868,4868,75.0,GOOD,False,2026-09-28 06:41:04
4869,4869,75.0,GOOD,False,2026-09-28 06:41:04
4870,4870,75.0,GOOD,False,2026-09-28 06:41:04
4871,4871,75.0,GOOD,False,2026-09-28 06:41:04
4872,4872,75.0,GOOD,False,2026-09-28 06:41:04
4873,4873,75.0,GOOD,False,2026-09-28 06:41:04
4874,4874,75.0,GOOD,False,2026-09-28 06:41:04
4875,4875,75.0,GOOD,False,2026-09-28 06:41:04
4876,4876,75.0,GOOD,False,2026-09-28 06:41:04
4877,4877,75.0,GOOD,False,2026-09-28 06:41:04
4878,4878,75.0,GOOD,False,2026-09-28 06:41:04
4879,4879,75.0,GOOD,False,2026-09-28 06:41:04
4880,4880,75.0,GOOD,False,2026-09-28 06:41:04
4881,4881,75.0,GOOD,False,2026-09-28 06:41:04
4882,4882,75.0,GOOD,False,2026-09-28 06:41:04
4883,4883,75.0,GOOD,False,2026-09-28 06:41:04
4884,4884,75.0,GOOD,False,2026-09-28 06:41:04
4885,4885,75.0,GOOD,False,2026-09-28 06:41:04
4886,4886,75.0,GOOD,False,2026-09-28 06:41:04
4887,4887,75.0,GOOD,False,2026-09-28 06:41:04
4888,4888,75.0,GOOD,False,2026-09-28 06:41:04
4889,4889,75.0,GOOD,False,2026-09-28 06:41:04
4890,4890,75.0,GOOD,False,2026-09-28 06:41:04
4891,4891,75.0,GOOD,False,2026-09-28 06:41:04
4892,4892,75.0,GOOD,False,2026-09-28 06:41:04
4893,4893,75.0,GOOD,False,2026-09-28 06:41:04
4894,4894,75.0,GOOD,False,2026-09-28 06:41:04
4895,4895,75.0,GOOD,False,2026-09-28 06:41:04
4896,4896,75.0,GOOD,False,2026-09-28 06:41:04
4897,4897,75.0,GOOD,False,2026-09-28 06:41:04
4898,4898,75.0,GOOD,False,2026-09-28 06:41:04
4899,4899,75.0,GOOD,False,2026-09-28 06:41:04
4900,4900,75.0,GOOD,False,2026-09-28 06:41:04
4901,4901,75.0,GOOD,False,2026-09-28 06:41:04
4902,4902,75.0,GOOD,False,2026-09-28 06:41:04
4903,4903,75.0,GOOD,False,2026-09-28 06:41:04
4904,4904,75.0,GOOD,False,2026-09-28 06:41:04
4905,4905,75.0,GOOD,False,2026-09-28 06:41:04
4906,4906,75.0,GOOD,False,2026-09-28 06:41:04
4907,4907,75.0,GOOD,False,2026-09-28 06:41:04
4908,4908,75.0,GOOD,False,2026-09-28 06:41:04
4909,4909,75.0,GOOD,False,2026-09-28 06:41:04
4910,4910,75.0,GOOD,False,2026-09-28 06:41:04
4911,4911,75.0,GOOD,False,2026-09-28 06:41:04
4912,4912,75.0,GOOD,False,2026-09-28 06:41:04
4913,4913,75.0,GOOD,False,2026-09-28 06:41:04
4914,4914,75.0,GOOD,False,2026-09-28 06:41:04
4915,4915,75.0,GOOD,False,2026-09-28 06:41:04
4916,4916,75.0,GOOD,False,2026-09-28 06:41:04
4917,4917,75.0,GOOD,False,2026-09-28 06:41:04
4918,4918,75.0,GOOD,False,2026-09-28 06:41:04
4919,4919,75.0,GOOD,False,2026-09-28 06:41:04
4920,4920,75.0,GOOD,False,2026-09-28 06:41:04
4921,4921,75.0,GOOD,False,2026-09-28 06:41:04
4922,4922,75.0,GOOD,False,2026-09-28 06:41:04
4923,4923,75.0,GOOD,False,2026-09-28 06:41:04
4924,4924,75.0,GOOD,False,2026-09-28 06:41:04
4925,4925,75.0,GOOD,False,2026-09-28 06:41:04
4926,4926,75.0,GOOD,False,2026-09-28 06:41:04
4927,4927,75.0,GOOD,False,2026-09-28 06:41:04
4928,4928,75.0,GOOD,False,2026-09-28 06:41:04
4929,4929,75.0,GOOD,False,2026-09-28 06:41:04
4930,4930,75.0,GOOD,False,2026-09-28 06:41:04
4931,4931,75.0,GOOD,False,2026-09-28 06:41:04
4932,4932,75.0,GOOD,False,2026-09-28 06:41:04
4933,4933,75.0,GOOD,False,2026-09-28 06:41:04
4934,4934,75.0,GOOD,False,2026-09-28 06:41:04
4935,4935,75.0,GOOD,False,2026-09-28 06:41:04
4936,4936,75.0,GOOD,False,2026-09-28 06:41:04
4937,4937,75.0,GOOD,False,2026-09-28 06:41:04
4938,4938,75.0,GOOD,False,2026-09-28 06:41:04
4939,4939,75.0,GOOD,False,2026-09-28 06:41:04
4940,4940,75.0,GOOD,False,2026-09-28 06:41:04
4941,4941,75.0,GOOD,False,2026-09-28 06:41:04
4942,4942,75.0,GOOD,False,2026-09-28 06:41:04
4943,4943,75.0,GOOD,False,2026-09-28 06:41:04
4944,4944,75.0,GOOD,False,2026-09-28 06:41:04
4945,4945,75.0,GOOD,False,2026-09-28 06:41:04
4946,4946,75.0,GOOD,False,2026-09-28 06:41:04
4947,4947,75.0,GOOD,False,2026-09-28 06:41:04
4948,4948,75.0,GOOD,False,2026-09-28 06:41:04
4949,4949,75.0,GOOD,False,2026-09-28 06:41:04
4950,4950,75.0,GOOD,False,2026-09-28 06:41:04
4951,4951,75.0,GOOD,False,2026-09-28 06:41:04
4952,4952,75.0,GOOD,False,2026-09-28 06:41:04
4953,4953,75.0,GOOD,False,2026-09-28 06:41:04
4954,4954,75.0,GOOD,False,2026-09-28 06:41:04
4955,4955,75.0,GOOD,False,2026-09-28 06:41:04
4956,4956,75.0,GOOD,False,2026-09-28 06:41:04
4957,4957,75.0,GOOD,False,2026-09-28 06:41:04
4958,4958,75.0,GOOD,False,2026-09-28 06:41:04
4959,4959,75.0,GOOD,False,2026-09-28 06:41:04
4960,4960,75.0,GOOD,False,2026-09-28 06:41:04
4961,4961,75.0,GOOD,False,2026-09-28 06:41:04
4962,4962,75.0,GOOD,False,2026-09-28 06:41:04
4963,4963,75.0,GOOD,False,2026-09-28 06:41:04
4964,4964,75.0,GOOD,False,2026-09-28 06:41:04
4965,4965,75.0,GOOD,False,2026-09-28 06:41:04
4966,4966,75.0,GOOD,False,2026-09-28 06:41:04
4967,4967,75.0,GOOD,False,2026-09-28 06:41:04
4968,4968,75.0,GOOD,False,2026-09-28 06:41:04
4969,4969,75.0,GOOD,False,2026-09-28 06:41:04
4970,4970,75.0,GOOD,False,2026-09-28 06:41:04
4971,4971,75.0,GOOD,False,2026-09-28 06:41:04
4972,4972,75.0,GOOD,False,2026-09-28 06:41:04
4973,4973,75.0,GOOD,False,2026-09-28 06:41:04
4974,4974,75.0,GOOD,False,2026-09-28 06:41:04
4975,4975,75.0,GOOD,False,2026-09-28 06:41:04
4976,4976,75.0,GOOD,False,2026-09-28 06:41:04
4977,4977,75.0,GOOD,False,2026-09-28 06:41:04
4978,4978,75.0,GOOD,False,2026-09-28 06:41:04
4979,4979,75.0,GOOD,False,2026-09-28 06:41:04
4980,4980,75.0,GOOD,False,2026-09-28 06:41:04
4981,4981,75.0,GOOD,False,2026-09-28 06:41:04
4982,4982,75.0,GOOD,False,2026-09-28 06:41:04
4983,4983,75.0,GOOD,False,2026-09-28 06:41:04
4984,4984,75.0,GOOD,False,2026-09-28 06:41:04
4985,4985,75.0,GOOD,False,2026-09-28 06:41:04
4986,4986,75.0,GOOD,False,2026-09-28 06:41:04
4987,4987,75.0,GOOD,False,2026-09-28 06:41:04
4988,4988,75.0,GOOD,False,2026-09-28 06:41:04
4989,4989,75.0,GOOD,False,2026-09-28 06:41:04
4990,4990,75.0,GOOD,False,2026-09-28 06:41:04
4991,4991,75.0,GOOD,False,2026-09-28 06:41:04
4992,4992,75.0,GOOD,False,2026-09-28 06:41:04
4993,4993,70.0,WARNING,False,2026-09-28 06:41:04
4994,4994,70.0,WARNING,False,2026-09-28 06:41:04
4995,4995,70.0,WARNING,False,2026-09-28 06:41:04
4996,4996,70.0,WARNING,False,2026-09-28 06:41:04
4997,4997,70.0,WARNING,False,2026-09-28 06:41:04
4998,4998,70.0,WARNING,False,2026-09-28 06:41:04
4999,4999,70.0,WARNING,False,2026-09-28 06:41:04
5000,5000,70.0,WARNING,False,2026-09-28 06:41:04
5001,5001,70.0,WARNING,False,2026-09-28 06:41:04
5002,5002,70.0,WARNING,False,2026-09-28 06:41:04
5003,5003,70.0,WARNING,False,2026-09-28 06:41:04
5004,5004,70.0,WARNING,False,2026-09-28 06:41:04
5005,5005,70.0,WARNING,False,2026-09-28 06:41:04
5006,5006,70.0,WARNING,False,2026-09-28 06:41:04
5007,5007,70.0,WARNING,False,2026-09-28 06:41:04
5008,5008,70.0,WARNING,False,2026-09-28 06:41:04
5009,5009,70.0,WARNING,False,2026-09-28 06:41:04
5010,5010,70.0,WARNING,False,2026-09-28 06:41:04
5011,5011,70.0,WARNING,False,2026-09-28 06:41:04
5012,5012,70.0,WARNING,False,2026-09-28 06:41:04
5013,5013,70.0,WARNING,False,2026-09-28 06:41:04
5014,5014,70.0,WARNING,False,2026-09-28 06:41:04
5015,5015,70.0,WARNING,False,2026-09-28 06:41:04
5016,5016,70.0,WARNING,False,2026-09-28 06:41:04
5017,5017,70.0,WARNING,False,2026-09-28 06:41:04
5018,5018,70.0,WARNING,False,2026-09-28 06:41:04
5019,5019,70.0,WARNING,False,2026-09-28 06:41:04
5020,5020,70.0,WARNING,False,2026-09-28 06:41:04
5021,5021,70.0,WARNING,False,2026-09-28 06:41:04
5022,5022,70.0,WARNING,False,2026-09-28 06:41:04
5023,5023,70.0,WARNING,False,2026-09-28 06:41:04
5024,5024,70.0,WARNING,False,2026-09-28 06:41:04
5025,5025,70.0,WARNING,False,2026-09-28 06:41:04
5026,5026,70.0,WARNING,False,2026-09-28 06:41:04
5027,5027,70.0,WARNING,False,2026-09-28 06:41:04
5028,5028,70.0,WARNING,False,2026-09-28 06:41:04
5029,5029,70.0,WARNING,False,2026-09-28 06:41:04
5030,5030,70.0,WARNING,False,2026-09-28 06:41:04
5031,5031,70.0,WARNING,False,2026-09-28 06:41:04
5032,5032,70.0,WARNING,False,2026-09-28 06:41:04
5033,5033,70.0,WARNING,False,2026-09-28 06:41:04
5034,5034,70.0,WARNING,False,2026-09-28 06:41:04
5035,5035,70.0,WARNING,False,2026-09-28 06:41:04
5036,5036,70.0,WARNING,False,2026-09-28 06:41:04
5037,5037,70.0,WARNING,False,2026-09-28 06:41:04
5038,5038,70.0,WARNING,False,2026-09-28 06:41:04
5039,5039,70.0,WARNING,False,2026-09-28 06:41:04
5040,5040,70.0,WARNING,False,2026-09-28 06:41:04
5041,5041,70.0,WARNING,False,2026-09-28 06:41:04
5042,5042,70.0,WARNING,False,2026-09-28 06:41:04
5043,5043,70.0,WARNING,False,2026-09-28 06:41:04
5044,5044,70.0,WARNING,False,2026-09-28 06:41:04
5045,5045,70.0,WARNING,False,2026-09-28 06:41:04
5046,5046,70.0,WARNING,False,2026-09-28 06:41:04
5047,5047,70.0,WARNING,False,2026-09-28 06:41:04
5048,5048,70.0,WARNING,False,2026-09-28 06:41:04
5049,5049,70.0,WARNING,False,2026-09-28 06:41:04
5050,5050,70.0,WARNING,False,2026-09-28 06:41:04
5051,5051,70.0,WARNING,False,2026-09-28 06:41:04
5052,5052,70.0,WARNING,False,2026-09-28 06:41:04
5053,5053,70.0,WARNING,False,2026-09-28 06:41:04
5054,5054,70.0,WARNING,False,2026-09-28 06:41:04
5055,5055,70.0,WARNING,False,2026-09-28 06:41:04
5056,5056,70.0,WARNING,False,2026-09-28 06:41:04
5057,5057,70.0,WARNING,False,2026-09-28 06:41:04
5058,5058,70.0,WARNING,False,2026-09-28 06:41:04
5059,5059,70.0,WARNING,False,2026-09-28 06:41:04
5060,5060,70.0,WARNING,False,2026-09-28 06:41:04
5061,5061,70.0,WARNING,False,2026-09-28 06:41:04
5062,5062,70.0,WARNING,False,2026-09-28 06:41:04
5063,5063,70.0,WARNING,False,2026-09-28 06:41:04
5064,5064,70.0,WARNING,False,2026-09-28 06:41:04
5065,5065,70.0,WARNING,False,2026-09-28 06:41:04
5066,5066,70.0,WARNING,False,2026-09-28 06:41:04
5067,5067,70.0,WARNING,False,2026-09-28 06:41:04
5068,5068,70.0,WARNING,False,2026-09-28 06:41:04
5069,5069,70.0,WARNING,False,2026-09-28 06:41:04
5070,5070,70.0,WARNING,False,2026-09-28 06:41:04
5071,5071,70.0,WARNING,False,2026-09-28 06:41:04
5072,5072,70.0,WARNING,False,2026-09-28 06:41:04
5073,5073,70.0,WARNING,False,2026-09-28 06:41:04
5074,5074,70.0,WARNING,False,2026-09-28 06:41:04
5075,5075,70.0,WARNING,False,2026-09-28 06:41:04
5076,5076,70.0,WARNING,False,2026-09-28 06:41:04
5077,5077,70.0,WARNING,False,2026-09-28 06:41:04
5078,5078,70.0,WARNING,False,2026-09-28 06:41:04
5079,5079,70.0,WARNING,False,2026-09-28 06:41:04
5080,5080,70.0,WARNING,False,2026-09-28 06:41:04
5081,5081,70.0,WARNING,False,2026-09-28 06:41:04
5082,5082,70.0,WARNING,False,2026-09-28 06:41:04
5083,5083,70.0,WARNING,False,2026-09-28 06:41:04
5084,5084,70.0,WARNING,False,2026-09-28 06:41:04
5085,5085,70.0,WARNING,False,2026-09-28 06:41:04
5086,5086,70.0,WARNING,False,2026-09-28 06:41:04
5087,5087,70.0,WARNING,False,2026-09-28 06:41:04
5088,5088,70.0,WARNING,False,2026-09-28 06:41:04
5089,5089,70.0,WARNING,False,2026-09-28 06:41:04
5090,5090,70.0,WARNING,False,2026-09-28 06:41:04
5091,5091,70.0,WARNING,False,2026-09-28 06:41:04
5092,5092,70.0,WARNING,False,2026-09-28 06:41:04
5093,5093,70.0,WARNING,False,2026-09-28 06:41:04
5094,5094,70.0,WARNING,False,2026-09-28 06:41:04
5095,5095,70.0,WARNING,False,2026-09-28 06:41:04
5096,5096,70.0,WARNING,False,2026-09-28 06:41:04
5097,5097,70.0,WARNING,False,2026-09-28 06:41:04
5098,5098,70.0,WARNING,False,2026-09-28 06:41:04
5099,5099,70.0,WARNING,False,2026-09-28 06:41:04
5100,5100,70.0,WARNING,False,2026-09-28 06:41:04
5101,5101,70.0,WARNING,False,2026-09-28 06:41:04
5102,5102,70.0,WARNING,False,2026-09-28 06:41:04
5103,5103,70.0,WARNING,False,2026-09-28 06:41:04
5104,5104,70.0,WARNING,False,2026-09-28 06:41:04
5105,5105,70.0,WARNING,False,2026-09-28 06:41:04
5106,5106,70.0,WARNING,False,2026-09-28 06:41:04
5107,5107,70.0,WARNING,False,2026-09-28 06:41:04
5108,5108,70.0,WARNING,False,2026-09-28 06:41:04
5109,5109,70.0,WARNING,False,2026-09-28 06:41:04
5110,5110,70.0,WARNING,False,2026-09-28 06:41:04
5111,5111,70.0,WARNING,False,2026-09-28 06:41:04
5112,5112,70.0,WARNING,False,2026-09-28 06:41:04
5113,5113,70.0,WARNING,False,2026-09-28 06:41:04
5114,5114,70.0,WARNING,False,2026-09-28 06:41:04
5115,5115,70.0,WARNING,False,2026-09-28 06:41:04
5116,5116,70.0,WARNING,False,2026-09-28 06:41:04
5117,5117,70.0,WARNING,False,2026-09-28 06:41:04
5118,5118,70.0,WARNING,False,2026-09-28 06:41:04
5119,5119,70.0,WARNING,False,2026-09-28 06:41:04
5120,5120,70.0,WARNING,False,2026-09-28 06:41:04
5121,5121,70.0,WARNING,False,2026-09-28 06:41:04
5122,5122,70.0,WARNING,False,2026-09-28 06:41:04
5123,5123,70.0,WARNING,False,2026-09-28 06:41:04
5124,5124,70.0,WARNING,False,2026-09-28 06:41:04
5125,5125,70.0,WARNING,False,2026-09-28 06:41:04
5126,5126,70.0,WARNING,False,2026-09-28 06:41:04
5127,5127,70.0,WARNING,False,2026-09-28 06:41:04
5128,5128,70.0,WARNING,False,2026-09-28 06:41:04
5129,5129,70.0,WARNING,False,2026-09-28 06:41:04
5130,5130,70.0,WARNING,False,2026-09-28 06:41:04
5131,5131,70.0,WARNING,False,2026-09-28 06:41:04
5132,5132,70.0,WARNING,False,2026-09-28 06:41:04
5133,5133,70.0,WARNING,False,2026-09-28 06:41:04
5134,5134,70.0,WARNING,False,2026-09-28 06:41:04
5135,5135,70.0,WARNING,False,2026-09-28 06:41:04
5136,5136,70.0,WARNING,False,2026-09-28 06:41:04
5137,5137,70.0,WARNING,False,2026-09-28 06:41:04
5138,5138,70.0,WARNING,False,2026-09-28 06:41:04
5139,5139,70.0,WARNING,False,2026-09-28 06:41:04
5140,5140,70.0,WARNING,False,2026-09-28 06:41:04
5141,5141,70.0,WARNING,False,2026-09-28 06:41:04
5142,5142,70.0,WARNING,False,2026-09-28 06:41:04
5143,5143,70.0,WARNING,False,2026-09-28 06:41:04
5144,5144,70.0,WARNING,False,2026-09-28 06:41:04
5145,5145,70.0,WARNING,False,2026-09-28 06:41:04
5146,5146,70.0,WARNING,False,2026-09-28 06:41:04
5147,5147,70.0,WARNING,False,2026-09-28 06:41:04
5148,5148,70.0,WARNING,False,2026-09-28 06:41:04
5149,5149,70.0,WARNING,False,2026-09-28 06:41:04
5150,5150,70.0,WARNING,False,2026-09-28 06:41:04
5151,5151,70.0,WARNING,False,2026-09-28 06:41:04
5152,5152,70.0,WARNING,False,2026-09-28 06:41:04
5153,5153,70.0,WARNING,False,2026-09-28 06:41:04
5154,5154,70.0,WARNING,False,2026-09-28 06:41:04
5155,5155,70.0,WARNING,False,2026-09-28 06:41:04
5156,5156,70.0,WARNING,False,2026-09-28 06:41:04
5157,5157,70.0,WARNING,False,2026-09-28 06:41:04
5158,5158,70.0,WARNING,False,2026-09-28 06:41:04
5159,5159,70.0,WARNING,False,2026-09-28 06:41:04
5160,5160,70.0,WARNING,False,2026-09-28 06:41:04
5161,5161,70.0,WARNING,False,2026-09-28 06:41:04
5162,5162,70.0,WARNING,False,2026-09-28 06:41:04
5163,5163,70.0,WARNING,False,2026-09-28 06:41:04
5164,5164,70.0,WARNING,False,2026-09-28 06:41:04
5165,5165,70.0,WARNING,False,2026-09-28 06:41:04
5166,5166,70.0,WARNING,False,2026-09-28 06:41:04
5167,5167,70.0,WARNING,False,2026-09-28 06:41:04
5168,5168,70.0,WARNING,False,2026-09-28 06:41:04
5169,5169,70.0,WARNING,False,2026-09-28 06:41:04
5170,5170,70.0,WARNING,False,2026-09-28 06:41:04
5171,5171,70.0,WARNING,False,2026-09-28 06:41:04
5172,5172,70.0,WARNING,False,2026-09-28 06:41:04
5173,5173,70.0,WARNING,False,2026-09-28 06:41:04
5174,5174,70.0,WARNING,False,2026-09-28 06:41:04
5175,5175,70.0,WARNING,False,2026-09-28 06:41:04
5176,5176,70.0,WARNING,False,2026-09-28 06:41:04
5177,5177,70.0,WARNING,False,2026-09-28 06:41:04
5178,5178,70.0,WARNING,False,2026-09-28 06:41:04
5179,5179,70.0,WARNING,False,2026-09-28 06:41:04
5180,5180,70.0,WARNING,False,2026-09-28 06:41:04
5181,5181,70.0,WARNING,False,2026-09-28 06:41:04
5182,5182,70.0,WARNING,False,2026-09-28 06:41:04
5183,5183,70.0,WARNING,False,2026-09-28 06:41:04
5184,5184,70.0,WARNING,False,2026-09-28 06:41:04
5185,5185,70.0,WARNING,False,2026-09-28 06:41:04
5186,5186,70.0,WARNING,False,2026-09-28 06:41:04
5187,5187,70.0,WARNING,False,2026-09-28 06:41:04
5188,5188,70.0,WARNING,False,2026-09-28 06:41:04
5189,5189,70.0,WARNING,False,2026-09-28 06:41:04
5190,5190,70.0,WARNING,False,2026-09-28 06:41:04
5191,5191,70.0,WARNING,False,2026-09-28 06:41:04
5192,5192,70.0,WARNING,False,2026-09-28 06:41:04
5193,5193,70.0,WARNING,False,2026-09-28 06:41:04
5194,5194,70.0,WARNING,False,2026-09-28 06:41:04
5195,5195,70.0,WARNING,False,2026-09-28 06:41:04
5196,5196,70.0,WARNING,False,2026-09-28 06:41:04
5197,5197,70.0,WARNING,False,2026-09-28 06:41:04
5198,5198,70.0,WARNING,False,2026-09-28 06:41:04
5199,5199,70.0,WARNING,False,2026-09-28 06:41:04
5200,5200,70.0,WARNING,False,2026-09-28 06:41:04
5201,5201,70.0,WARNING,False,2026-09-28 06:41:04
5202,5202,70.0,WARNING,False,2026-09-28 06:41:04
5203,5203,70.0,WARNING,False,2026-09-28 06:41:04
5204,5204,70.0,WARNING,False,2026-09-28 06:41:04
5205,5205,70.0,WARNING,False,2026-09-28 06:41:04
5206,5206,70.0,WARNING,False,2026-09-28 06:41:04
5207,5207,70.0,WARNING,False,2026-09-28 06:41:04
5208,5208,70.0,WARNING,False,2026-09-28 06:41:04
5209,5209,70.0,WARNING,False,2026-09-28 06:41:04
5210,5210,70.0,WARNING,False,2026-09-28 06:41:04
5211,5211,70.0,WARNING,False,2026-09-28 06:41:04
5212,5212,70.0,WARNING,False,2026-09-28 06:41:04
5213,5213,70.0,WARNING,False,2026-09-28 06:41:04
5214,5214,70.0,WARNING,False,2026-09-28 06:41:04
5215,5215,70.0,WARNING,False,2026-09-28 06:41:04
5216,5216,70.0,WARNING,False,2026-09-28 06:41:04
5217,5217,70.0,WARNING,False,2026-09-28 06:41:04
5218,5218,70.0,WARNING,False,2026-09-28 06:41:04
5219,5219,70.0,WARNING,False,2026-09-28 06:41:04
5220,5220,70.0,WARNING,False,2026-09-28 06:41:04
5221,5221,70.0,WARNING,False,2026-09-28 06:41:04
5222,5222,70.0,WARNING,False,2026-09-28 06:41:04
5223,5223,70.0,WARNING,False,2026-09-28 06:41:04
5224,5224,70.0,WARNING,False,2026-09-28 06:41:04
5225,5225,70.0,WARNING,False,2026-09-28 06:41:04
5226,5226,70.0,WARNING,False,2026-09-28 06:41:04
5227,5227,70.0,WARNING,False,2026-09-28 06:41:04
5228,5228,70.0,WARNING,False,2026-09-28 06:41:04
5229,5229,70.0,WARNING,False,2026-09-28 06:41:04
5230,5230,70.0,WARNING,False,2026-09-28 06:41:04
5231,5231,70.0,WARNING,False,2026-09-28 06:41:04
5232,5232,70.0,WARNING,False,2026-09-28 06:41:04
5233,5233,70.0,WARNING,False,2026-09-28 06:41:04
5234,5234,70.0,WARNING,False,2026-09-28 06:41:04
5235,5235,70.0,WARNING,False,2026-09-28 06:41:04
5236,5236,70.0,WARNING,False,2026-09-28 06:41:04
5237,5237,70.0,WARNING,False,2026-09-28 06:41:04
5238,5238,70.0,WARNING,False,2026-09-28 06:41:04
5239,5239,70.0,WARNING,False,2026-09-28 06:41:04
5240,5240,70.0,WARNING,False,2026-09-28 06:41:04
5241,5241,70.0,WARNING,False,2026-09-28 06:41:04
5242,5242,70.0,WARNING,False,2026-09-28 06:41:04
5243,5243,70.0,WARNING,False,2026-09-28 06:41:04
5244,5244,70.0,WARNING,False,2026-09-28 06:41:04
5245,5245,70.0,WARNING,False,2026-09-28 06:41:04
5246,5246,70.0,WARNING,False,2026-09-28 06:41:04
5247,5247,70.0,WARNING,False,2026-09-28 06:41:04
5248,5248,70.0,WARNING,False,2026-09-28 06:41:04
5249,5249,70.0,WARNING,False,2026-09-28 06:41:04
5250,5250,70.0,WARNING,False,2026-09-28 06:41:04
5251,5251,70.0,WARNING,False,2026-09-28 06:41:04
5252,5252,70.0,WARNING,False,2026-09-28 06:41:04
5253,5253,70.0,WARNING,False,2026-09-28 06:41:04
5254,5254,70.0,WARNING,False,2026-09-28 06:41:04
5255,5255,70.0,WARNING,False,2026-09-28 06:41:04
5256,5256,70.0,WARNING,False,2026-09-28 06:41:04
5257,5257,70.0,WARNING,False,2026-09-28 06:41:04
5258,5258,70.0,WARNING,False,2026-09-28 06:41:04
5259,5259,70.0,WARNING,False,2026-09-28 06:41:04
5260,5260,70.0,WARNING,False,2026-09-28 06:41:04
5261,5261,70.0,WARNING,False,2026-09-28 06:41:04
5262,5262,70.0,WARNING,False,2026-09-28 06:41:04
5263,5263,70.0,WARNING,False,2026-09-28 06:41:04
5264,5264,70.0,WARNING,False,2026-09-28 06:41:04
5265,5265,70.0,WARNING,False,2026-09-28 06:41:04
5266,5266,70.0,WARNING,False,2026-09-28 06:41:04
5267,5267,70.0,WARNING,False,2026-09-28 06:41:04
5268,5268,70.0,WARNING,False,2026-09-28 06:41:04
5269,5269,70.0,WARNING,False,2026-09-28 06:41:04
5270,5270,70.0,WARNING,False,2026-09-28 06:41:04
5271,5271,70.0,WARNING,False,2026-09-28 06:41:04
5272,5272,70.0,WARNING,False,2026-09-28 06:41:04
5273,5273,70.0,WARNING,False,2026-09-28 06:41:04
5274,5274,70.0,WARNING,False,2026-09-28 06:41:04
5275,5275,70.0,WARNING,False,2026-09-28 06:41:04
5276,5276,70.0,WARNING,False,2026-09-28 06:41:04
5277,5277,70.0,WARNING,False,2026-09-28 06:41:04
5278,5278,70.0,WARNING,False,2026-09-28 06:41:04
5279,5279,70.0,WARNING,False,2026-09-28 06:41:04
5280,5280,70.0,WARNING,False,2026-09-28 06:41:04
5281,5281,70.0,WARNING,False,2026-09-28 06:41:04
5282,5282,70.0,WARNING,False,2026-09-28 06:41:04
5283,5283,70.0,WARNING,False,2026-09-28 06:41:04
5284,5284,70.0,WARNING,False,2026-09-28 06:41:04
5285,5285,70.0,WARNING,False,2026-09-28 06:41:04
5286,5286,70.0,WARNING,False,2026-09-28 06:41:04
5287,5287,70.0,WARNING,False,2026-09-28 06:41:04
5288,5288,70.0,WARNING,False,2026-09-28 06:41:04
5289,5289,70.0,WARNING,False,2026-09-28 06:41:04
5290,5290,70.0,WARNING,False,2026-09-28 06:41:04
5291,5291,70.0,WARNING,False,2026-09-28 06:41:04
5292,5292,70.0,WARNING,False,2026-09-28 06:41:04
5293,5293,70.0,WARNING,False,2026-09-28 06:41:04
5294,5294,70.0,WARNING,False,2026-09-28 06:41:04
5295,5295,70.0,WARNING,False,2026-09-28 06:41:04
5296,5296,70.0,WARNING,False,2026-09-28 06:41:04
5297,5297,70.0,WARNING,False,2026-09-28 06:41:04
5298,5298,70.0,WARNING,False,2026-09-28 06:41:04
5299,5299,70.0,WARNING,False,2026-09-28 06:41:04
5300,5300,70.0,WARNING,False,2026-09-28 06:41:04
5301,5301,70.0,WARNING,False,2026-09-28 06:41:04
5302,5302,70.0,WARNING,False,2026-09-28 06:41:04
5303,5303,70.0,WARNING,False,2026-09-28 06:41:04
5304,5304,70.0,WARNING,False,2026-09-28 06:41:04
5305,5305,70.0,WARNING,False,2026-09-28 06:41:04
5306,5306,70.0,WARNING,False,2026-09-28 06:41:04
5307,5307,70.0,WARNING,False,2026-09-28 06:41:04
5308,5308,70.0,WARNING,False,2026-09-28 06:41:04
5309,5309,70.0,WARNING,False,2026-09-28 06:41:04
5310,5310,70.0,WARNING,False,2026-09-28 06:41:04
5311,5311,70.0,WARNING,False,2026-09-28 06:41:04
5312,5312,70.0,WARNING,False,2026-09-28 06:41:04
5313,5313,70.0,WARNING,False,2026-09-28 06:41:04
5314,5314,70.0,WARNING,False,2026-09-28 06:41:04
5315,5315,70.0,WARNING,False,2026-09-28 06:41:04
5316,5316,70.0,WARNING,False,2026-09-28 06:41:04
5317,5317,70.0,WARNING,False,2026-09-28 06:41:04
5318,5318,70.0,WARNING,False,2026-09-28 06:41:04
5319,5319,70.0,WARNING,False,2026-09-28 06:41:04
5320,5320,70.0,WARNING,False,2026-09-28 06:41:04
5321,5321,70.0,WARNING,False,2026-09-28 06:41:04
5322,5322,70.0,WARNING,False,2026-09-28 06:41:04
5323,5323,70.0,WARNING,False,2026-09-28 06:41:04
5324,5324,70.0,WARNING,False,2026-09-28 06:41:04
5325,5325,70.0,WARNING,False,2026-09-28 06:41:04
5326,5326,70.0,WARNING,False,2026-09-28 06:41:04
5327,5327,70.0,WARNING,False,2026-09-28 06:41:04
5328,5328,70.0,WARNING,False,2026-09-28 06:41:04
5329,5329,70.0,WARNING,False,2026-09-28 06:41:04
5330,5330,70.0,WARNING,False,2026-09-28 06:41:04
5331,5331,70.0,WARNING,False,2026-09-28 06:41:04
5332,5332,70.0,WARNING,False,2026-09-28 06:41:04
5333,5333,70.0,WARNING,False,2026-09-28 06:41:04
5334,5334,70.0,WARNING,False,2026-09-28 06:41:04
5335,5335,70.0,WARNING,False,2026-09-28 06:41:04
5336,5336,70.0,WARNING,False,2026-09-28 06:41:04
5337,5337,70.0,WARNING,False,2026-09-28 06:41:04
5338,5338,70.0,WARNING,False,2026-09-28 06:41:04
5339,5339,70.0,WARNING,False,2026-09-28 06:41:04
5340,5340,70.0,WARNING,False,2026-09-28 06:41:04
5341,5341,70.0,WARNING,False,2026-09-28 06:41:04
5342,5342,70.0,WARNING,False,2026-09-28 06:41:04
5343,5343,70.0,WARNING,False,2026-09-28 06:41:04
5344,5344,70.0,WARNING,False,2026-09-28 06:41:04
5345,5345,70.0,WARNING,False,2026-09-28 06:41:04
5346,5346,70.0,WARNING,False,2026-09-28 06:41:04
5347,5347,70.0,WARNING,False,2026-09-28 06:41:04
5348,5348,70.0,WARNING,False,2026-09-28 06:41:04
5349,5349,70.0,WARNING,False,2026-09-28 06:41:04
5350,5350,70.0,WARNING,False,2026-09-28 06:41:04
5351,5351,70.0,WARNING,False,2026-09-28 06:41:04
5352,5352,70.0,WARNING,False,2026-09-28 06:41:04
5353,5353,70.0,WARNING,False,2026-09-28 06:41:04
5354,5354,70.0,WARNING,False,2026-09-28 06:41:04
5355,5355,70.0,WARNING,False,2026-09-28 06:41:04
5356,5356,70.0,WARNING,False,2026-09-28 06:41:04
5357,5357,70.0,WARNING,False,2026-09-28 06:41:04
5358,5358,70.0,WARNING,False,2026-09-28 06:41:04
5359,5359,70.0,WARNING,False,2026-09-28 06:41:04
5360,5360,70.0,WARNING,False,2026-09-28 06:41:04
5361,5361,70.0,WARNING,False,2026-09-28 06:41:04
5362,5362,70.0,WARNING,False,2026-09-28 06:41:04
5363,5363,70.0,WARNING,False,2026-09-28 06:41:04
5364,5364,70.0,WARNING,False,2026-09-28 06:41:04
5365,5365,70.0,WARNING,False,2026-09-28 06:41:04
5366,5366,70.0,WARNING,False,2026-09-28 06:41:04
5367,5367,70.0,WARNING,False,2026-09-28 06:41:04
5368,5368,70.0,WARNING,False,2026-09-28 06:41:04
5369,5369,70.0,WARNING,False,2026-09-28 06:41:04
5370,5370,70.0,WARNING,False,2026-09-28 06:41:04
5371,5371,70.0,WARNING,False,2026-09-28 06:41:04
5372,5372,70.0,WARNING,False,2026-09-28 06:41:04
5373,5373,70.0,WARNING,False,2026-09-28 06:41:04
5374,5374,70.0,WARNING,False,2026-09-28 06:41:04
5375,5375,70.0,WARNING,False,2026-09-28 06:41:04
5376,5376,70.0,WARNING,False,2026-09-28 06:41:04
5377,5377,70.0,WARNING,False,2026-09-28 06:41:04
5378,5378,70.0,WARNING,False,2026-09-28 06:41:04
5379,5379,70.0,WARNING,False,2026-09-28 06:41:04
5380,5380,70.0,WARNING,False,2026-09-28 06:41:04
5381,5381,70.0,WARNING,False,2026-09-28 06:41:04
5382,5382,70.0,WARNING,False,2026-09-28 06:41:04
5383,5383,70.0,WARNING,False,2026-09-28 06:41:04
5384,5384,70.0,WARNING,False,2026-09-28 06:41:04
5385,5385,70.0,WARNING,False,2026-09-28 06:41:04
5386,5386,70.0,WARNING,False,2026-09-28 06:41:04
5387,5387,70.0,WARNING,False,2026-09-28 06:41:04
5388,5388,70.0,WARNING,False,2026-09-28 06:41:04
5389,5389,70.0,WARNING,False,2026-09-28 06:41:04
5390,5390,70.0,WARNING,False,2026-09-28 06:41:04
5391,5391,70.0,WARNING,False,2026-09-28 06:41:04
5392,5392,70.0,WARNING,False,2026-09-28 06:41:04
5393,5393,70.0,WARNING,False,2026-09-28 06:41:04
5394,5394,70.0,WARNING,False,2026-09-28 06:41:04
5395,5395,70.0,WARNING,False,2026-09-28 06:41:04
5396,5396,70.0,WARNING,False,2026-09-28 06:41:04
5397,5397,70.0,WARNING,False,2026-09-28 06:41:04
5398,5398,70.0,WARNING,False,2026-09-28 06:41:04
5399,5399,70.0,WARNING,False,2026-09-28 06:41:04
5400,5400,70.0,WARNING,False,2026-09-28 06:41:04
5401,5401,70.0,WARNING,False,2026-09-28 06:41:04
5402,5402,70.0,WARNING,False,2026-09-28 06:41:04
5403,5403,70.0,WARNING,False,2026-09-28 06:41:04
5404,5404,70.0,WARNING,False,2026-09-28 06:41:04
5405,5405,70.0,WARNING,False,2026-09-28 06:41:04
5406,5406,70.0,WARNING,False,2026-09-28 06:41:04
5407,5407,70.0,WARNING,False,2026-09-28 06:41:04
5408,5408,70.0,WARNING,False,2026-09-28 06:41:04
5409,5409,70.0,WARNING,False,2026-09-28 06:41:04
5410,5410,70.0,WARNING,False,2026-09-28 06:41:04
5411,5411,70.0,WARNING,False,2026-09-28 06:41:04
5412,5412,70.0,WARNING,False,2026-09-28 06:41:04
5413,5413,70.0,WARNING,False,2026-09-28 06:41:04
5414,5414,70.0,WARNING,False,2026-09-28 06:41:04
5415,5415,70.0,WARNING,False,2026-09-28 06:41:04
5416,5416,70.0,WARNING,False,2026-09-28 06:41:04
5417,5417,70.0,WARNING,False,2026-09-28 06:41:04
5418,5418,70.0,WARNING,False,2026-09-28 06:41:04
5419,5419,70.0,WARNING,False,2026-09-28 06:41:04
5420,5420,70.0,WARNING,False,2026-09-28 06:41:04
5421,5421,70.0,WARNING,False,2026-09-28 06:41:04
5422,5422,70.0,WARNING,False,2026-09-28 06:41:04
5423,5423,70.0,WARNING,False,2026-09-28 06:41:04
5424,5424,70.0,WARNING,False,2026-09-28 06:41:04
5425,5425,70.0,WARNING,False,2026-09-28 06:41:04
5426,5426,70.0,WARNING,False,2026-09-28 06:41:04
5427,5427,70.0,WARNING,False,2026-09-28 06:41:04
5428,5428,70.0,WARNING,False,2026-09-28 06:41:04
5429,5429,70.0,WARNING,False,2026-09-28 06:41:04
5430,5430,70.0,WARNING,False,2026-09-28 06:41:04
5431,5431,70.0,WARNING,False,2026-09-28 06:41:04
5432,5432,70.0,WARNING,False,2026-09-28 06:41:04
5433,5433,70.0,WARNING,False,2026-09-28 06:41:04
5434,5434,70.0,WARNING,False,2026-09-28 06:41:04
5435,5435,70.0,WARNING,False,2026-09-28 06:41:04
5436,5436,70.0,WARNING,False,2026-09-28 06:41:04
5437,5437,70.0,WARNING,False,2026-09-28 06:41:04
5438,5438,70.0,WARNING,False,2026-09-28 06:41:04
5439,5439,70.0,WARNING,False,2026-09-28 06:41:04
5440,5440,70.0,WARNING,False,2026-09-28 06:41:04
5441,5441,70.0,WARNING,False,2026-09-28 06:41:04
5442,5442,70.0,WARNING,False,2026-09-28 06:41:04
5443,5443,70.0,WARNING,False,2026-09-28 06:41:04
5444,5444,70.0,WARNING,False,2026-09-28 06:41:04
5445,5445,70.0,WARNING,False,2026-09-28 06:41:04
5446,5446,70.0,WARNING,False,2026-09-28 06:41:04
5447,5447,70.0,WARNING,False,2026-09-28 06:41:04
5448,5448,70.0,WARNING,False,2026-09-28 06:41:04
5449,5449,70.0,WARNING,False,2026-09-28 06:41:04
5450,5450,70.0,WARNING,False,2026-09-28 06:41:04
5451,5451,70.0,WARNING,False,2026-09-28 06:41:04
5452,5452,70.0,WARNING,False,2026-09-28 06:41:04
5453,5453,70.0,WARNING,False,2026-09-28 06:41:04
5454,5454,70.0,WARNING,False,2026-09-28 06:41:04
5455,5455,70.0,WARNING,False,2026-09-28 06:41:04
5456,5456,70.0,WARNING,False,2026-09-28 06:41:04
5457,5457,70.0,WARNING,False,2026-09-28 06:41:04
5458,5458,70.0,WARNING,False,2026-09-28 06:41:04
5459,5459,70.0,WARNING,False,2026-09-28 06:41:04
5460,5460,70.0,WARNING,False,2026-09-28 06:41:04
5461,5461,70.0,WARNING,False,2026-09-28 06:41:04
5462,5462,70.0,WARNING,False,2026-09-28 06:41:04
5463,5463,70.0,WARNING,False,2026-09-28 06:41:04
5464,5464,70.0,WARNING,False,2026-09-28 06:41:04
5465,5465,70.0,WARNING,False,2026-09-28 06:41:04
5466,5466,70.0,WARNING,False,2026-09-28 06:41:04
5467,5467,70.0,WARNING,False,2026-09-28 06:41:04
5468,5468,70.0,WARNING,False,2026-09-28 06:41:04
5469,5469,70.0,WARNING,False,2026-09-28 06:41:04
5470,5470,70.0,WARNING,False,2026-09-28 06:41:04
5471,5471,70.0,WARNING,False,2026-09-28 06:41:04
5472,5472,70.0,WARNING,False,2026-09-28 06:41:04
5473,5473,70.0,WARNING,False,2026-09-28 06:41:04
5474,5474,70.0,WARNING,False,2026-09-28 06:41:04
5475,5475,70.0,WARNING,False,2026-09-28 06:41:04
5476,5476,70.0,WARNING,False,2026-09-28 06:41:04
5477,5477,70.0,WARNING,False,2026-09-28 06:41:04
5478,5478,70.0,WARNING,False,2026-09-28 06:41:04
5479,5479,70.0,WARNING,False,2026-09-28 06:41:04
5480,5480,70.0,WARNING,False,2026-09-28 06:41:04
5481,5481,70.0,WARNING,False,2026-09-28 06:41:04
5482,5482,70.0,WARNING,False,2026-09-28 06:41:04
5483,5483,70.0,WARNING,False,2026-09-28 06:41:04
5484,5484,70.0,WARNING,False,2026-09-28 06:41:04
5485,5485,70.0,WARNING,False,2026-09-28 06:41:04
5486,5486,70.0,WARNING,False,2026-09-28 06:41:04
5487,5487,70.0,WARNING,False,2026-09-28 06:41:04
5488,5488,70.0,WARNING,False,2026-09-28 06:41:04
5489,5489,70.0,WARNING,False,2026-09-28 06:41:04
5490,5490,70.0,WARNING,False,2026-09-28 06:41:04
5491,5491,70.0,WARNING,False,2026-09-28 06:41:04
5492,5492,70.0,WARNING,False,2026-09-28 06:41:04
5493,5493,70.0,WARNING,False,2026-09-28 06:41:04
5494,5494,70.0,WARNING,False,2026-09-28 06:41:04
5495,5495,70.0,WARNING,False,2026-09-28 06:41:04
5496,5496,70.0,WARNING,False,2026-09-28 06:41:04
5497,5497,70.0,WARNING,False,2026-09-28 06:41:04
5498,5498,70.0,WARNING,False,2026-09-28 06:41:04
5499,5499,70.0,WARNING,False,2026-09-28 06:41:04
5500,5500,70.0,WARNING,False,2026-09-28 06:41:04
5501,5501,70.0,WARNING,False,2026-09-28 06:41:04
5502,5502,70.0,WARNING,False,2026-09-28 06:41:04
5503,5503,70.0,WARNING,False,2026-09-28 06:41:04
5504,5504,70.0,WARNING,False,2026-09-28 06:41:04
5505,5505,70.0,WARNING,False,2026-09-28 06:41:04
5506,5506,70.0,WARNING,False,2026-09-28 06:41:04
5507,5507,70.0,WARNING,False,2026-09-28 06:41:04
5508,5508,70.0,WARNING,False,2026-09-28 06:41:04
5509,5509,70.0,WARNING,False,2026-09-28 06:41:04
5510,5510,70.0,WARNING,False,2026-09-28 06:41:04
5511,5511,70.0,WARNING,False,2026-09-28 06:41:04
5512,5512,70.0,WARNING,False,2026-09-28 06:41:04
5513,5513,70.0,WARNING,False,2026-09-28 06:41:04
5514,5514,70.0,WARNING,False,2026-09-28 06:41:04
5515,5515,70.0,WARNING,False,2026-09-28 06:41:04
5516,5516,70.0,WARNING,False,2026-09-28 06:41:04
5517,5517,70.0,WARNING,False,2026-09-28 06:41:04
5518,5518,70.0,WARNING,False,2026-09-28 06:41:04
5519,5519,70.0,WARNING,False,2026-09-28 06:41:04
5520,5520,70.0,WARNING,False,2026-09-28 06:41:04
5521,5521,70.0,WARNING,False,2026-09-28 06:41:04
5522,5522,70.0,WARNING,False,2026-09-28 06:41:04
5523,5523,70.0,WARNING,False,2026-09-28 06:41:04
5524,5524,70.0,WARNING,False,2026-09-28 06:41:04
5525,5525,70.0,WARNING,False,2026-09-28 06:41:04
5526,5526,70.0,WARNING,False,2026-09-28 06:41:04
5527,5527,70.0,WARNING,False,2026-09-28 06:41:04
5528,5528,70.0,WARNING,False,2026-09-28 06:41:04
5529,5529,70.0,WARNING,False,2026-09-28 06:41:04
5530,5530,70.0,WARNING,False,2026-09-28 06:41:04
5531,5531,70.0,WARNING,False,2026-09-28 06:41:04
5532,5532,70.0,WARNING,False,2026-09-28 06:41:04
5533,5533,70.0,WARNING,False,2026-09-28 06:41:04
5534,5534,70.0,WARNING,False,2026-09-28 06:41:04
5535,5535,70.0,WARNING,False,2026-09-28 06:41:04
5536,5536,70.0,WARNING,False,2026-09-28 06:41:04
5537,5537,70.0,WARNING,False,2026-09-28 06:41:04
5538,5538,70.0,WARNING,False,2026-09-28 06:41:04
5539,5539,70.0,WARNING,False,2026-09-28 06:41:04
5540,5540,70.0,WARNING,False,2026-09-28 06:41:04
5541,5541,70.0,WARNING,False,2026-09-28 06:41:04
5542,5542,70.0,WARNING,False,2026-09-28 06:41:04
5543,5543,70.0,WARNING,False,2026-09-28 06:41:04
5544,5544,70.0,WARNING,False,2026-09-28 06:41:04
5545,5545,70.0,WARNING,False,2026-09-28 06:41:04
5546,5546,70.0,WARNING,False,2026-09-28 06:41:04
5547,5547,70.0,WARNING,False,2026-09-28 06:41:04
5548,5548,70.0,WARNING,False,2026-09-28 06:41:04
5549,5549,70.0,WARNING,False,2026-09-28 06:41:04
5550,5550,70.0,WARNING,False,2026-09-28 06:41:04
5551,5551,70.0,WARNING,False,2026-09-28 06:41:04
5552,5552,70.0,WARNING,False,2026-09-28 06:41:04
5553,5553,70.0,WARNING,False,2026-09-28 06:41:04
5554,5554,70.0,WARNING,False,2026-09-28 06:41:04
5555,5555,70.0,WARNING,False,2026-09-28 06:41:04
5556,5556,70.0,WARNING,False,2026-09-28 06:41:04
5557,5557,70.0,WARNING,False,2026-09-28 06:41:04
5558,5558,70.0,WARNING,False,2026-09-28 06:41:04
5559,5559,70.0,WARNING,False,2026-09-28 06:41:04
5560,5560,70.0,WARNING,False,2026-09-28 06:41:04
5561,5561,70.0,WARNING,False,2026-09-28 06:41:04
5562,5562,70.0,WARNING,False,2026-09-28 06:41:04
5563,5563,70.0,WARNING,False,2026-09-28 06:41:04
5564,5564,70.0,WARNING,False,2026-09-28 06:41:04
5565,5565,70.0,WARNING,False,2026-09-28 06:41:04
5566,5566,70.0,WARNING,False,2026-09-28 06:41:04
5567,5567,70.0,WARNING,False,2026-09-28 06:41:04
5568,5568,70.0,WARNING,False,2026-09-28 06:41:04
5569,5569,70.0,WARNING,False,2026-09-28 06:41:04
5570,5570,70.0,WARNING,False,2026-09-28 06:41:04
5571,5571,70.0,WARNING,False,2026-09-28 06:41:04
5572,5572,70.0,WARNING,False,2026-09-28 06:41:04
5573,5573,70.0,WARNING,False,2026-09-28 06:41:04
5574,5574,70.0,WARNING,False,2026-09-28 06:41:04
5575,5575,70.0,WARNING,False,2026-09-28 06:41:04
5576,5576,70.0,WARNING,False,2026-09-28 06:41:04
5577,5577,70.0,WARNING,False,2026-09-28 06:41:04
5578,5578,70.0,WARNING,False,2026-09-28 06:41:04
5579,5579,70.0,WARNING,False,2026-09-28 06:41:04
5580,5580,70.0,WARNING,False,2026-09-28 06:41:04
5581,5581,70.0,WARNING,False,2026-09-28 06:41:04
5582,5582,70.0,WARNING,False,2026-09-28 06:41:04
5583,5583,70.0,WARNING,False,2026-09-28 06:41:04
5584,5584,70.0,WARNING,False,2026-09-28 06:41:04
5585,5585,70.0,WARNING,False,2026-09-28 06:41:04
5586,5586,70.0,WARNING,False,2026-09-28 06:41:04
5587,5587,70.0,WARNING,False,2026-09-28 06:41:04
5588,5588,70.0,WARNING,False,2026-09-28 06:41:04
5589,5589,70.0,WARNING,False,2026-09-28 06:41:04
5590,5590,70.0,WARNING,False,2026-09-28 06:41:04
5591,5591,70.0,WARNING,False,2026-09-28 06:41:04
5592,5592,70.0,WARNING,False,2026-09-28 06:41:04
5593,5593,70.0,WARNING,False,2026-09-28 06:41:04
5594,5594,70.0,WARNING,False,2026-09-28 06:41:04
5595,5595,70.0,WARNING,False,2026-09-28 06:41:04
5596,5596,70.0,WARNING,False,2026-09-28 06:41:04
5597,5597,70.0,WARNING,False,2026-09-28 06:41:04
5598,5598,70.0,WARNING,False,2026-09-28 06:41:04
5599,5599,70.0,WARNING,False,2026-09-28 06:41:04
5600,5600,70.0,WARNING,False,2026-09-28 06:41:04
5601,5601,70.0,WARNING,False,2026-09-28 06:41:04
5602,5602,70.0,WARNING,False,2026-09-28 06:41:04
5603,5603,70.0,WARNING,False,2026-09-28 06:41:04
5604,5604,70.0,WARNING,False,2026-09-28 06:41:04
5605,5605,70.0,WARNING,False,2026-09-28 06:41:04
5606,5606,70.0,WARNING,False,2026-09-28 06:41:04
5607,5607,70.0,WARNING,False,2026-09-28 06:41:04
5608,5608,70.0,WARNING,False,2026-09-28 06:41:04
5609,5609,70.0,WARNING,False,2026-09-28 06:41:04
5610,5610,70.0,WARNING,False,2026-09-28 06:41:04
5611,5611,70.0,WARNING,False,2026-09-28 06:41:04
5612,5612,70.0,WARNING,False,2026-09-28 06:41:04
5613,5613,70.0,WARNING,False,2026-09-28 06:41:04
5614,5614,70.0,WARNING,False,2026-09-28 06:41:04
5615,5615,70.0,WARNING,False,2026-09-28 06:41:04
5616,5616,70.0,WARNING,False,2026-09-28 06:41:04
5617,5617,70.0,WARNING,False,2026-09-28 06:41:04
5618,5618,70.0,WARNING,False,2026-09-28 06:41:04
5619,5619,70.0,WARNING,False,2026-09-28 06:41:04
5620,5620,70.0,WARNING,False,2026-09-28 06:41:04
5621,5621,70.0,WARNING,False,2026-09-28 06:41:04
5622,5622,70.0,WARNING,False,2026-09-28 06:41:04
5623,5623,70.0,WARNING,False,2026-09-28 06:41:04
5624,5624,70.0,WARNING,False,2026-09-28 06:41:04
5625,5625,70.0,WARNING,False,2026-09-28 06:41:04
5626,5626,70.0,WARNING,False,2026-09-28 06:41:04
5627,5627,70.0,WARNING,False,2026-09-28 06:41:04
5628,5628,70.0,WARNING,False,2026-09-28 06:41:04
5629,5629,70.0,WARNING,False,2026-09-28 06:41:04
5630,5630,70.0,WARNING,False,2026-09-28 06:41:04
5631,5631,70.0,WARNING,False,2026-09-28 06:41:04
5632,5632,70.0,WARNING,False,2026-09-28 06:41:04
5633,5633,70.0,WARNING,False,2026-09-28 06:41:04
5634,5634,70.0,WARNING,False,2026-09-28 06:41:04
5635,5635,70.0,WARNING,False,2026-09-28 06:41:04
5636,5636,70.0,WARNING,False,2026-09-28 06:41:04
5637,5637,70.0,WARNING,False,2026-09-28 06:41:04
5638,5638,70.0,WARNING,False,2026-09-28 06:41:04
5639,5639,70.0,WARNING,False,2026-09-28 06:41:04
5640,5640,70.0,WARNING,False,2026-09-28 06:41:04
5641,5641,70.0,WARNING,False,2026-09-28 06:41:04
5642,5642,70.0,WARNING,False,2026-09-28 06:41:04
5643,5643,70.0,WARNING,False,2026-09-28 06:41:04
5644,5644,70.0,WARNING,False,2026-09-28 06:41:04
5645,5645,70.0,WARNING,False,2026-09-28 06:41:04
5646,5646,70.0,WARNING,False,2026-09-28 06:41:04
5647,5647,65.0,WARNING,False,2026-09-28 06:41:04
5648,5648,65.0,WARNING,False,2026-09-28 06:41:04
5649,5649,65.0,WARNING,False,2026-09-28 06:41:04
5650,5650,65.0,WARNING,False,2026-09-28 06:41:04
5651,5651,65.0,WARNING,False,2026-09-28 06:41:04
5652,5652,65.0,WARNING,False,2026-09-28 06:41:04
5653,5653,65.0,WARNING,False,2026-09-28 06:41:04
5654,5654,65.0,WARNING,False,2026-09-28 06:41:04
5655,5655,65.0,WARNING,False,2026-09-28 06:41:04
5656,5656,65.0,WARNING,False,2026-09-28 06:41:04
5657,5657,65.0,WARNING,False,2026-09-28 06:41:04
5658,5658,65.0,WARNING,False,2026-09-28 06:41:04
5659,5659,65.0,WARNING,False,2026-09-28 06:41:04
5660,5660,65.0,WARNING,False,2026-09-28 06:41:04
5661,5661,65.0,WARNING,False,2026-09-28 06:41:04
5662,5662,65.0,WARNING,False,2026-09-28 06:41:04
5663,5663,65.0,WARNING,False,2026-09-28 06:41:04
5664,5664,65.0,WARNING,False,2026-09-28 06:41:04
5665,5665,65.0,WARNING,False,2026-09-28 06:41:04
5666,5666,65.0,WARNING,False,2026-09-28 06:41:04
5667,5667,65.0,WARNING,False,2026-09-28 06:41:04
5668,5668,65.0,WARNING,False,2026-09-28 06:41:04
5669,5669,65.0,WARNING,False,2026-09-28 06:41:04
5670,5670,65.0,WARNING,False,2026-09-28 06:41:04
5671,5671,65.0,WARNING,False,2026-09-28 06:41:04
5672,5672,65.0,WARNING,False,2026-09-28 06:41:04
5673,5673,65.0,WARNING,False,2026-09-28 06:41:04
5674,5674,65.0,WARNING,False,2026-09-28 06:41:04
5675,5675,65.0,WARNING,False,2026-09-28 06:41:04
5676,5676,65.0,WARNING,False,2026-09-28 06:41:04
5677,5677,65.0,WARNING,False,2026-09-28 06:41:04
5678,5678,65.0,WARNING,False,2026-09-28 06:41:04
5679,5679,65.0,WARNING,False,2026-09-28 06:41:04
5680,5680,65.0,WARNING,False,2026-09-28 06:41:04
5681,5681,65.0,WARNING,False,2026-09-28 06:41:04
5682,5682,65.0,WARNING,False,2026-09-28 06:41:04
5683,5683,65.0,WARNING,False,2026-09-28 06:41:04
5684,5684,65.0,WARNING,False,2026-09-28 06:41:04
5685,5685,65.0,WARNING,False,2026-09-28 06:41:04
5686,5686,65.0,WARNING,False,2026-09-28 06:41:04
5687,5687,65.0,WARNING,False,2026-09-28 06:41:04
5688,5688,65.0,WARNING,False,2026-09-28 06:41:04
5689,5689,65.0,WARNING,False,2026-09-28 06:41:04
5690,5690,65.0,WARNING,False,2026-09-28 06:41:04
5691,5691,65.0,WARNING,False,2026-09-28 06:41:04
5692,5692,65.0,WARNING,False,2026-09-28 06:41:04
5693,5693,65.0,WARNING,False,2026-09-28 06:41:04
5694,5694,65.0,WARNING,False,2026-09-28 06:41:04
5695,5695,65.0,WARNING,False,2026-09-28 06:41:04
5696,5696,65.0,WARNING,False,2026-09-28 06:41:04
5697,5697,65.0,WARNING,False,2026-09-28 06:41:04
5698,5698,65.0,WARNING,False,2026-09-28 06:41:04
5699,5699,65.0,WARNING,False,2026-09-28 06:41:04
5700,5700,65.0,WARNING,False,2026-09-28 06:41:04
5701,5701,65.0,WARNING,False,2026-09-28 06:41:04
5702,5702,65.0,WARNING,False,2026-09-28 06:41:04
5703,5703,65.0,WARNING,False,2026-09-28 06:41:04
5704,5704,65.0,WARNING,False,2026-09-28 06:41:04
5705,5705,65.0,WARNING,False,2026-09-28 06:41:04
5706,5706,65.0,WARNING,False,2026-09-28 06:41:04
5707,5707,65.0,WARNING,False,2026-09-28 06:41:04
5708,5708,65.0,WARNING,False,2026-09-28 06:41:04
5709,5709,65.0,WARNING,False,2026-09-28 06:41:04
5710,5710,65.0,WARNING,False,2026-09-28 06:41:04
5711,5711,65.0,WARNING,False,2026-09-28 06:41:04
5712,5712,65.0,WARNING,False,2026-09-28 06:41:04
5713,5713,65.0,WARNING,False,2026-09-28 06:41:04
5714,5714,65.0,WARNING,False,2026-09-28 06:41:04
5715,5715,65.0,WARNING,False,2026-09-28 06:41:04
5716,5716,65.0,WARNING,False,2026-09-28 06:41:04
5717,5717,65.0,WARNING,False,2026-09-28 06:41:04
5718,5718,65.0,WARNING,False,2026-09-28 06:41:04
5719,5719,65.0,WARNING,False,2026-09-28 06:41:04
5720,5720,65.0,WARNING,False,2026-09-28 06:41:04
5721,5721,65.0,WARNING,False,2026-09-28 06:41:04
5722,5722,65.0,WARNING,False,2026-09-28 06:41:04
5723,5723,65.0,WARNING,False,2026-09-28 06:41:04
5724,5724,65.0,WARNING,False,2026-09-28 06:41:04
5725,5725,65.0,WARNING,False,2026-09-28 06:41:04
5726,5726,65.0,WARNING,False,2026-09-28 06:41:04
5727,5727,65.0,WARNING,False,2026-09-28 06:41:04
5728,5728,65.0,WARNING,False,2026-09-28 06:41:04
5729,5729,65.0,WARNING,False,2026-09-28 06:41:04
5730,5730,65.0,WARNING,False,2026-09-28 06:41:04
5731,5731,65.0,WARNING,False,2026-09-28 06:41:04
5732,5732,65.0,WARNING,False,2026-09-28 06:41:04
5733,5733,65.0,WARNING,False,2026-09-28 06:41:04
5734,5734,65.0,WARNING,False,2026-09-28 06:41:04
5735,5735,65.0,WARNING,False,2026-09-28 06:41:04
5736,5736,65.0,WARNING,False,2026-09-28 06:41:04
5737,5737,65.0,WARNING,False,2026-09-28 06:41:04
5738,5738,65.0,WARNING,False,2026-09-28 06:41:04
5739,5739,65.0,WARNING,False,2026-09-28 06:41:04
5740,5740,65.0,WARNING,False,2026-09-28 06:41:04
5741,5741,65.0,WARNING,False,2026-09-28 06:41:04
5742,5742,65.0,WARNING,False,2026-09-28 06:41:04
5743,5743,65.0,WARNING,False,2026-09-28 06:41:04
5744,5744,65.0,WARNING,False,2026-09-28 06:41:04
5745,5745,65.0,WARNING,False,2026-09-28 06:41:04
5746,5746,65.0,WARNING,False,2026-09-28 06:41:04
5747,5747,65.0,WARNING,False,2026-09-28 06:41:04
5748,5748,65.0,WARNING,False,2026-09-28 06:41:04
5749,5749,65.0,WARNING,False,2026-09-28 06:41:04
5750,5750,65.0,WARNING,False,2026-09-28 06:41:04
5751,5751,65.0,WARNING,False,2026-09-28 06:41:04
5752,5752,65.0,WARNING,False,2026-09-28 06:41:04
5753,5753,65.0,WARNING,False,2026-09-28 06:41:04
5754,5754,65.0,WARNING,False,2026-09-28 06:41:04
5755,5755,65.0,WARNING,False,2026-09-28 06:41:04
5756,5756,65.0,WARNING,False,2026-09-28 06:41:04
5757,5757,65.0,WARNING,False,2026-09-28 06:41:04
5758,5758,65.0,WARNING,False,2026-09-28 06:41:04
5759,5759,65.0,WARNING,False,2026-09-28 06:41:04
5760,5760,65.0,WARNING,False,2026-09-28 06:41:04
5761,5761,65.0,WARNING,False,2026-09-28 06:41:04
5762,5762,65.0,WARNING,False,2026-09-28 06:41:04
5763,5763,65.0,WARNING,False,2026-09-28 06:41:04
5764,5764,65.0,WARNING,False,2026-09-28 06:41:04
5765,5765,65.0,WARNING,False,2026-09-28 06:41:04
5766,5766,65.0,WARNING,False,2026-09-28 06:41:04
5767,5767,65.0,WARNING,False,2026-09-28 06:41:04
5768,5768,65.0,WARNING,False,2026-09-28 06:41:04
5769,5769,65.0,WARNING,False,2026-09-28 06:41:04
5770,5770,65.0,WARNING,False,2026-09-28 06:41:04
5771,5771,65.0,WARNING,False,2026-09-28 06:41:04
5772,5772,65.0,WARNING,False,2026-09-28 06:41:04
5773,5773,65.0,WARNING,False,2026-09-28 06:41:04
5774,5774,65.0,WARNING,False,2026-09-28 06:41:04
5775,5775,65.0,WARNING,False,2026-09-28 06:41:04
5776,5776,65.0,WARNING,False,2026-09-28 06:41:04
5777,5777,65.0,WARNING,False,2026-09-28 06:41:04
5778,5778,65.0,WARNING,False,2026-09-28 06:41:04
5779,5779,65.0,WARNING,False,2026-09-28 06:41:04
5780,5780,65.0,WARNING,False,2026-09-28 06:41:04
5781,5781,65.0,WARNING,False,2026-09-28 06:41:04
5782,5782,65.0,WARNING,False,2026-09-28 06:41:04
5783,5783,65.0,WARNING,False,2026-09-28 06:41:04
5784,5784,65.0,WARNING,False,2026-09-28 06:41:04
5785,5785,65.0,WARNING,False,2026-09-28 06:41:04
5786,5786,65.0,WARNING,False,2026-09-28 06:41:04
5787,5787,65.0,WARNING,False,2026-09-28 06:41:04
5788,5788,65.0,WARNING,False,2026-09-28 06:41:04
5789,5789,65.0,WARNING,False,2026-09-28 06:41:04
5790,5790,65.0,WARNING,False,2026-09-28 06:41:04
5791,5791,65.0,WARNING,False,2026-09-28 06:41:04
5792,5792,65.0,WARNING,False,2026-09-28 06:41:04
5793,5793,65.0,WARNING,False,2026-09-28 06:41:04
5794,5794,65.0,WARNING,False,2026-09-28 06:41:04
5795,5795,65.0,WARNING,False,2026-09-28 06:41:04
5796,5796,65.0,WARNING,False,2026-09-28 06:41:04
5797,5797,65.0,WARNING,False,2026-09-28 06:41:04
5798,5798,65.0,WARNING,False,2026-09-28 06:41:04
5799,5799,65.0,WARNING,False,2026-09-28 06:41:04
5800,5800,65.0,WARNING,False,2026-09-28 06:41:04
5801,5801,65.0,WARNING,False,2026-09-28 06:41:04
5802,5802,65.0,WARNING,False,2026-09-28 06:41:04
5803,5803,65.0,WARNING,False,2026-09-28 06:41:04
5804,5804,65.0,WARNING,False,2026-09-28 06:41:04
5805,5805,65.0,WARNING,False,2026-09-28 06:41:04
5806,5806,65.0,WARNING,False,2026-09-28 06:41:04
5807,5807,65.0,WARNING,False,2026-09-28 06:41:04
5808,5808,65.0,WARNING,False,2026-09-28 06:41:04
5809,5809,65.0,WARNING,False,2026-09-28 06:41:04
5810,5810,65.0,WARNING,False,2026-09-28 06:41:04
5811,5811,65.0,WARNING,False,2026-09-28 06:41:04
5812,5812,65.0,WARNING,False,2026-09-28 06:41:04
5813,5813,65.0,WARNING,False,2026-09-28 06:41:04
5814,5814,65.0,WARNING,False,2026-09-28 06:41:04
5815,5815,65.0,WARNING,False,2026-09-28 06:41:04
5816,5816,65.0,WARNING,False,2026-09-28 06:41:04
5817,5817,65.0,WARNING,False,2026-09-28 06:41:04
5818,5818,65.0,WARNING,False,2026-09-28 06:41:04
5819,5819,65.0,WARNING,False,2026-09-28 06:41:04
5820,5820,65.0,WARNING,False,2026-09-28 06:41:04
5821,5821,65.0,WARNING,False,2026-09-28 06:41:04
5822,5822,65.0,WARNING,False,2026-09-28 06:41:04
5823,5823,65.0,WARNING,False,2026-09-28 06:41:04
5824,5824,65.0,WARNING,False,2026-09-28 06:41:04
5825,5825,65.0,WARNING,False,2026-09-28 06:41:04
5826,5826,65.0,WARNING,False,2026-09-28 06:41:04
5827,5827,65.0,WARNING,False,2026-09-28 06:41:04
5828,5828,65.0,WARNING,False,2026-09-28 06:41:04
5829,5829,65.0,WARNING,False,2026-09-28 06:41:04
5830,5830,65.0,WARNING,False,2026-09-28 06:41:04
5831,5831,65.0,WARNING,False,2026-09-28 06:41:04
5832,5832,65.0,WARNING,False,2026-09-28 06:41:04
5833,5833,65.0,WARNING,False,2026-09-28 06:41:04
5834,5834,65.0,WARNING,False,2026-09-28 06:41:04
5835,5835,65.0,WARNING,False,2026-09-28 06:41:04
5836,5836,65.0,WARNING,False,2026-09-28 06:41:04
5837,5837,65.0,WARNING,False,2026-09-28 06:41:04
5838,5838,65.0,WARNING,False,2026-09-28 06:41:04
5839,5839,65.0,WARNING,False,2026-09-28 06:41:04
5840,5840,65.0,WARNING,False,2026-09-28 06:41:04
5841,5841,65.0,WARNING,False,2026-09-28 06:41:04
5842,5842,65.0,WARNING,False,2026-09-28 06:41:04
5843,5843,65.0,WARNING,False,2026-09-28 06:41:04
5844,5844,65.0,WARNING,False,2026-09-28 06:41:04
5845,5845,65.0,WARNING,False,2026-09-28 06:41:04
5846,5846,65.0,WARNING,False,2026-09-28 06:41:04
5847,5847,65.0,WARNING,False,2026-09-28 06:41:04
5848,5848,65.0,WARNING,False,2026-09-28 06:41:04
5849,5849,65.0,WARNING,False,2026-09-28 06:41:04
5850,5850,65.0,WARNING,False,2026-09-28 06:41:04
5851,5851,65.0,WARNING,False,2026-09-28 06:41:04
5852,5852,65.0,WARNING,False,2026-09-28 06:41:04
5853,5853,65.0,WARNING,False,2026-09-28 06:41:04
5854,5854,65.0,WARNING,False,2026-09-28 06:41:04
5855,5855,65.0,WARNING,False,2026-09-28 06:41:04
5856,5856,65.0,WARNING,False,2026-09-28 06:41:04
5857,5857,65.0,WARNING,False,2026-09-28 06:41:04
5858,5858,65.0,WARNING,False,2026-09-28 06:41:04
5859,5859,65.0,WARNING,False,2026-09-28 06:41:04
5860,5860,65.0,WARNING,False,2026-09-28 06:41:04
5861,5861,65.0,WARNING,False,2026-09-28 06:41:04
5862,5862,65.0,WARNING,False,2026-09-28 06:41:04
5863,5863,65.0,WARNING,False,2026-09-28 06:41:04
5864,5864,65.0,WARNING,False,2026-09-28 06:41:04
5865,5865,65.0,WARNING,False,2026-09-28 06:41:04
5866,5866,65.0,WARNING,False,2026-09-28 06:41:04
5867,5867,65.0,WARNING,False,2026-09-28 06:41:04
5868,5868,65.0,WARNING,False,2026-09-28 06:41:04
5869,5869,65.0,WARNING,False,2026-09-28 06:41:04
5870,5870,65.0,WARNING,False,2026-09-28 06:41:04
5871,5871,65.0,WARNING,False,2026-09-28 06:41:04
5872,5872,65.0,WARNING,False,2026-09-28 06:41:04
5873,5873,65.0,WARNING,False,2026-09-28 06:41:04
5874,5874,65.0,WARNING,False,2026-09-28 06:41:04
5875,5875,65.0,WARNING,False,2026-09-28 06:41:04
5876,5876,65.0,WARNING,False,2026-09-28 06:41:04
5877,5877,65.0,WARNING,False,2026-09-28 06:41:04
5878,5878,65.0,WARNING,False,2026-09-28 06:41:04
5879,5879,65.0,WARNING,False,2026-09-28 06:41:04
5880,5880,65.0,WARNING,False,2026-09-28 06:41:04
5881,5881,65.0,WARNING,False,2026-09-28 06:41:04
5882,5882,65.0,WARNING,False,2026-09-28 06:41:04
5883,5883,65.0,WARNING,False,2026-09-28 06:41:04
5884,5884,65.0,WARNING,False,2026-09-28 06:41:04
5885,5885,65.0,WARNING,False,2026-09-28 06:41:04
5886,5886,65.0,WARNING,False,2026-09-28 06:41:04
5887,5887,65.0,WARNING,False,2026-09-28 06:41:04
5888,5888,65.0,WARNING,False,2026-09-28 06:41:04
5889,5889,65.0,WARNING,False,2026-09-28 06:41:04
5890,5890,65.0,WARNING,False,2026-09-28 06:41:04
5891,5891,65.0,WARNING,False,2026-09-28 06:41:04
5892,5892,65.0,WARNING,False,2026-09-28 06:41:04
5893,5893,65.0,WARNING,False,2026-09-28 06:41:04
5894,5894,65.0,WARNING,False,2026-09-28 06:41:04
5895,5895,65.0,WARNING,False,2026-09-28 06:41:04
5896,5896,65.0,WARNING,False,2026-09-28 06:41:04
5897,5897,65.0,WARNING,False,2026-09-28 06:41:04
5898,5898,65.0,WARNING,False,2026-09-28 06:41:04
5899,5899,65.0,WARNING,False,2026-09-28 06:41:04
5900,5900,65.0,WARNING,False,2026-09-28 06:41:04
5901,5901,65.0,WARNING,False,2026-09-28 06:41:04
5902,5902,65.0,WARNING,False,2026-09-28 06:41:04
5903,5903,65.0,WARNING,False,2026-09-28 06:41:04
5904,5904,65.0,WARNING,False,2026-09-28 06:41:04
5905,5905,65.0,WARNING,False,2026-09-28 06:41:04
5906,5906,65.0,WARNING,False,2026-09-28 06:41:04
5907,5907,65.0,WARNING,False,2026-09-28 06:41:04
5908,5908,65.0,WARNING,False,2026-09-28 06:41:04
5909,5909,65.0,WARNING,False,2026-09-28 06:41:04
5910,5910,65.0,WARNING,False,2026-09-28 06:41:04
5911,5911,65.0,WARNING,False,2026-09-28 06:41:04
5912,5912,65.0,WARNING,False,2026-09-28 06:41:04
5913,5913,65.0,WARNING,False,2026-09-28 06:41:04
5914,5914,65.0,WARNING,False,2026-09-28 06:41:04
5915,5915,65.0,WARNING,False,2026-09-28 06:41:04
5916,5916,65.0,WARNING,False,2026-09-28 06:41:04
5917,5917,65.0,WARNING,False,2026-09-28 06:41:04
5918,5918,65.0,WARNING,False,2026-09-28 06:41:04
5919,5919,65.0,WARNING,False,2026-09-28 06:41:04
5920,5920,65.0,WARNING,False,2026-09-28 06:41:04
5921,5921,65.0,WARNING,False,2026-09-28 06:41:04
5922,5922,65.0,WARNING,False,2026-09-28 06:41:04
5923,5923,65.0,WARNING,False,2026-09-28 06:41:04
5924,5924,65.0,WARNING,False,2026-09-28 06:41:04
5925,5925,65.0,WARNING,False,2026-09-28 06:41:04
5926,5926,65.0,WARNING,False,2026-09-28 06:41:04
5927,5927,65.0,WARNING,False,2026-09-28 06:41:04
5928,5928,65.0,WARNING,False,2026-09-28 06:41:04
5929,5929,65.0,WARNING,False,2026-09-28 06:41:04
5930,5930,65.0,WARNING,False,2026-09-28 06:41:04
5931,5931,65.0,WARNING,False,2026-09-28 06:41:04
5932,5932,65.0,WARNING,False,2026-09-28 06:41:04
5933,5933,65.0,WARNING,False,2026-09-28 06:41:04
5934,5934,65.0,WARNING,False,2026-09-28 06:41:04
5935,5935,65.0,WARNING,False,2026-09-28 06:41:04
5936,5936,65.0,WARNING,False,2026-09-28 06:41:04
5937,5937,65.0,WARNING,False,2026-09-28 06:41:04
5938,5938,65.0,WARNING,False,2026-09-28 06:41:04
5939,5939,65.0,WARNING,False,2026-09-28 06:41:04
5940,5940,65.0,WARNING,False,2026-09-28 06:41:04
5941,5941,65.0,WARNING,False,2026-09-28 06:41:04
5942,5942,65.0,WARNING,False,2026-09-28 06:41:04
5943,5943,65.0,WARNING,False,2026-09-28 06:41:04
5944,5944,65.0,WARNING,False,2026-09-28 06:41:04
5945,5945,65.0,WARNING,False,2026-09-28 06:41:04
5946,5946,65.0,WARNING,False,2026-09-28 06:41:04
5947,5947,65.0,WARNING,False,2026-09-28 06:41:04
5948,5948,65.0,WARNING,False,2026-09-28 06:41:04
5949,5949,65.0,WARNING,False,2026-09-28 06:41:04
5950,5950,65.0,WARNING,False,2026-09-28 06:41:04
5951,5951,65.0,WARNING,False,2026-09-28 06:41:04
5952,5952,65.0,WARNING,False,2026-09-28 06:41:04
5953,5953,65.0,WARNING,False,2026-09-28 06:41:04
5954,5954,65.0,WARNING,False,2026-09-28 06:41:04
5955,5955,65.0,WARNING,False,2026-09-28 06:41:04
5956,5956,65.0,WARNING,False,2026-09-28 06:41:04
5957,5957,65.0,WARNING,False,2026-09-28 06:41:04
5958,5958,65.0,WARNING,False,2026-09-28 06:41:04
5959,5959,65.0,WARNING,False,2026-09-28 06:41:04
5960,5960,65.0,WARNING,False,2026-09-28 06:41:04
5961,5961,65.0,WARNING,False,2026-09-28 06:41:04
5962,5962,65.0,WARNING,False,2026-09-28 06:41:04
5963,5963,65.0,WARNING,False,2026-09-28 06:41:04
5964,5964,65.0,WARNING,False,2026-09-28 06:41:04
5965,5965,65.0,WARNING,False,2026-09-28 06:41:04
5966,5966,65.0,WARNING,False,2026-09-28 06:41:04
5967,5967,65.0,WARNING,False,2026-09-28 06:41:04
5968,5968,65.0,WARNING,False,2026-09-28 06:41:04
5969,5969,65.0,WARNING,False,2026-09-28 06:41:04
5970,5970,65.0,WARNING,False,2026-09-28 06:41:04
5971,5971,65.0,WARNING,False,2026-09-28 06:41:04
5972,5972,65.0,WARNING,False,2026-09-28 06:41:04
5973,5973,65.0,WARNING,False,2026-09-28 06:41:04
5974,5974,65.0,WARNING,False,2026-09-28 06:41:04
5975,5975,65.0,WARNING,False,2026-09-28 06:41:04
5976,5976,65.0,WARNING,False,2026-09-28 06:41:04
5977,5977,65.0,WARNING,False,2026-09-28 06:41:04
5978,5978,65.0,WARNING,False,2026-09-28 06:41:04
5979,5979,65.0,WARNING,False,2026-09-28 06:41:04
5980,5980,65.0,WARNING,False,2026-09-28 06:41:04
5981,5981,65.0,WARNING,False,2026-09-28 06:41:04
5982,5982,65.0,WARNING,False,2026-09-28 06:41:04
5983,5983,65.0,WARNING,False,2026-09-28 06:41:04
5984,5984,65.0,WARNING,False,2026-09-28 06:41:04
5985,5985,65.0,WARNING,False,2026-09-28 06:41:04
5986,5986,65.0,WARNING,False,2026-09-28 06:41:04
5987,5987,65.0,WARNING,False,2026-09-28 06:41:04
5988,5988,65.0,WARNING,False,2026-09-28 06:41:04
5989,5989,65.0,WARNING,False,2026-09-28 06:41:04
5990,5990,65.0,WARNING,False,2026-09-28 06:41:04
5991,5991,65.0,WARNING,False,2026-09-28 06:41:04
5992,5992,65.0,WARNING,False,2026-09-28 06:41:04
5993,5993,65.0,WARNING,False,2026-09-28 06:41:04
5994,5994,65.0,WARNING,False,2026-09-28 06:41:04
5995,5995,65.0,WARNING,False,2026-09-28 06:41:04
5996,5996,65.0,WARNING,False,2026-09-28 06:41:04
5997,5997,65.0,WARNING,False,2026-09-28 06:41:04
5998,5998,65.0,WARNING,False,2026-09-28 06:41:04
5999,5999,65.0,WARNING,False,2026-09-28 06:41:04
6000,6000,65.0,WARNING,False,2026-09-28 06:41:04
6001,6001,65.0,WARNING,False,2026-09-28 06:41:04
6002,6002,65.0,WARNING,False,2026-09-28 06:41:04
6003,6003,65.0,WARNING,False,2026-09-28 06:41:04
6004,6004,65.0,WARNING,False,2026-09-28 06:41:04
6005,6005,65.0,WARNING,False,2026-09-28 06:41:04
6006,6006,65.0,WARNING,False,2026-09-28 06:41:04
6007,6007,65.0,WARNING,False,2026-09-28 06:41:04
6008,6008,65.0,WARNING,False,2026-09-28 06:41:04
6009,6009,65.0,WARNING,False,2026-09-28 06:41:04
6010,6010,65.0,WARNING,False,2026-09-28 06:41:04
6011,6011,65.0,WARNING,False,2026-09-28 06:41:04
6012,6012,65.0,WARNING,False,2026-09-28 06:41:04
6013,6013,65.0,WARNING,False,2026-09-28 06:41:04
6014,6014,65.0,WARNING,False,2026-09-28 06:41:04
6015,6015,65.0,WARNING,False,2026-09-28 06:41:04
6016,6016,65.0,WARNING,False,2026-09-28 06:41:04
6017,6017,65.0,WARNING,False,2026-09-28 06:41:04
6018,6018,65.0,WARNING,False,2026-09-28 06:41:04
6019,6019,65.0,WARNING,False,2026-09-28 06:41:04
6020,6020,65.0,WARNING,False,2026-09-28 06:41:04
6021,6021,65.0,WARNING,False,2026-09-28 06:41:04
6022,6022,65.0,WARNING,False,2026-09-28 06:41:04
6023,6023,65.0,WARNING,False,2026-09-28 06:41:04
6024,6024,65.0,WARNING,False,2026-09-28 06:41:04
6025,6025,65.0,WARNING,False,2026-09-28 06:41:04
6026,6026,65.0,WARNING,False,2026-09-28 06:41:04
6027,6027,65.0,WARNING,False,2026-09-28 06:41:04
6028,6028,65.0,WARNING,False,2026-09-28 06:41:04
6029,6029,65.0,WARNING,False,2026-09-28 06:41:04
6030,6030,65.0,WARNING,False,2026-09-28 06:41:04
6031,6031,65.0,WARNING,False,2026-09-28 06:41:04
6032,6032,65.0,WARNING,False,2026-09-28 06:41:04
6033,6033,65.0,WARNING,False,2026-09-28 06:41:04
6034,6034,65.0,WARNING,False,2026-09-28 06:41:04
6035,6035,65.0,WARNING,False,2026-09-28 06:41:04
6036,6036,65.0,WARNING,False,2026-09-28 06:41:04
6037,6037,65.0,WARNING,False,2026-09-28 06:41:04
6038,6038,65.0,WARNING,False,2026-09-28 06:41:04
6039,6039,65.0,WARNING,False,2026-09-28 06:41:04
6040,6040,65.0,WARNING,False,2026-09-28 06:41:04
6041,6041,65.0,WARNING,False,2026-09-28 06:41:04
6042,6042,65.0,WARNING,False,2026-09-28 06:41:04
6043,6043,65.0,WARNING,False,2026-09-28 06:41:04
6044,6044,65.0,WARNING,False,2026-09-28 06:41:04
6045,6045,65.0,WARNING,False,2026-09-28 06:41:04
6046,6046,65.0,WARNING,False,2026-09-28 06:41:04
6047,6047,65.0,WARNING,False,2026-09-28 06:41:04
6048,6048,65.0,WARNING,False,2026-09-28 06:41:04
6049,6049,65.0,WARNING,False,2026-09-28 06:41:04
6050,6050,65.0,WARNING,False,2026-09-28 06:41:04
6051,6051,65.0,WARNING,False,2026-09-28 06:41:04
6052,6052,65.0,WARNING,False,2026-09-28 06:41:04
6053,6053,65.0,WARNING,False,2026-09-28 06:41:04
6054,6054,65.0,WARNING,False,2026-09-28 06:41:04
6055,6055,65.0,WARNING,False,2026-09-28 06:41:04
6056,6056,65.0,WARNING,False,2026-09-28 06:41:04
6057,6057,65.0,WARNING,False,2026-09-28 06:41:04
6058,6058,65.0,WARNING,False,2026-09-28 06:41:04
6059,6059,65.0,WARNING,False,2026-09-28 06:41:04
6060,6060,65.0,WARNING,False,2026-09-28 06:41:04
6061,6061,65.0,WARNING,False,2026-09-28 06:41:04
6062,6062,65.0,WARNING,False,2026-09-28 06:41:04
6063,6063,65.0,WARNING,False,2026-09-28 06:41:04
6064,6064,65.0,WARNING,False,2026-09-28 06:41:04
6065,6065,65.0,WARNING,False,2026-09-28 06:41:04
6066,6066,65.0,WARNING,False,2026-09-28 06:41:04
6067,6067,65.0,WARNING,False,2026-09-28 06:41:04
6068,6068,65.0,WARNING,False,2026-09-28 06:41:04
6069,6069,65.0,WARNING,False,2026-09-28 06:41:04
6070,6070,65.0,WARNING,False,2026-09-28 06:41:04
6071,6071,65.0,WARNING,False,2026-09-28 06:41:04
6072,6072,65.0,WARNING,False,2026-09-28 06:41:04
6073,6073,65.0,WARNING,False,2026-09-28 06:41:04
6074,6074,65.0,WARNING,False,2026-09-28 06:41:04
6075,6075,65.0,WARNING,False,2026-09-28 06:41:04
6076,6076,65.0,WARNING,False,2026-09-28 06:41:04
6077,6077,65.0,WARNING,False,2026-09-28 06:41:04
6078,6078,65.0,WARNING,False,2026-09-28 06:41:04
6079,6079,65.0,WARNING,False,2026-09-28 06:41:04
6080,6080,65.0,WARNING,False,2026-09-28 06:41:04
6081,6081,65.0,WARNING,False,2026-09-28 06:41:04
6082,6082,65.0,WARNING,False,2026-09-28 06:41:04
6083,6083,65.0,WARNING,False,2026-09-28 06:41:04
6084,6084,65.0,WARNING,False,2026-09-28 06:41:04
6085,6085,65.0,WARNING,False,2026-09-28 06:41:04
6086,6086,65.0,WARNING,False,2026-09-28 06:41:04
6087,6087,65.0,WARNING,False,2026-09-28 06:41:04
6088,6088,65.0,WARNING,False,2026-09-28 06:41:04
6089,6089,65.0,WARNING,False,2026-09-28 06:41:04
6090,6090,65.0,WARNING,False,2026-09-28 06:41:04
6091,6091,65.0,WARNING,False,2026-09-28 06:41:04
6092,6092,65.0,WARNING,False,2026-09-28 06:41:04
6093,6093,65.0,WARNING,False,2026-09-28 06:41:04
6094,6094,65.0,WARNING,False,2026-09-28 06:41:04
6095,6095,65.0,WARNING,False,2026-09-28 06:41:04
6096,6096,65.0,WARNING,False,2026-09-28 06:41:04
6097,6097,65.0,WARNING,False,2026-09-28 06:41:04
6098,6098,65.0,WARNING,False,2026-09-28 06:41:04
6099,6099,65.0,WARNING,False,2026-09-28 06:41:04
6100,6100,65.0,WARNING,False,2026-09-28 06:41:04
6101,6101,65.0,WARNING,False,2026-09-28 06:41:04
6102,6102,65.0,WARNING,False,2026-09-28 06:41:04
6103,6103,65.0,WARNING,False,2026-09-28 06:41:04
6104,6104,65.0,WARNING,False,2026-09-28 06:41:04
6105,6105,65.0,WARNING,False,2026-09-28 06:41:04
6106,6106,65.0,WARNING,False,2026-09-28 06:41:04
6107,6107,65.0,WARNING,False,2026-09-28 06:41:04
6108,6108,65.0,WARNING,False,2026-09-28 06:41:04
6109,6109,65.0,WARNING,False,2026-09-28 06:41:04
6110,6110,65.0,WARNING,False,2026-09-28 06:41:04
6111,6111,65.0,WARNING,False,2026-09-28 06:41:04
6112,6112,65.0,WARNING,False,2026-09-28 06:41:04
6113,6113,65.0,WARNING,False,2026-09-28 06:41:04
6114,6114,65.0,WARNING,False,2026-09-28 06:41:04
6115,6115,65.0,WARNING,False,2026-09-28 06:41:04
6116,6116,65.0,WARNING,False,2026-09-28 06:41:04
6117,6117,65.0,WARNING,False,2026-09-28 06:41:04
6118,6118,65.0,WARNING,False,2026-09-28 06:41:04
6119,6119,65.0,WARNING,False,2026-09-28 06:41:04
6120,6120,65.0,WARNING,False,2026-09-28 06:41:04
6121,6121,65.0,WARNING,False,2026-09-28 06:41:04
6122,6122,65.0,WARNING,False,2026-09-28 06:41:04
6123,6123,65.0,WARNING,False,2026-09-28 06:41:04
6124,6124,65.0,WARNING,False,2026-09-28 06:41:04
6125,6125,65.0,WARNING,False,2026-09-28 06:41:04
6126,6126,65.0,WARNING,False,2026-09-28 06:41:04
6127,6127,65.0,WARNING,False,2026-09-28 06:41:04
6128,6128,65.0,WARNING,False,2026-09-28 06:41:04
6129,6129,65.0,WARNING,False,2026-09-28 06:41:04
6130,6130,65.0,WARNING,False,2026-09-28 06:41:04
6131,6131,65.0,WARNING,False,2026-09-28 06:41:04
6132,6132,65.0,WARNING,False,2026-09-28 06:41:04
6133,6133,65.0,WARNING,False,2026-09-28 06:41:04
6134,6134,65.0,WARNING,False,2026-09-28 06:41:04
6135,6135,65.0,WARNING,False,2026-09-28 06:41:04
6136,6136,65.0,WARNING,False,2026-09-28 06:41:04
6137,6137,65.0,WARNING,False,2026-09-28 06:41:04
6138,6138,65.0,WARNING,False,2026-09-28 06:41:04
6139,6139,65.0,WARNING,False,2026-09-28 06:41:04
6140,6140,65.0,WARNING,False,2026-09-28 06:41:04
6141,6141,65.0,WARNING,False,2026-09-28 06:41:04
6142,6142,65.0,WARNING,False,2026-09-28 06:41:04
6143,6143,65.0,WARNING,False,2026-09-28 06:41:04
6144,6144,65.0,WARNING,False,2026-09-28 06:41:04
6145,6145,65.0,WARNING,False,2026-09-28 06:41:04
6146,6146,65.0,WARNING,False,2026-09-28 06:41:04
6147,6147,65.0,WARNING,False,2026-09-28 06:41:04
6148,6148,65.0,WARNING,False,2026-09-28 06:41:04
6149,6149,65.0,WARNING,False,2026-09-28 06:41:04
6150,6150,65.0,WARNING,False,2026-09-28 06:41:04
6151,6151,65.0,WARNING,False,2026-09-28 06:41:04
6152,6152,65.0,WARNING,False,2026-09-28 06:41:04
6153,6153,65.0,WARNING,False,2026-09-28 06:41:04
6154,6154,65.0,WARNING,False,2026-09-28 06:41:04
6155,6155,65.0,WARNING,False,2026-09-28 06:41:04
6156,6156,65.0,WARNING,False,2026-09-28 06:41:04
6157,6157,65.0,WARNING,False,2026-09-28 06:41:04
6158,6158,65.0,WARNING,False,2026-09-28 06:41:04
6159,6159,65.0,WARNING,False,2026-09-28 06:41:04
6160,6160,65.0,WARNING,False,2026-09-28 06:41:04
6161,6161,65.0,WARNING,False,2026-09-28 06:41:04
6162,6162,65.0,WARNING,False,2026-09-28 06:41:04
6163,6163,65.0,WARNING,False,2026-09-28 06:41:04
6164,6164,65.0,WARNING,False,2026-09-28 06:41:04
6165,6165,65.0,WARNING,False,2026-09-28 06:41:04
6166,6166,65.0,WARNING,False,2026-09-28 06:41:04
6167,6167,65.0,WARNING,False,2026-09-28 06:41:04
6168,6168,65.0,WARNING,False,2026-09-28 06:41:04
6169,6169,65.0,WARNING,False,2026-09-28 06:41:04
6170,6170,65.0,WARNING,False,2026-09-28 06:41:04
6171,6171,65.0,WARNING,False,2026-09-28 06:41:04
6172,6172,65.0,WARNING,False,2026-09-28 06:41:04
6173,6173,65.0,WARNING,False,2026-09-28 06:41:04
6174,6174,65.0,WARNING,False,2026-09-28 06:41:04
6175,6175,65.0,WARNING,False,2026-09-28 06:41:04
6176,6176,65.0,WARNING,False,2026-09-28 06:41:04
6177,6177,65.0,WARNING,False,2026-09-28 06:41:04
6178,6178,65.0,WARNING,False,2026-09-28 06:41:04
6179,6179,65.0,WARNING,False,2026-09-28 06:41:04
6180,6180,65.0,WARNING,False,2026-09-28 06:41:04
6181,6181,65.0,WARNING,False,2026-09-28 06:41:04
6182,6182,65.0,WARNING,False,2026-09-28 06:41:04
6183,6183,65.0,WARNING,False,2026-09-28 06:41:04
6184,6184,65.0,WARNING,False,2026-09-28 06:41:04
6185,6185,65.0,WARNING,False,2026-09-28 06:41:04
6186,6186,65.0,WARNING,False,2026-09-28 06:41:04
6187,6187,65.0,WARNING,False,2026-09-28 06:41:04
6188,6188,65.0,WARNING,False,2026-09-28 06:41:04
6189,6189,65.0,WARNING,False,2026-09-28 06:41:04
6190,6190,65.0,WARNING,False,2026-09-28 06:41:04
6191,6191,65.0,WARNING,False,2026-09-28 06:41:04
6192,6192,65.0,WARNING,False,2026-09-28 06:41:04
6193,6193,65.0,WARNING,False,2026-09-28 06:41:04
6194,6194,65.0,WARNING,False,2026-09-28 06:41:04
6195,6195,65.0,WARNING,False,2026-09-28 06:41:04
6196,6196,65.0,WARNING,False,2026-09-28 06:41:04
6197,6197,65.0,WARNING,False,2026-09-28 06:41:04
6198,6198,65.0,WARNING,False,2026-09-28 06:41:04
6199,6199,65.0,WARNING,False,2026-09-28 06:41:04
6200,6200,65.0,WARNING,False,2026-09-28 06:41:04
6201,6201,65.0,WARNING,False,2026-09-28 06:41:04
6202,6202,65.0,WARNING,False,2026-09-28 06:41:04
6203,6203,65.0,WARNING,False,2026-09-28 06:41:04
6204,6204,65.0,WARNING,False,2026-09-28 06:41:04
6205,6205,65.0,WARNING,False,2026-09-28 06:41:04
6206,6206,65.0,WARNING,False,2026-09-28 06:41:04
6207,6207,65.0,WARNING,False,2026-09-28 06:41:04
6208,6208,65.0,WARNING,False,2026-09-28 06:41:04
6209,6209,65.0,WARNING,False,2026-09-28 06:41:04
6210,6210,65.0,WARNING,False,2026-09-28 06:41:04
6211,6211,65.0,WARNING,False,2026-09-28 06:41:04
6212,6212,65.0,WARNING,False,2026-09-28 06:41:04
6213,6213,65.0,WARNING,False,2026-09-28 06:41:04
6214,6214,65.0,WARNING,False,2026-09-28 06:41:04
6215,6215,65.0,WARNING,False,2026-09-28 06:41:04
6216,6216,65.0,WARNING,False,2026-09-28 06:41:04
6217,6217,65.0,WARNING,False,2026-09-28 06:41:04
6218,6218,65.0,WARNING,False,2026-09-28 06:41:04
6219,6219,65.0,WARNING,False,2026-09-28 06:41:04
6220,6220,65.0,WARNING,False,2026-09-28 06:41:04
6221,6221,65.0,WARNING,False,2026-09-28 06:41:04
6222,6222,65.0,WARNING,False,2026-09-28 06:41:04
6223,6223,65.0,WARNING,False,2026-09-28 06:41:04
6224,6224,65.0,WARNING,False,2026-09-28 06:41:04
6225,6225,65.0,WARNING,False,2026-09-28 06:41:04
6226,6226,65.0,WARNING,False,2026-09-28 06:41:04
6227,6227,65.0,WARNING,False,2026-09-28 06:41:04
6228,6228,65.0,WARNING,False,2026-09-28 06:41:04
6229,6229,65.0,WARNING,False,2026-09-28 06:41:04
6230,6230,65.0,WARNING,False,2026-09-28 06:41:04
6231,6231,65.0,WARNING,False,2026-09-28 06:41:04
6232,6232,65.0,WARNING,False,2026-09-28 06:41:04
6233,6233,65.0,WARNING,False,2026-09-28 06:41:04
6234,6234,65.0,WARNING,False,2026-09-28 06:41:04
6235,6235,65.0,WARNING,False,2026-09-28 06:41:04
6236,6236,65.0,WARNING,False,2026-09-28 06:41:04
6237,6237,65.0,WARNING,False,2026-09-28 06:41:04
6238,6238,65.0,WARNING,False,2026-09-28 06:41:04
6239,6239,65.0,WARNING,False,2026-09-28 06:41:04
6240,6240,65.0,WARNING,False,2026-09-28 06:41:04
6241,6241,65.0,WARNING,False,2026-09-28 06:41:04
6242,6242,65.0,WARNING,False,2026-09-28 06:41:04
6243,6243,65.0,WARNING,False,2026-09-28 06:41:04
6244,6244,65.0,WARNING,False,2026-09-28 06:41:04
6245,6245,65.0,WARNING,False,2026-09-28 06:41:04
6246,6246,65.0,WARNING,False,2026-09-28 06:41:04
6247,6247,65.0,WARNING,False,2026-09-28 06:41:04
6248,6248,65.0,WARNING,False,2026-09-28 06:41:04
6249,6249,65.0,WARNING,False,2026-09-28 06:41:04
6250,6250,65.0,WARNING,False,2026-09-28 06:41:04
6251,6251,65.0,WARNING,False,2026-09-28 06:41:04
6252,6252,65.0,WARNING,False,2026-09-28 06:41:04
6253,6253,65.0,WARNING,False,2026-09-28 06:41:04
6254,6254,65.0,WARNING,False,2026-09-28 06:41:04
6255,6255,65.0,WARNING,False,2026-09-28 06:41:04
6256,6256,65.0,WARNING,False,2026-09-28 06:41:04
6257,6257,65.0,WARNING,False,2026-09-28 06:41:04
6258,6258,65.0,WARNING,False,2026-09-28 06:41:04
6259,6259,65.0,WARNING,False,2026-09-28 06:41:04
6260,6260,65.0,WARNING,False,2026-09-28 06:41:04
6261,6261,65.0,WARNING,False,2026-09-28 06:41:04
6262,6262,65.0,WARNING,False,2026-09-28 06:41:04
6263,6263,65.0,WARNING,False,2026-09-28 06:41:04
6264,6264,65.0,WARNING,False,2026-09-28 06:41:04
6265,6265,65.0,WARNING,False,2026-09-28 06:41:04
6266,6266,65.0,WARNING,False,2026-09-28 06:41:04
6267,6267,65.0,WARNING,False,2026-09-28 06:41:04
6268,6268,65.0,WARNING,False,2026-09-28 06:41:04
6269,6269,65.0,WARNING,False,2026-09-28 06:41:04
6270,6270,65.0,WARNING,False,2026-09-28 06:41:04
6271,6271,65.0,WARNING,False,2026-09-28 06:41:04
6272,6272,65.0,WARNING,False,2026-09-28 06:41:04
6273,6273,65.0,WARNING,False,2026-09-28 06:41:04
6274,6274,65.0,WARNING,False,2026-09-28 06:41:04
6275,6275,65.0,WARNING,False,2026-09-28 06:41:04
6276,6276,65.0,WARNING,False,2026-09-28 06:41:04
6277,6277,65.0,WARNING,False,2026-09-28 06:41:04
6278,6278,65.0,WARNING,False,2026-09-28 06:41:04
6279,6279,65.0,WARNING,False,2026-09-28 06:41:04
6280,6280,65.0,WARNING,False,2026-09-28 06:41:04
6281,6281,65.0,WARNING,False,2026-09-28 06:41:04
6282,6282,65.0,WARNING,False,2026-09-28 06:41:04
6283,6283,65.0,WARNING,False,2026-09-28 06:41:04
6284,6284,65.0,WARNING,False,2026-09-28 06:41:04
6285,6285,65.0,WARNING,False,2026-09-28 06:41:04
6286,6286,65.0,WARNING,False,2026-09-28 06:41:04
6287,6287,65.0,WARNING,False,2026-09-28 06:41:04
6288,6288,65.0,WARNING,False,2026-09-28 06:41:04
6289,6289,65.0,WARNING,False,2026-09-28 06:41:04
6290,6290,65.0,WARNING,False,2026-09-28 06:41:04
6291,6291,65.0,WARNING,False,2026-09-28 06:41:04
6292,6292,65.0,WARNING,False,2026-09-28 06:41:04
6293,6293,65.0,WARNING,False,2026-09-28 06:41:04
6294,6294,65.0,WARNING,False,2026-09-28 06:41:04
6295,6295,65.0,WARNING,False,2026-09-28 06:41:04
6296,6296,65.0,WARNING,False,2026-09-28 06:41:04
6297,6297,65.0,WARNING,False,2026-09-28 06:41:04
6298,6298,65.0,WARNING,False,2026-09-28 06:41:04
6299,6299,65.0,WARNING,False,2026-09-28 06:41:04
6300,6300,65.0,WARNING,False,2026-09-28 06:41:04
6301,6301,65.0,WARNING,False,2026-09-28 06:41:04
6302,6302,65.0,WARNING,False,2026-09-28 06:41:04
6303,6303,65.0,WARNING,False,2026-09-28 06:41:04
6304,6304,65.0,WARNING,False,2026-09-28 06:41:04
6305,6305,65.0,WARNING,False,2026-09-28 06:41:04
6306,6306,65.0,WARNING,False,2026-09-28 06:41:04
6307,6307,65.0,WARNING,False,2026-09-28 06:41:04
6308,6308,65.0,WARNING,False,2026-09-28 06:41:04
6309,6309,65.0,WARNING,False,2026-09-28 06:41:04
6310,6310,65.0,WARNING,False,2026-09-28 06:41:04
6311,6311,65.0,WARNING,False,2026-09-28 06:41:04
6312,6312,65.0,WARNING,False,2026-09-28 06:41:04
6313,6313,65.0,WARNING,False,2026-09-28 06:41:04
6314,6314,65.0,WARNING,False,2026-09-28 06:41:04
6315,6315,65.0,WARNING,False,2026-09-28 06:41:04
6316,6316,65.0,WARNING,False,2026-09-28 06:41:04
6317,6317,65.0,WARNING,False,2026-09-28 06:41:04
6318,6318,65.0,WARNING,False,2026-09-28 06:41:04
6319,6319,65.0,WARNING,False,2026-09-28 06:41:04
6320,6320,65.0,WARNING,False,2026-09-28 06:41:04
6321,6321,65.0,WARNING,False,2026-09-28 06:41:04
6322,6322,65.0,WARNING,False,2026-09-28 06:41:04
6323,6323,65.0,WARNING,False,2026-09-28 06:41:04
6324,6324,65.0,WARNING,False,2026-09-28 06:41:04
6325,6325,65.0,WARNING,False,2026-09-28 06:41:04
6326,6326,65.0,WARNING,False,2026-09-28 06:41:04
6327,6327,65.0,WARNING,False,2026-09-28 06:41:04
6328,6328,65.0,WARNING,False,2026-09-28 06:41:04
6329,6329,65.0,WARNING,False,2026-09-28 06:41:04
6330,6330,65.0,WARNING,False,2026-09-28 06:41:04
6331,6331,65.0,WARNING,False,2026-09-28 06:41:04
6332,6332,65.0,WARNING,False,2026-09-28 06:41:04
6333,6333,65.0,WARNING,False,2026-09-28 06:41:04
6334,6334,65.0,WARNING,False,2026-09-28 06:41:04
6335,6335,65.0,WARNING,False,2026-09-28 06:41:04
6336,6336,65.0,WARNING,False,2026-09-28 06:41:04
6337,6337,65.0,WARNING,False,2026-09-28 06:41:04
6338,6338,65.0,WARNING,False,2026-09-28 06:41:04
6339,6339,65.0,WARNING,False,2026-09-28 06:41:04
6340,6340,65.0,WARNING,False,2026-09-28 06:41:04
6341,6341,65.0,WARNING,False,2026-09-28 06:41:04
6342,6342,65.0,WARNING,False,2026-09-28 06:41:04
6343,6343,65.0,WARNING,False,2026-09-28 06:41:04
6344,6344,65.0,WARNING,False,2026-09-28 06:41:04
6345,6345,65.0,WARNING,False,2026-09-28 06:41:04
6346,6346,65.0,WARNING,False,2026-09-28 06:41:04
6347,6347,65.0,WARNING,False,2026-09-28 06:41:04
6348,6348,65.0,WARNING,False,2026-09-28 06:41:04
6349,6349,65.0,WARNING,False,2026-09-28 06:41:04
6350,6350,65.0,WARNING,False,2026-09-28 06:41:04
6351,6351,65.0,WARNING,False,2026-09-28 06:41:04
6352,6352,65.0,WARNING,False,2026-09-28 06:41:04
6353,6353,65.0,WARNING,False,2026-09-28 06:41:04
6354,6354,65.0,WARNING,False,2026-09-28 06:41:04
6355,6355,65.0,WARNING,False,2026-09-28 06:41:04
6356,6356,65.0,WARNING,False,2026-09-28 06:41:04
6357,6357,65.0,WARNING,False,2026-09-28 06:41:04
6358,6358,65.0,WARNING,False,2026-09-28 06:41:04
6359,6359,65.0,WARNING,False,2026-09-28 06:41:04
6360,6360,65.0,WARNING,False,2026-09-28 06:41:04
6361,6361,65.0,WARNING,False,2026-09-28 06:41:04
6362,6362,65.0,WARNING,False,2026-09-28 06:41:04
6363,6363,65.0,WARNING,False,2026-09-28 06:41:04
6364,6364,65.0,WARNING,False,2026-09-28 06:41:04
6365,6365,65.0,WARNING,False,2026-09-28 06:41:04
6366,6366,65.0,WARNING,False,2026-09-28 06:41:04
6367,6367,65.0,WARNING,False,2026-09-28 06:41:04
6368,6368,65.0,WARNING,False,2026-09-28 06:41:04
6369,6369,65.0,WARNING,False,2026-09-28 06:41:04
6370,6370,65.0,WARNING,False,2026-09-28 06:41:04
6371,6371,65.0,WARNING,False,2026-09-28 06:41:04
6372,6372,65.0,WARNING,False,2026-09-28 06:41:04
6373,6373,65.0,WARNING,False,2026-09-28 06:41:04
6374,6374,65.0,WARNING,False,2026-09-28 06:41:04
6375,6375,65.0,WARNING,False,2026-09-28 06:41:04
6376,6376,65.0,WARNING,False,2026-09-28 06:41:04
6377,6377,65.0,WARNING,False,2026-09-28 06:41:04
6378,6378,65.0,WARNING,False,2026-09-28 06:41:04
6379,6379,65.0,WARNING,False,2026-09-28 06:41:04
6380,6380,65.0,WARNING,False,2026-09-28 06:41:04
6381,6381,65.0,WARNING,False,2026-09-28 06:41:04
6382,6382,65.0,WARNING,False,2026-09-28 06:41:04
6383,6383,65.0,WARNING,False,2026-09-28 06:41:04
6384,6384,65.0,WARNING,False,2026-09-28 06:41:04
6385,6385,65.0,WARNING,False,2026-09-28 06:41:04
6386,6386,65.0,WARNING,False,2026-09-28 06:41:04
6387,6387,65.0,WARNING,False,2026-09-28 06:41:04
6388,6388,65.0,WARNING,False,2026-09-28 06:41:04
6389,6389,65.0,WARNING,False,2026-09-28 06:41:04
6390,6390,65.0,WARNING,False,2026-09-28 06:41:04
6391,6391,65.0,WARNING,False,2026-09-28 06:41:04
6392,6392,65.0,WARNING,False,2026-09-28 06:41:04
6393,6393,65.0,WARNING,False,2026-09-28 06:41:04
6394,6394,65.0,WARNING,False,2026-09-28 06:41:04
6395,6395,65.0,WARNING,False,2026-09-28 06:41:04
6396,6396,65.0,WARNING,False,2026-09-28 06:41:04
6397,6397,65.0,WARNING,False,2026-09-28 06:41:04
6398,6398,65.0,WARNING,False,2026-09-28 06:41:04
6399,6399,65.0,WARNING,False,2026-09-28 06:41:04
6400,6400,65.0,WARNING,False,2026-09-28 06:41:04
6401,6401,65.0,WARNING,False,2026-09-28 06:41:04
6402,6402,65.0,WARNING,False,2026-09-28 06:41:04
6403,6403,65.0,WARNING,False,2026-09-28 06:41:04
6404,6404,65.0,WARNING,False,2026-09-28 06:41:04
6405,6405,65.0,WARNING,False,2026-09-28 06:41:04
6406,6406,65.0,WARNING,False,2026-09-28 06:41:04
6407,6407,65.0,WARNING,False,2026-09-28 06:41:04
6408,6408,65.0,WARNING,False,2026-09-28 06:41:04
6409,6409,65.0,WARNING,False,2026-09-28 06:41:04
6410,6410,65.0,WARNING,False,2026-09-28 06:41:04
6411,6411,65.0,WARNING,False,2026-09-28 06:41:04
6412,6412,65.0,WARNING,False,2026-09-28 06:41:04
6413,6413,65.0,WARNING,False,2026-09-28 06:41:04
6414,6414,65.0,WARNING,False,2026-09-28 06:41:04
6415,6415,65.0,WARNING,False,2026-09-28 06:41:04
6416,6416,65.0,WARNING,False,2026-09-28 06:41:04
6417,6417,65.0,WARNING,False,2026-09-28 06:41:04
6418,6418,65.0,WARNING,False,2026-09-28 06:41:04
6419,6419,65.0,WARNING,False,2026-09-28 06:41:04
6420,6420,65.0,WARNING,False,2026-09-28 06:41:04
6421,6421,65.0,WARNING,False,2026-09-28 06:41:04
6422,6422,65.0,WARNING,False,2026-09-28 06:41:04
6423,6423,65.0,WARNING,False,2026-09-28 06:41:04
6424,6424,65.0,WARNING,False,2026-09-28 06:41:04
6425,6425,65.0,WARNING,False,2026-09-28 06:41:04
6426,6426,65.0,WARNING,False,2026-09-28 06:41:04
6427,6427,65.0,WARNING,False,2026-09-28 06:41:04
6428,6428,65.0,WARNING,False,2026-09-28 06:41:04
6429,6429,65.0,WARNING,False,2026-09-28 06:41:04
6430,6430,65.0,WARNING,False,2026-09-28 06:41:04
6431,6431,65.0,WARNING,False,2026-09-28 06:41:04
6432,6432,65.0,WARNING,False,2026-09-28 06:41:04
6433,6433,65.0,WARNING,False,2026-09-28 06:41:04
6434,6434,65.0,WARNING,False,2026-09-28 06:41:04
6435,6435,65.0,WARNING,False,2026-09-28 06:41:04
6436,6436,65.0,WARNING,False,2026-09-28 06:41:04
6437,6437,65.0,WARNING,False,2026-09-28 06:41:04
6438,6438,65.0,WARNING,False,2026-09-28 06:41:04
6439,6439,65.0,WARNING,False,2026-09-28 06:41:04
6440,6440,65.0,WARNING,False,2026-09-28 06:41:04
6441,6441,65.0,WARNING,False,2026-09-28 06:41:04
6442,6442,65.0,WARNING,False,2026-09-28 06:41:04
6443,6443,65.0,WARNING,False,2026-09-28 06:41:04
6444,6444,65.0,WARNING,False,2026-09-28 06:41:04
6445,6445,65.0,WARNING,False,2026-09-28 06:41:04
6446,6446,65.0,WARNING,False,2026-09-28 06:41:04
6447,6447,65.0,WARNING,False,2026-09-28 06:41:04
6448,6448,65.0,WARNING,False,2026-09-28 06:41:04
6449,6449,65.0,WARNING,False,2026-09-28 06:41:04
6450,6450,65.0,WARNING,False,2026-09-28 06:41:04
6451,6451,65.0,WARNING,False,2026-09-28 06:41:04
6452,6452,65.0,WARNING,False,2026-09-28 06:41:04
6453,6453,65.0,WARNING,False,2026-09-28 06:41:04
6454,6454,65.0,WARNING,False,2026-09-28 06:41:04
6455,6455,65.0,WARNING,False,2026-09-28 06:41:04
6456,6456,65.0,WARNING,False,2026-09-28 06:41:04
6457,6457,65.0,WARNING,False,2026-09-28 06:41:04
6458,6458,65.0,WARNING,False,2026-09-28 06:41:04
6459,6459,65.0,WARNING,False,2026-09-28 06:41:04
6460,6460,65.0,WARNING,False,2026-09-28 06:41:04
6461,6461,65.0,WARNING,False,2026-09-28 06:41:04
6462,6462,65.0,WARNING,False,2026-09-28 06:41:04
6463,6463,65.0,WARNING,False,2026-09-28 06:41:04
6464,6464,65.0,WARNING,False,2026-09-28 06:41:04
6465,6465,65.0,WARNING,False,2026-09-28 06:41:04
6466,6466,65.0,WARNING,False,2026-09-28 06:41:04
6467,6467,65.0,WARNING,False,2026-09-28 06:41:04
6468,6468,65.0,WARNING,False,2026-09-28 06:41:04
6469,6469,65.0,WARNING,False,2026-09-28 06:41:04
6470,6470,65.0,WARNING,False,2026-09-28 06:41:04
6471,6471,65.0,WARNING,False,2026-09-28 06:41:04
6472,6472,65.0,WARNING,False,2026-09-28 06:41:04
6473,6473,65.0,WARNING,False,2026-09-28 06:41:04
6474,6474,65.0,WARNING,False,2026-09-28 06:41:04
6475,6475,65.0,WARNING,False,2026-09-28 06:41:04
6476,6476,65.0,WARNING,False,2026-09-28 06:41:04
6477,6477,65.0,WARNING,False,2026-09-28 06:41:04
6478,6478,65.0,WARNING,False,2026-09-28 06:41:04
6479,6479,65.0,WARNING,False,2026-09-28 06:41:04
6480,6480,65.0,WARNING,False,2026-09-28 06:41:04
6481,6481,65.0,WARNING,False,2026-09-28 06:41:04
6482,6482,65.0,WARNING,False,2026-09-28 06:41:04
6483,6483,65.0,WARNING,False,2026-09-28 06:41:04
6484,6484,65.0,WARNING,False,2026-09-28 06:41:04
6485,6485,65.0,WARNING,False,2026-09-28 06:41:04
6486,6486,65.0,WARNING,False,2026-09-28 06:41:04
6487,6487,65.0,WARNING,False,2026-09-28 06:41:04
6488,6488,65.0,WARNING,False,2026-09-28 06:41:04
6489,6489,65.0,WARNING,False,2026-09-28 06:41:04
6490,6490,65.0,WARNING,False,2026-09-28 06:41:04
6491,6491,65.0,WARNING,False,2026-09-28 06:41:04
6492,6492,65.0,WARNING,False,2026-09-28 06:41:04
6493,6493,65.0,WARNING,False,2026-09-28 06:41:04
6494,6494,65.0,WARNING,False,2026-09-28 06:41:04
6495,6495,65.0,WARNING,False,2026-09-28 06:41:04
6496,6496,65.0,WARNING,False,2026-09-28 06:41:04
6497,6497,65.0,WARNING,False,2026-09-28 06:41:04
6498,6498,65.0,WARNING,False,2026-09-28 06:41:04
6499,6499,65.0,WARNING,False,2026-09-28 06:41:04
6500,6500,65.0,WARNING,False,2026-09-28 06:41:04
6501,6501,65.0,WARNING,False,2026-09-28 06:41:04
6502,6502,65.0,WARNING,False,2026-09-28 06:41:04
6503,6503,65.0,WARNING,False,2026-09-28 06:41:04
6504,6504,65.0,WARNING,False,2026-09-28 06:41:04
6505,6505,65.0,WARNING,False,2026-09-28 06:41:04
6506,6506,65.0,WARNING,False,2026-09-28 06:41:04
6507,6507,65.0,WARNING,False,2026-09-28 06:41:04
6508,6508,65.0,WARNING,False,2026-09-28 06:41:04
6509,6509,65.0,WARNING,False,2026-09-28 06:41:04
6510,6510,65.0,WARNING,False,2026-09-28 06:41:04
6511,6511,65.0,WARNING,False,2026-09-28 06:41:04
6512,6512,65.0,WARNING,False,2026-09-28 06:41:04
6513,6513,65.0,WARNING,False,2026-09-28 06:41:04
6514,6514,65.0,WARNING,False,2026-09-28 06:41:04
6515,6515,65.0,WARNING,False,2026-09-28 06:41:04
6516,6516,65.0,WARNING,False,2026-09-28 06:41:04
6517,6517,65.0,WARNING,False,2026-09-28 06:41:04
6518,6518,65.0,WARNING,False,2026-09-28 06:41:04
6519,6519,65.0,WARNING,False,2026-09-28 06:41:04
6520,6520,65.0,WARNING,False,2026-09-28 06:41:04
6521,6521,65.0,WARNING,False,2026-09-28 06:41:04
6522,6522,65.0,WARNING,False,2026-09-28 06:41:04
6523,6523,65.0,WARNING,False,2026-09-28 06:41:04
6524,6524,65.0,WARNING,False,2026-09-28 06:41:04
6525,6525,65.0,WARNING,False,2026-09-28 06:41:04
6526,6526,65.0,WARNING,False,2026-09-28 06:41:04
6527,6527,65.0,WARNING,False,2026-09-28 06:41:04
6528,6528,65.0,WARNING,False,2026-09-28 06:41:04
6529,6529,65.0,WARNING,False,2026-09-28 06:41:04
6530,6530,65.0,WARNING,False,2026-09-28 06:41:04
6531,6531,65.0,WARNING,False,2026-09-28 06:41:04
6532,6532,65.0,WARNING,False,2026-09-28 06:41:04
6533,6533,65.0,WARNING,False,2026-09-28 06:41:04
6534,6534,65.0,WARNING,False,2026-09-28 06:41:04
6535,6535,65.0,WARNING,False,2026-09-28 06:41:04
6536,6536,65.0,WARNING,False,2026-09-28 06:41:04
6537,6537,65.0,WARNING,False,2026-09-28 06:41:04
6538,6538,65.0,WARNING,False,2026-09-28 06:41:04
6539,6539,65.0,WARNING,False,2026-09-28 06:41:04
6540,6540,65.0,WARNING,False,2026-09-28 06:41:04
6541,6541,65.0,WARNING,False,2026-09-28 06:41:04
6542,6542,65.0,WARNING,False,2026-09-28 06:41:04
6543,6543,65.0,WARNING,False,2026-09-28 06:41:04
6544,6544,65.0,WARNING,False,2026-09-28 06:41:04
6545,6545,65.0,WARNING,False,2026-09-28 06:41:04
6546,6546,65.0,WARNING,False,2026-09-28 06:41:04
6547,6547,65.0,WARNING,False,2026-09-28 06:41:04
6548,6548,65.0,WARNING,False,2026-09-28 06:41:04
6549,6549,65.0,WARNING,False,2026-09-28 06:41:04
6550,6550,65.0,WARNING,False,2026-09-28 06:41:04
6551,6551,65.0,WARNING,False,2026-09-28 06:41:04
6552,6552,65.0,WARNING,False,2026-09-28 06:41:04
6553,6553,65.0,WARNING,False,2026-09-28 06:41:04
6554,6554,65.0,WARNING,False,2026-09-28 06:41:04
6555,6555,65.0,WARNING,False,2026-09-28 06:41:04
6556,6556,65.0,WARNING,False,2026-09-28 06:41:04
6557,6557,65.0,WARNING,False,2026-09-28 06:41:04
6558,6558,65.0,WARNING,False,2026-09-28 06:41:04
6559,6559,65.0,WARNING,False,2026-09-28 06:41:04
6560,6560,65.0,WARNING,False,2026-09-28 06:41:04
6561,6561,65.0,WARNING,False,2026-09-28 06:41:04
6562,6562,65.0,WARNING,False,2026-09-28 06:41:04
6563,6563,65.0,WARNING,False,2026-09-28 06:41:04
6564,6564,65.0,WARNING,False,2026-09-28 06:41:04
6565,6565,65.0,WARNING,False,2026-09-28 06:41:04
6566,6566,65.0,WARNING,False,2026-09-28 06:41:04
6567,6567,65.0,WARNING,False,2026-09-28 06:41:04
6568,6568,65.0,WARNING,False,2026-09-28 06:41:04
6569,6569,65.0,WARNING,False,2026-09-28 06:41:04
6570,6570,65.0,WARNING,False,2026-09-28 06:41:04
6571,6571,65.0,WARNING,False,2026-09-28 06:41:04
6572,6572,65.0,WARNING,False,2026-09-28 06:41:04
6573,6573,65.0,WARNING,False,2026-09-28 06:41:04
6574,6574,65.0,WARNING,False,2026-09-28 06:41:04
6575,6575,65.0,WARNING,False,2026-09-28 06:41:04
6576,6576,65.0,WARNING,False,2026-09-28 06:41:04
6577,6577,65.0,WARNING,False,2026-09-28 06:41:04
6578,6578,65.0,WARNING,False,2026-09-28 06:41:04
6579,6579,65.0,WARNING,False,2026-09-28 06:41:04
6580,6580,65.0,WARNING,False,2026-09-28 06:41:04
6581,6581,65.0,WARNING,False,2026-09-28 06:41:04
6582,6582,65.0,WARNING,False,2026-09-28 06:41:04
6583,6583,65.0,WARNING,False,2026-09-28 06:41:04
6584,6584,65.0,WARNING,False,2026-09-28 06:41:04
6585,6585,65.0,WARNING,False,2026-09-28 06:41:04
6586,6586,65.0,WARNING,False,2026-09-28 06:41:04
6587,6587,65.0,WARNING,False,2026-09-28 06:41:04
6588,6588,65.0,WARNING,False,2026-09-28 06:41:04
6589,6589,65.0,WARNING,False,2026-09-28 06:41:04
6590,6590,65.0,WARNING,False,2026-09-28 06:41:04
6591,6591,65.0,WARNING,False,2026-09-28 06:41:04
6592,6592,65.0,WARNING,False,2026-09-28 06:41:04
6593,6593,65.0,WARNING,False,2026-09-28 06:41:04
6594,6594,65.0,WARNING,False,2026-09-28 06:41:04
6595,6595,65.0,WARNING,False,2026-09-28 06:41:04
6596,6596,65.0,WARNING,False,2026-09-28 06:41:04
6597,6597,65.0,WARNING,False,2026-09-28 06:41:04
6598,6598,65.0,WARNING,False,2026-09-28 06:41:04
6599,6599,65.0,WARNING,False,2026-09-28 06:41:04
6600,6600,65.0,WARNING,False,2026-09-28 06:41:04
6601,6601,65.0,WARNING,False,2026-09-28 06:41:04
6602,6602,65.0,WARNING,False,2026-09-28 06:41:04
6603,6603,65.0,WARNING,False,2026-09-28 06:41:04
6604,6604,65.0,WARNING,False,2026-09-28 06:41:04
6605,6605,65.0,WARNING,False,2026-09-28 06:41:04
6606,6606,65.0,WARNING,False,2026-09-28 06:41:04
6607,6607,65.0,WARNING,False,2026-09-28 06:41:04
6608,6608,65.0,WARNING,False,2026-09-28 06:41:04
6609,6609,65.0,WARNING,False,2026-09-28 06:41:04
6610,6610,65.0,WARNING,False,2026-09-28 06:41:04
6611,6611,65.0,WARNING,False,2026-09-28 06:41:04
6612,6612,65.0,WARNING,False,2026-09-28 06:41:04
6613,6613,65.0,WARNING,False,2026-09-28 06:41:04
6614,6614,65.0,WARNING,False,2026-09-28 06:41:04
6615,6615,65.0,WARNING,False,2026-09-28 06:41:04
6616,6616,65.0,WARNING,False,2026-09-28 06:41:04
6617,6617,65.0,WARNING,False,2026-09-28 06:41:04
6618,6618,65.0,WARNING,False,2026-09-28 06:41:04
6619,6619,65.0,WARNING,False,2026-09-28 06:41:04
6620,6620,65.0,WARNING,False,2026-09-28 06:41:04
6621,6621,65.0,WARNING,False,2026-09-28 06:41:04
6622,6622,65.0,WARNING,False,2026-09-28 06:41:04
6623,6623,65.0,WARNING,False,2026-09-28 06:41:04
6624,6624,65.0,WARNING,False,2026-09-28 06:41:04
6625,6625,65.0,WARNING,False,2026-09-28 06:41:04
6626,6626,65.0,WARNING,False,2026-09-28 06:41:04
6627,6627,65.0,WARNING,False,2026-09-28 06:41:04
6628,6628,65.0,WARNING,False,2026-09-28 06:41:04
6629,6629,65.0,WARNING,False,2026-09-28 06:41:04
6630,6630,65.0,WARNING,False,2026-09-28 06:41:04
6631,6631,65.0,WARNING,False,2026-09-28 06:41:04
6632,6632,65.0,WARNING,False,2026-09-28 06:41:04
6633,6633,65.0,WARNING,False,2026-09-28 06:41:04
6634,6634,65.0,WARNING,False,2026-09-28 06:41:04
6635,6635,65.0,WARNING,False,2026-09-28 06:41:04
6636,6636,65.0,WARNING,False,2026-09-28 06:41:04
6637,6637,65.0,WARNING,False,2026-09-28 06:41:04
6638,6638,65.0,WARNING,False,2026-09-28 06:41:04
6639,6639,65.0,WARNING,False,2026-09-28 06:41:04
6640,6640,65.0,WARNING,False,2026-09-28 06:41:04
6641,6641,65.0,WARNING,False,2026-09-28 06:41:04
6642,6642,65.0,WARNING,False,2026-09-28 06:41:04
6643,6643,65.0,WARNING,False,2026-09-28 06:41:04
6644,6644,65.0,WARNING,False,2026-09-28 06:41:04
6645,6645,65.0,WARNING,False,2026-09-28 06:41:04
6646,6646,65.0,WARNING,False,2026-09-28 06:41:04
6647,6647,65.0,WARNING,False,2026-09-28 06:41:04
6648,6648,65.0,WARNING,False,2026-09-28 06:41:04
6649,6649,65.0,WARNING,False,2026-09-28 06:41:04
6650,6650,65.0,WARNING,False,2026-09-28 06:41:04
6651,6651,65.0,WARNING,False,2026-09-28 06:41:04
6652,6652,65.0,WARNING,False,2026-09-28 06:41:04
6653,6653,65.0,WARNING,False,2026-09-28 06:41:04
6654,6654,65.0,WARNING,False,2026-09-28 06:41:04
6655,6655,65.0,WARNING,False,2026-09-28 06:41:04
6656,6656,65.0,WARNING,False,2026-09-28 06:41:04
6657,6657,65.0,WARNING,False,2026-09-28 06:41:04
6658,6658,65.0,WARNING,False,2026-09-28 06:41:04
6659,6659,65.0,WARNING,False,2026-09-28 06:41:04
6660,6660,65.0,WARNING,False,2026-09-28 06:41:04
6661,6661,65.0,WARNING,False,2026-09-28 06:41:04
6662,6662,65.0,WARNING,False,2026-09-28 06:41:04
6663,6663,65.0,WARNING,False,2026-09-28 06:41:04
6664,6664,65.0,WARNING,False,2026-09-28 06:41:04
6665,6665,65.0,WARNING,False,2026-09-28 06:41:04
6666,6666,65.0,WARNING,False,2026-09-28 06:41:04
6667,6667,65.0,WARNING,False,2026-09-28 06:41:04
6668,6668,65.0,WARNING,False,2026-09-28 06:41:04
6669,6669,65.0,WARNING,False,2026-09-28 06:41:04
6670,6670,65.0,WARNING,False,2026-09-28 06:41:04
6671,6671,65.0,WARNING,False,2026-09-28 06:41:04
6672,6672,65.0,WARNING,False,2026-09-28 06:41:04
6673,6673,65.0,WARNING,False,2026-09-28 06:41:04
6674,6674,65.0,WARNING,False,2026-09-28 06:41:04
6675,6675,65.0,WARNING,False,2026-09-28 06:41:04
6676,6676,65.0,WARNING,False,2026-09-28 06:41:04
6677,6677,65.0,WARNING,False,2026-09-28 06:41:04
6678,6678,65.0,WARNING,False,2026-09-28 06:41:04
6679,6679,65.0,WARNING,False,2026-09-28 06:41:04
6680,6680,65.0,WARNING,False,2026-09-28 06:41:04
6681,6681,65.0,WARNING,False,2026-09-28 06:41:04
6682,6682,65.0,WARNING,False,2026-09-28 06:41:04
6683,6683,65.0,WARNING,False,2026-09-28 06:41:04
6684,6684,65.0,WARNING,False,2026-09-28 06:41:04
6685,6685,65.0,WARNING,False,2026-09-28 06:41:04
6686,6686,65.0,WARNING,False,2026-09-28 06:41:04
6687,6687,65.0,WARNING,False,2026-09-28 06:41:04
6688,6688,65.0,WARNING,False,2026-09-28 06:41:04
6689,6689,65.0,WARNING,False,2026-09-28 06:41:04
6690,6690,65.0,WARNING,False,2026-09-28 06:41:04
6691,6691,65.0,WARNING,False,2026-09-28 06:41:04
6692,6692,65.0,WARNING,False,2026-09-28 06:41:04
6693,6693,65.0,WARNING,False,2026-09-28 06:41:04
6694,6694,65.0,WARNING,False,2026-09-28 06:41:04
6695,6695,65.0,WARNING,False,2026-09-28 06:41:04
6696,6696,65.0,WARNING,False,2026-09-28 06:41:04
6697,6697,65.0,WARNING,False,2026-09-28 06:41:04
6698,6698,65.0,WARNING,False,2026-09-28 06:41:04
6699,6699,65.0,WARNING,False,2026-09-28 06:41:04
6700,6700,65.0,WARNING,False,2026-09-28 06:41:04
6701,6701,65.0,WARNING,False,2026-09-28 06:41:04
6702,6702,65.0,WARNING,False,2026-09-28 06:41:04
6703,6703,65.0,WARNING,False,2026-09-28 06:41:04
6704,6704,65.0,WARNING,False,2026-09-28 06:41:04
6705,6705,65.0,WARNING,False,2026-09-28 06:41:04
6706,6706,65.0,WARNING,False,2026-09-28 06:41:04
6707,6707,65.0,WARNING,False,2026-09-28 06:41:04
6708,6708,65.0,WARNING,False,2026-09-28 06:41:04
6709,6709,65.0,WARNING,False,2026-09-28 06:41:04
6710,6710,65.0,WARNING,False,2026-09-28 06:41:04
6711,6711,65.0,WARNING,False,2026-09-28 06:41:04
6712,6712,65.0,WARNING,False,2026-09-28 06:41:04
6713,6713,65.0,WARNING,False,2026-09-28 06:41:04
6714,6714,65.0,WARNING,False,2026-09-28 06:41:04
6715,6715,65.0,WARNING,False,2026-09-28 06:41:04
6716,6716,65.0,WARNING,False,2026-09-28 06:41:04
6717,6717,65.0,WARNING,False,2026-09-28 06:41:04
6718,6718,65.0,WARNING,False,2026-09-28 06:41:04
6719,6719,65.0,WARNING,False,2026-09-28 06:41:04
6720,6720,65.0,WARNING,False,2026-09-28 06:41:04
6721,6721,65.0,WARNING,False,2026-09-28 06:41:04
6722,6722,65.0,WARNING,False,2026-09-28 06:41:04
6723,6723,65.0,WARNING,False,2026-09-28 06:41:04
6724,6724,65.0,WARNING,False,2026-09-28 06:41:04
6725,6725,65.0,WARNING,False,2026-09-28 06:41:04
6726,6726,65.0,WARNING,False,2026-09-28 06:41:04
6727,6727,65.0,WARNING,False,2026-09-28 06:41:04
6728,6728,65.0,WARNING,False,2026-09-28 06:41:04
6729,6729,65.0,WARNING,False,2026-09-28 06:41:04
6730,6730,65.0,WARNING,False,2026-09-28 06:41:04
6731,6731,65.0,WARNING,False,2026-09-28 06:41:04
6732,6732,65.0,WARNING,False,2026-09-28 06:41:04
6733,6733,65.0,WARNING,False,2026-09-28 06:41:04
6734,6734,65.0,WARNING,False,2026-09-28 06:41:04
6735,6735,65.0,WARNING,False,2026-09-28 06:41:04
6736,6736,65.0,WARNING,False,2026-09-28 06:41:04
6737,6737,65.0,WARNING,False,2026-09-28 06:41:04
6738,6738,65.0,WARNING,False,2026-09-28 06:41:04
6739,6739,65.0,WARNING,False,2026-09-28 06:41:04
6740,6740,65.0,WARNING,False,2026-09-28 06:41:04
6741,6741,65.0,WARNING,False,2026-09-28 06:41:04
6742,6742,65.0,WARNING,False,2026-09-28 06:41:04
6743,6743,65.0,WARNING,False,2026-09-28 06:41:04
6744,6744,65.0,WARNING,False,2026-09-28 06:41:04
6745,6745,65.0,WARNING,False,2026-09-28 06:41:04
6746,6746,65.0,WARNING,False,2026-09-28 06:41:04
6747,6747,65.0,WARNING,False,2026-09-28 06:41:04
6748,6748,65.0,WARNING,False,2026-09-28 06:41:04
6749,6749,65.0,WARNING,False,2026-09-28 06:41:04
6750,6750,65.0,WARNING,False,2026-09-28 06:41:04
6751,6751,65.0,WARNING,False,2026-09-28 06:41:04
6752,6752,65.0,WARNING,False,2026-09-28 06:41:04
6753,6753,65.0,WARNING,False,2026-09-28 06:41:04
6754,6754,65.0,WARNING,False,2026-09-28 06:41:04
6755,6755,65.0,WARNING,False,2026-09-28 06:41:04
6756,6756,65.0,WARNING,False,2026-09-28 06:41:04
6757,6757,65.0,WARNING,False,2026-09-28 06:41:04
6758,6758,65.0,WARNING,False,2026-09-28 06:41:04
6759,6759,65.0,WARNING,False,2026-09-28 06:41:04
6760,6760,65.0,WARNING,False,2026-09-28 06:41:04
6761,6761,65.0,WARNING,False,2026-09-28 06:41:04
6762,6762,65.0,WARNING,False,2026-09-28 06:41:04
6763,6763,65.0,WARNING,False,2026-09-28 06:41:04
6764,6764,65.0,WARNING,False,2026-09-28 06:41:04
6765,6765,65.0,WARNING,False,2026-09-28 06:41:04
6766,6766,65.0,WARNING,False,2026-09-28 06:41:04
6767,6767,65.0,WARNING,False,2026-09-28 06:41:04
6768,6768,65.0,WARNING,False,2026-09-28 06:41:04
6769,6769,65.0,WARNING,False,2026-09-28 06:41:04
6770,6770,65.0,WARNING,False,2026-09-28 06:41:04
6771,6771,65.0,WARNING,False,2026-09-28 06:41:04
6772,6772,65.0,WARNING,False,2026-09-28 06:41:04
6773,6773,65.0,WARNING,False,2026-09-28 06:41:04
6774,6774,65.0,WARNING,False,2026-09-28 06:41:04
6775,6775,65.0,WARNING,False,2026-09-28 06:41:04
6776,6776,65.0,WARNING,False,2026-09-28 06:41:04
6777,6777,65.0,WARNING,False,2026-09-28 06:41:04
6778,6778,65.0,WARNING,False,2026-09-28 06:41:04
6779,6779,65.0,WARNING,False,2026-09-28 06:41:04
6780,6780,65.0,WARNING,False,2026-09-28 06:41:04
6781,6781,65.0,WARNING,False,2026-09-28 06:41:04
6782,6782,65.0,WARNING,False,2026-09-28 06:41:04
6783,6783,65.0,WARNING,False,2026-09-28 06:41:04
6784,6784,65.0,WARNING,False,2026-09-28 06:41:04
6785,6785,65.0,WARNING,False,2026-09-28 06:41:04
6786,6786,65.0,WARNING,False,2026-09-28 06:41:04
6787,6787,65.0,WARNING,False,2026-09-28 06:41:04
6788,6788,65.0,WARNING,False,2026-09-28 06:41:04
6789,6789,65.0,WARNING,False,2026-09-28 06:41:04
6790,6790,65.0,WARNING,False,2026-09-28 06:41:04
6791,6791,65.0,WARNING,False,2026-09-28 06:41:04
6792,6792,65.0,WARNING,False,2026-09-28 06:41:04
6793,6793,65.0,WARNING,False,2026-09-28 06:41:04
6794,6794,65.0,WARNING,False,2026-09-28 06:41:04
6795,6795,65.0,WARNING,False,2026-09-28 06:41:04
6796,6796,65.0,WARNING,False,2026-09-28 06:41:04
6797,6797,65.0,WARNING,False,2026-09-28 06:41:04
6798,6798,65.0,WARNING,False,2026-09-28 06:41:04
6799,6799,65.0,WARNING,False,2026-09-28 06:41:04
6800,6800,65.0,WARNING,False,2026-09-28 06:41:04
6801,6801,65.0,WARNING,False,2026-09-28 06:41:04
6802,6802,65.0,WARNING,False,2026-09-28 06:41:04
6803,6803,65.0,WARNING,False,2026-09-28 06:41:04
6804,6804,65.0,WARNING,False,2026-09-28 06:41:04
6805,6805,65.0,WARNING,False,2026-09-28 06:41:04
6806,6806,65.0,WARNING,False,2026-09-28 06:41:04
6807,6807,65.0,WARNING,False,2026-09-28 06:41:04
6808,6808,65.0,WARNING,False,2026-09-28 06:41:04
6809,6809,65.0,WARNING,False,2026-09-28 06:41:04
6810,6810,65.0,WARNING,False,2026-09-28 06:41:04
6811,6811,65.0,WARNING,False,2026-09-28 06:41:04
6812,6812,65.0,WARNING,False,2026-09-28 06:41:04
6813,6813,65.0,WARNING,False,2026-09-28 06:41:04
6814,6814,65.0,WARNING,False,2026-09-28 06:41:04
6815,6815,65.0,WARNING,False,2026-09-28 06:41:04
6816,6816,65.0,WARNING,False,2026-09-28 06:41:04
6817,6817,65.0,WARNING,False,2026-09-28 06:41:04
6818,6818,65.0,WARNING,False,2026-09-28 06:41:04
6819,6819,65.0,WARNING,False,2026-09-28 06:41:04
6820,6820,65.0,WARNING,False,2026-09-28 06:41:04
6821,6821,65.0,WARNING,False,2026-09-28 06:41:04
6822,6822,65.0,WARNING,False,2026-09-28 06:41:04
6823,6823,65.0,WARNING,False,2026-09-28 06:41:04
6824,6824,65.0,WARNING,False,2026-09-28 06:41:04
6825,6825,65.0,WARNING,False,2026-09-28 06:41:04
6826,6826,65.0,WARNING,False,2026-09-28 06:41:04
6827,6827,65.0,WARNING,False,2026-09-28 06:41:04
6828,6828,65.0,WARNING,False,2026-09-28 06:41:04
6829,6829,65.0,WARNING,False,2026-09-28 06:41:04
6830,6830,65.0,WARNING,False,2026-09-28 06:41:04
6831,6831,65.0,WARNING,False,2026-09-28 06:41:04
6832,6832,65.0,WARNING,False,2026-09-28 06:41:04
6833,6833,65.0,WARNING,False,2026-09-28 06:41:04
6834,6834,65.0,WARNING,False,2026-09-28 06:41:04
6835,6835,65.0,WARNING,False,2026-09-28 06:41:04
6836,6836,65.0,WARNING,False,2026-09-28 06:41:04
6837,6837,65.0,WARNING,False,2026-09-28 06:41:04
6838,6838,65.0,WARNING,False,2026-09-28 06:41:04
6839,6839,65.0,WARNING,False,2026-09-28 06:41:04
6840,6840,65.0,WARNING,False,2026-09-28 06:41:04
6841,6841,65.0,WARNING,False,2026-09-28 06:41:04
6842,6842,65.0,WARNING,False,2026-09-28 06:41:04
6843,6843,65.0,WARNING,False,2026-09-28 06:41:04
6844,6844,65.0,WARNING,False,2026-09-28 06:41:04
6845,6845,65.0,WARNING,False,2026-09-28 06:41:04
6846,6846,65.0,WARNING,False,2026-09-28 06:41:04
6847,6847,65.0,WARNING,False,2026-09-28 06:41:04
6848,6848,65.0,WARNING,False,2026-09-28 06:41:04
6849,6849,65.0,WARNING,False,2026-09-28 06:41:04
6850,6850,65.0,WARNING,False,2026-09-28 06:41:04
6851,6851,65.0,WARNING,False,2026-09-28 06:41:04
6852,6852,65.0,WARNING,False,2026-09-28 06:41:04
6853,6853,65.0,WARNING,False,2026-09-28 06:41:04
6854,6854,65.0,WARNING,False,2026-09-28 06:41:04
6855,6855,65.0,WARNING,False,2026-09-28 06:41:04
6856,6856,65.0,WARNING,False,2026-09-28 06:41:04
6857,6857,65.0,WARNING,False,2026-09-28 06:41:04
6858,6858,65.0,WARNING,False,2026-09-28 06:41:04
6859,6859,65.0,WARNING,False,2026-09-28 06:41:04
6860,6860,65.0,WARNING,False,2026-09-28 06:41:04
6861,6861,65.0,WARNING,False,2026-09-28 06:41:04
6862,6862,65.0,WARNING,False,2026-09-28 06:41:04
6863,6863,65.0,WARNING,False,2026-09-28 06:41:04
6864,6864,65.0,WARNING,False,2026-09-28 06:41:04
6865,6865,65.0,WARNING,False,2026-09-28 06:41:04
6866,6866,65.0,WARNING,False,2026-09-28 06:41:04
6867,6867,65.0,WARNING,False,2026-09-28 06:41:04
6868,6868,65.0,WARNING,False,2026-09-28 06:41:04
6869,6869,65.0,WARNING,False,2026-09-28 06:41:04
6870,6870,65.0,WARNING,False,2026-09-28 06:41:04
6871,6871,65.0,WARNING,False,2026-09-28 06:41:04
6872,6872,65.0,WARNING,False,2026-09-28 06:41:04
6873,6873,65.0,WARNING,False,2026-09-28 06:41:04
6874,6874,65.0,WARNING,False,2026-09-28 06:41:04
6875,6875,65.0,WARNING,False,2026-09-28 06:41:04
6876,6876,65.0,WARNING,False,2026-09-28 06:41:04
6877,6877,65.0,WARNING,False,2026-09-28 06:41:04
6878,6878,65.0,WARNING,False,2026-09-28 06:41:04
6879,6879,65.0,WARNING,False,2026-09-28 06:41:04
6880,6880,65.0,WARNING,False,2026-09-28 06:41:04
6881,6881,65.0,WARNING,False,2026-09-28 06:41:04
6882,6882,65.0,WARNING,False,2026-09-28 06:41:04
6883,6883,65.0,WARNING,False,2026-09-28 06:41:04
6884,6884,65.0,WARNING,False,2026-09-28 06:41:04
6885,6885,65.0,WARNING,False,2026-09-28 06:41:04
6886,6886,65.0,WARNING,False,2026-09-28 06:41:04
6887,6887,65.0,WARNING,False,2026-09-28 06:41:04
6888,6888,65.0,WARNING,False,2026-09-28 06:41:04
6889,6889,65.0,WARNING,False,2026-09-28 06:41:04
6890,6890,65.0,WARNING,False,2026-09-28 06:41:04
6891,6891,65.0,WARNING,False,2026-09-28 06:41:04
6892,6892,65.0,WARNING,False,2026-09-28 06:41:04
6893,6893,65.0,WARNING,False,2026-09-28 06:41:04
6894,6894,65.0,WARNING,False,2026-09-28 06:41:04
6895,6895,65.0,WARNING,False,2026-09-28 06:41:04
6896,6896,65.0,WARNING,False,2026-09-28 06:41:04
6897,6897,65.0,WARNING,False,2026-09-28 06:41:04
6898,6898,65.0,WARNING,False,2026-09-28 06:41:04
6899,6899,65.0,WARNING,False,2026-09-28 06:41:04
6900,6900,65.0,WARNING,False,2026-09-28 06:41:04
6901,6901,65.0,WARNING,False,2026-09-28 06:41:04
6902,6902,65.0,WARNING,False,2026-09-28 06:41:04
6903,6903,65.0,WARNING,False,2026-09-28 06:41:04
6904,6904,65.0,WARNING,False,2026-09-28 06:41:04
6905,6905,65.0,WARNING,False,2026-09-28 06:41:04
6906,6906,65.0,WARNING,False,2026-09-28 06:41:04
6907,6907,65.0,WARNING,False,2026-09-28 06:41:04
6908,6908,65.0,WARNING,False,2026-09-28 06:41:04
6909,6909,65.0,WARNING,False,2026-09-28 06:41:04
6910,6910,65.0,WARNING,False,2026-09-28 06:41:04
6911,6911,65.0,WARNING,False,2026-09-28 06:41:04
6912,6912,65.0,WARNING,False,2026-09-28 06:41:04
6913,6913,65.0,WARNING,False,2026-09-28 06:41:04
6914,6914,65.0,WARNING,False,2026-09-28 06:41:04
6915,6915,65.0,WARNING,False,2026-09-28 06:41:04
6916,6916,65.0,WARNING,False,2026-09-28 06:41:04
6917,6917,65.0,WARNING,False,2026-09-28 06:41:04
6918,6918,65.0,WARNING,False,2026-09-28 06:41:04
6919,6919,65.0,WARNING,False,2026-09-28 06:41:04
6920,6920,65.0,WARNING,False,2026-09-28 06:41:04
6921,6921,65.0,WARNING,False,2026-09-28 06:41:04
6922,6922,65.0,WARNING,False,2026-09-28 06:41:04
6923,6923,65.0,WARNING,False,2026-09-28 06:41:04
6924,6924,65.0,WARNING,False,2026-09-28 06:41:04
6925,6925,65.0,WARNING,False,2026-09-28 06:41:04
6926,6926,65.0,WARNING,False,2026-09-28 06:41:04
6927,6927,65.0,WARNING,False,2026-09-28 06:41:04
6928,6928,65.0,WARNING,False,2026-09-28 06:41:04
6929,6929,65.0,WARNING,False,2026-09-28 06:41:04
6930,6930,65.0,WARNING,False,2026-09-28 06:41:04
6931,6931,65.0,WARNING,False,2026-09-28 06:41:04
6932,6932,65.0,WARNING,False,2026-09-28 06:41:04
6933,6933,65.0,WARNING,False,2026-09-28 06:41:04
6934,6934,65.0,WARNING,False,2026-09-28 06:41:04
6935,6935,65.0,WARNING,False,2026-09-28 06:41:04
6936,6936,65.0,WARNING,False,2026-09-28 06:41:04
6937,6937,65.0,WARNING,False,2026-09-28 06:41:04
6938,6938,65.0,WARNING,False,2026-09-28 06:41:04
6939,6939,65.0,WARNING,False,2026-09-28 06:41:04
6940,6940,65.0,WARNING,False,2026-09-28 06:41:04
6941,6941,65.0,WARNING,False,2026-09-28 06:41:04
6942,6942,65.0,WARNING,False,2026-09-28 06:41:04
6943,6943,65.0,WARNING,False,2026-09-28 06:41:04
6944,6944,65.0,WARNING,False,2026-09-28 06:41:04
6945,6945,65.0,WARNING,False,2026-09-28 06:41:04
6946,6946,65.0,WARNING,False,2026-09-28 06:41:04
6947,6947,65.0,WARNING,False,2026-09-28 06:41:04
6948,6948,65.0,WARNING,False,2026-09-28 06:41:04
6949,6949,65.0,WARNING,False,2026-09-28 06:41:04
6950,6950,65.0,WARNING,False,2026-09-28 06:41:04
6951,6951,65.0,WARNING,False,2026-09-28 06:41:04
6952,6952,65.0,WARNING,False,2026-09-28 06:41:04
6953,6953,65.0,WARNING,False,2026-09-28 06:41:04
6954,6954,65.0,WARNING,False,2026-09-28 06:41:04
6955,6955,65.0,WARNING,False,2026-09-28 06:41:04
6956,6956,65.0,WARNING,False,2026-09-28 06:41:04
6957,6957,65.0,WARNING,False,2026-09-28 06:41:04
6958,6958,65.0,WARNING,False,2026-09-28 06:41:04
6959,6959,65.0,WARNING,False,2026-09-28 06:41:04
6960,6960,65.0,WARNING,False,2026-09-28 06:41:04
6961,6961,65.0,WARNING,False,2026-09-28 06:41:04
6962,6962,65.0,WARNING,False,2026-09-28 06:41:04
6963,6963,65.0,WARNING,False,2026-09-28 06:41:04
6964,6964,65.0,WARNING,False,2026-09-28 06:41:04
6965,6965,65.0,WARNING,False,2026-09-28 06:41:04
6966,6966,65.0,WARNING,False,2026-09-28 06:41:04
6967,6967,65.0,WARNING,False,2026-09-28 06:41:04
6968,6968,65.0,WARNING,False,2026-09-28 06:41:04
6969,6969,65.0,WARNING,False,2026-09-28 06:41:04
6970,6970,65.0,WARNING,False,2026-09-28 06:41:04
6971,6971,65.0,WARNING,False,2026-09-28 06:41:04
6972,6972,65.0,WARNING,False,2026-09-28 06:41:04
6973,6973,65.0,WARNING,False,2026-09-28 06:41:04
6974,6974,65.0,WARNING,False,2026-09-28 06:41:04
6975,6975,65.0,WARNING,False,2026-09-28 06:41:04
6976,6976,65.0,WARNING,False,2026-09-28 06:41:04
6977,6977,65.0,WARNING,False,2026-09-28 06:41:04
6978,6978,65.0,WARNING,False,2026-09-28 06:41:04
6979,6979,65.0,WARNING,False,2026-09-28 06:41:04
6980,6980,65.0,WARNING,False,2026-09-28 06:41:04
6981,6981,65.0,WARNING,False,2026-09-28 06:41:04
6982,6982,65.0,WARNING,False,2026-09-28 06:41:04
6983,6983,65.0,WARNING,False,2026-09-28 06:41:04
6984,6984,65.0,WARNING,False,2026-09-28 06:41:04
6985,6985,65.0,WARNING,False,2026-09-28 06:41:04
6986,6986,65.0,WARNING,False,2026-09-28 06:41:04
6987,6987,65.0,WARNING,False,2026-09-28 06:41:04
6988,6988,65.0,WARNING,False,2026-09-28 06:41:04
6989,6989,65.0,WARNING,False,2026-09-28 06:41:04
6990,6990,65.0,WARNING,False,2026-09-28 06:41:04
6991,6991,65.0,WARNING,False,2026-09-28 06:41:04
6992,6992,65.0,WARNING,False,2026-09-28 06:41:04
6993,6993,65.0,WARNING,False,2026-09-28 06:41:04
6994,6994,65.0,WARNING,False,2026-09-28 06:41:04
6995,6995,65.0,WARNING,False,2026-09-28 06:41:04
6996,6996,65.0,WARNING,False,2026-09-28 06:41:04
6997,6997,65.0,WARNING,False,2026-09-28 06:41:04
6998,6998,65.0,WARNING,False,2026-09-28 06:41:04
6999,6999,65.0,WARNING,False,2026-09-28 06:41:04
7000,7000,65.0,WARNING,False,2026-09-28 06:41:04
7001,7001,65.0,WARNING,False,2026-09-28 06:41:04
7002,7002,65.0,WARNING,False,2026-09-28 06:41:04
7003,7003,65.0,WARNING,False,2026-09-28 06:41:04
7004,7004,65.0,WARNING,False,2026-09-28 06:41:04
7005,7005,65.0,WARNING,False,2026-09-28 06:41:04
7006,7006,65.0,WARNING,False,2026-09-28 06:41:04
7007,7007,65.0,WARNING,False,2026-09-28 06:41:04
7008,7008,65.0,WARNING,False,2026-09-28 06:41:04
7009,7009,65.0,WARNING,False,2026-09-28 06:41:04
7010,7010,65.0,WARNING,False,2026-09-28 06:41:04
7011,7011,65.0,WARNING,False,2026-09-28 06:41:04
7012,7012,65.0,WARNING,False,2026-09-28 06:41:04
7013,7013,65.0,WARNING,False,2026-09-28 06:41:04
7014,7014,65.0,WARNING,False,2026-09-28 06:41:04
7015,7015,65.0,WARNING,False,2026-09-28 06:41:04
7016,7016,65.0,WARNING,False,2026-09-28 06:41:04
7017,7017,65.0,WARNING,False,2026-09-28 06:41:04
7018,7018,65.0,WARNING,False,2026-09-28 06:41:04
7019,7019,65.0,WARNING,False,2026-09-28 06:41:04
7020,7020,65.0,WARNING,False,2026-09-28 06:41:04
7021,7021,65.0,WARNING,False,2026-09-28 06:41:04
7022,7022,65.0,WARNING,False,2026-09-28 06:41:04
7023,7023,65.0,WARNING,False,2026-09-28 06:41:04
7024,7024,65.0,WARNING,False,2026-09-28 06:41:04
7025,7025,65.0,WARNING,False,2026-09-28 06:41:04
7026,7026,65.0,WARNING,False,2026-09-28 06:41:04
7027,7027,65.0,WARNING,False,2026-09-28 06:41:04
7028,7028,65.0,WARNING,False,2026-09-28 06:41:04
7029,7029,65.0,WARNING,False,2026-09-28 06:41:04
7030,7030,65.0,WARNING,False,2026-09-28 06:41:04
7031,7031,65.0,WARNING,False,2026-09-28 06:41:04
7032,7032,65.0,WARNING,False,2026-09-28 06:41:04
7033,7033,65.0,WARNING,False,2026-09-28 06:41:04
7034,7034,65.0,WARNING,False,2026-09-28 06:41:04
7035,7035,65.0,WARNING,False,2026-09-28 06:41:04
7036,7036,65.0,WARNING,False,2026-09-28 06:41:04
7037,7037,65.0,WARNING,False,2026-09-28 06:41:04
7038,7038,65.0,WARNING,False,2026-09-28 06:41:04
7039,7039,65.0,WARNING,False,2026-09-28 06:41:04
7040,7040,65.0,WARNING,False,2026-09-28 06:41:04
7041,7041,65.0,WARNING,False,2026-09-28 06:41:04
7042,7042,65.0,WARNING,False,2026-09-28 06:41:04
7043,7043,65.0,WARNING,False,2026-09-28 06:41:04
7044,7044,65.0,WARNING,False,2026-09-28 06:41:04
7045,7045,65.0,WARNING,False,2026-09-28 06:41:04
7046,7046,65.0,WARNING,False,2026-09-28 06:41:04
7047,7047,65.0,WARNING,False,2026-09-28 06:41:04
7048,7048,65.0,WARNING,False,2026-09-28 06:41:04
7049,7049,65.0,WARNING,False,2026-09-28 06:41:04
7050,7050,65.0,WARNING,False,2026-09-28 06:41:04
7051,7051,65.0,WARNING,False,2026-09-28 06:41:04
7052,7052,65.0,WARNING,False,2026-09-28 06:41:04
7053,7053,65.0,WARNING,False,2026-09-28 06:41:04
7054,7054,65.0,WARNING,False,2026-09-28 06:41:04
7055,7055,65.0,WARNING,False,2026-09-28 06:41:04
7056,7056,65.0,WARNING,False,2026-09-28 06:41:04
7057,7057,65.0,WARNING,False,2026-09-28 06:41:04
7058,7058,65.0,WARNING,False,2026-09-28 06:41:04
7059,7059,65.0,WARNING,False,2026-09-28 06:41:04
7060,7060,65.0,WARNING,False,2026-09-28 06:41:04
7061,7061,65.0,WARNING,False,2026-09-28 06:41:04
7062,7062,65.0,WARNING,False,2026-09-28 06:41:04
7063,7063,65.0,WARNING,False,2026-09-28 06:41:04
7064,7064,65.0,WARNING,False,2026-09-28 06:41:04
7065,7065,65.0,WARNING,False,2026-09-28 06:41:04
7066,7066,65.0,WARNING,False,2026-09-28 06:41:04
7067,7067,65.0,WARNING,False,2026-09-28 06:41:04
7068,7068,65.0,WARNING,False,2026-09-28 06:41:04
7069,7069,65.0,WARNING,False,2026-09-28 06:41:04
7070,7070,65.0,WARNING,False,2026-09-28 06:41:04
7071,7071,65.0,WARNING,False,2026-09-28 06:41:04
7072,7072,65.0,WARNING,False,2026-09-28 06:41:04
7073,7073,65.0,WARNING,False,2026-09-28 06:41:04
7074,7074,65.0,WARNING,False,2026-09-28 06:41:04
7075,7075,65.0,WARNING,False,2026-09-28 06:41:04
7076,7076,65.0,WARNING,False,2026-09-28 06:41:04
7077,7077,65.0,WARNING,False,2026-09-28 06:41:04
7078,7078,65.0,WARNING,False,2026-09-28 06:41:04
7079,7079,65.0,WARNING,False,2026-09-28 06:41:04
7080,7080,65.0,WARNING,False,2026-09-28 06:41:04
7081,7081,65.0,WARNING,False,2026-09-28 06:41:04
7082,7082,65.0,WARNING,False,2026-09-28 06:41:04
7083,7083,65.0,WARNING,False,2026-09-28 06:41:04
7084,7084,65.0,WARNING,False,2026-09-28 06:41:04
7085,7085,65.0,WARNING,False,2026-09-28 06:41:04
7086,7086,65.0,WARNING,False,2026-09-28 06:41:04
7087,7087,65.0,WARNING,False,2026-09-28 06:41:04
7088,7088,65.0,WARNING,False,2026-09-28 06:41:04
7089,7089,65.0,WARNING,False,2026-09-28 06:41:04
7090,7090,65.0,WARNING,False,2026-09-28 06:41:04
7091,7091,65.0,WARNING,False,2026-09-28 06:41:04
7092,7092,65.0,WARNING,False,2026-09-28 06:41:04
7093,7093,65.0,WARNING,False,2026-09-28 06:41:04
7094,7094,65.0,WARNING,False,2026-09-28 06:41:04
7095,7095,65.0,WARNING,False,2026-09-28 06:41:04
7096,7096,65.0,WARNING,False,2026-09-28 06:41:04
7097,7097,65.0,WARNING,False,2026-09-28 06:41:04
7098,7098,65.0,WARNING,False,2026-09-28 06:41:04
7099,7099,65.0,WARNING,False,2026-09-28 06:41:04
7100,7100,65.0,WARNING,False,2026-09-28 06:41:04
7101,7101,65.0,WARNING,False,2026-09-28 06:41:04
7102,7102,65.0,WARNING,False,2026-09-28 06:41:04
7103,7103,65.0,WARNING,False,2026-09-28 06:41:04
7104,7104,65.0,WARNING,False,2026-09-28 06:41:04
7105,7105,65.0,WARNING,False,2026-09-28 06:41:04
7106,7106,65.0,WARNING,False,2026-09-28 06:41:04
7107,7107,65.0,WARNING,False,2026-09-28 06:41:04
7108,7108,65.0,WARNING,False,2026-09-28 06:41:04
7109,7109,65.0,WARNING,False,2026-09-28 06:41:04
7110,7110,65.0,WARNING,False,2026-09-28 06:41:04
7111,7111,65.0,WARNING,False,2026-09-28 06:41:04
7112,7112,65.0,WARNING,False,2026-09-28 06:41:04
7113,7113,65.0,WARNING,False,2026-09-28 06:41:04
7114,7114,65.0,WARNING,False,2026-09-28 06:41:04
7115,7115,65.0,WARNING,False,2026-09-28 06:41:04
7116,7116,65.0,WARNING,False,2026-09-28 06:41:04
7117,7117,65.0,WARNING,False,2026-09-28 06:41:04
7118,7118,65.0,WARNING,False,2026-09-28 06:41:04
7119,7119,65.0,WARNING,False,2026-09-28 06:41:04
7120,7120,65.0,WARNING,False,2026-09-28 06:41:04
7121,7121,65.0,WARNING,False,2026-09-28 06:41:04
7122,7122,65.0,WARNING,False,2026-09-28 06:41:04
7123,7123,65.0,WARNING,False,2026-09-28 06:41:04
7124,7124,65.0,WARNING,False,2026-09-28 06:41:04
7125,7125,65.0,WARNING,False,2026-09-28 06:41:04
7126,7126,65.0,WARNING,False,2026-09-28 06:41:04
7127,7127,65.0,WARNING,False,2026-09-28 06:41:04
7128,7128,65.0,WARNING,False,2026-09-28 06:41:04
7129,7129,65.0,WARNING,False,2026-09-28 06:41:04
7130,7130,65.0,WARNING,False,2026-09-28 06:41:04
7131,7131,65.0,WARNING,False,2026-09-28 06:41:04
7132,7132,65.0,WARNING,False,2026-09-28 06:41:04
7133,7133,65.0,WARNING,False,2026-09-28 06:41:04
7134,7134,65.0,WARNING,False,2026-09-28 06:41:04
7135,7135,65.0,WARNING,False,2026-09-28 06:41:04
7136,7136,65.0,WARNING,False,2026-09-28 06:41:04
7137,7137,65.0,WARNING,False,2026-09-28 06:41:04
7138,7138,65.0,WARNING,False,2026-09-28 06:41:04
7139,7139,65.0,WARNING,False,2026-09-28 06:41:04
7140,7140,65.0,WARNING,False,2026-09-28 06:41:04
7141,7141,65.0,WARNING,False,2026-09-28 06:41:04
7142,7142,65.0,WARNING,False,2026-09-28 06:41:04
7143,7143,65.0,WARNING,False,2026-09-28 06:41:04
7144,7144,65.0,WARNING,False,2026-09-28 06:41:04
7145,7145,65.0,WARNING,False,2026-09-28 06:41:04
7146,7146,65.0,WARNING,False,2026-09-28 06:41:04
7147,7147,65.0,WARNING,False,2026-09-28 06:41:04
7148,7148,65.0,WARNING,False,2026-09-28 06:41:04
7149,7149,65.0,WARNING,False,2026-09-28 06:41:04
7150,7150,65.0,WARNING,False,2026-09-28 06:41:04
7151,7151,65.0,WARNING,False,2026-09-28 06:41:04
7152,7152,65.0,WARNING,False,2026-09-28 06:41:04
7153,7153,65.0,WARNING,False,2026-09-28 06:41:04
7154,7154,65.0,WARNING,False,2026-09-28 06:41:04
7155,7155,65.0,WARNING,False,2026-09-28 06:41:04
7156,7156,65.0,WARNING,False,2026-09-28 06:41:04
7157,7157,65.0,WARNING,False,2026-09-28 06:41:04
7158,7158,65.0,WARNING,False,2026-09-28 06:41:04
7159,7159,65.0,WARNING,False,2026-09-28 06:41:04
7160,7160,65.0,WARNING,False,2026-09-28 06:41:04
7161,7161,65.0,WARNING,False,2026-09-28 06:41:04
7162,7162,65.0,WARNING,False,2026-09-28 06:41:04
7163,7163,65.0,WARNING,False,2026-09-28 06:41:04
7164,7164,65.0,WARNING,False,2026-09-28 06:41:04
7165,7165,65.0,WARNING,False,2026-09-28 06:41:04
7166,7166,65.0,WARNING,False,2026-09-28 06:41:04
7167,7167,65.0,WARNING,False,2026-09-28 06:41:04
7168,7168,65.0,WARNING,False,2026-09-28 06:41:04
7169,7169,65.0,WARNING,False,2026-09-28 06:41:04
7170,7170,65.0,WARNING,False,2026-09-28 06:41:04
7171,7171,65.0,WARNING,False,2026-09-28 06:41:04
7172,7172,65.0,WARNING,False,2026-09-28 06:41:04
7173,7173,65.0,WARNING,False,2026-09-28 06:41:04
7174,7174,65.0,WARNING,False,2026-09-28 06:41:04
7175,7175,65.0,WARNING,False,2026-09-28 06:41:04
7176,7176,65.0,WARNING,False,2026-09-28 06:41:04
7177,7177,65.0,WARNING,False,2026-09-28 06:41:04
7178,7178,65.0,WARNING,False,2026-09-28 06:41:04
7179,7179,65.0,WARNING,False,2026-09-28 06:41:04
7180,7180,65.0,WARNING,False,2026-09-28 06:41:04
7181,7181,65.0,WARNING,False,2026-09-28 06:41:04
7182,7182,65.0,WARNING,False,2026-09-28 06:41:04
7183,7183,65.0,WARNING,False,2026-09-28 06:41:04
7184,7184,65.0,WARNING,False,2026-09-28 06:41:04
7185,7185,65.0,WARNING,False,2026-09-28 06:41:04
7186,7186,65.0,WARNING,False,2026-09-28 06:41:04
7187,7187,65.0,WARNING,False,2026-09-28 06:41:04
7188,7188,65.0,WARNING,False,2026-09-28 06:41:04
7189,7189,65.0,WARNING,False,2026-09-28 06:41:04
7190,7190,65.0,WARNING,False,2026-09-28 06:41:04
7191,7191,65.0,WARNING,False,2026-09-28 06:41:04
7192,7192,65.0,WARNING,False,2026-09-28 06:41:04
7193,7193,65.0,WARNING,False,2026-09-28 06:41:04
7194,7194,65.0,WARNING,False,2026-09-28 06:41:04
7195,7195,65.0,WARNING,False,2026-09-28 06:41:04
7196,7196,65.0,WARNING,False,2026-09-28 06:41:04
7197,7197,65.0,WARNING,False,2026-09-28 06:41:04
7198,7198,65.0,WARNING,False,2026-09-28 06:41:04
7199,7199,65.0,WARNING,False,2026-09-28 06:41:04
7200,7200,65.0,WARNING,False,2026-09-28 06:41:04
7201,7201,65.0,WARNING,False,2026-09-28 06:41:04
7202,7202,65.0,WARNING,False,2026-09-28 06:41:04
7203,7203,65.0,WARNING,False,2026-09-28 06:41:04
7204,7204,65.0,WARNING,False,2026-09-28 06:41:04
7205,7205,65.0,WARNING,False,2026-09-28 06:41:04
7206,7206,65.0,WARNING,False,2026-09-28 06:41:04
7207,7207,65.0,WARNING,False,2026-09-28 06:41:04
7208,7208,65.0,WARNING,False,2026-09-28 06:41:04
7209,7209,65.0,WARNING,False,2026-09-28 06:41:04
7210,7210,65.0,WARNING,False,2026-09-28 06:41:04
7211,7211,65.0,WARNING,False,2026-09-28 06:41:04
7212,7212,65.0,WARNING,False,2026-09-28 06:41:04
7213,7213,65.0,WARNING,False,2026-09-28 06:41:04
7214,7214,65.0,WARNING,False,2026-09-28 06:41:04
7215,7215,65.0,WARNING,False,2026-09-28 06:41:04
7216,7216,65.0,WARNING,False,2026-09-28 06:41:04
7217,7217,65.0,WARNING,False,2026-09-28 06:41:04
7218,7218,65.0,WARNING,False,2026-09-28 06:41:04
7219,7219,65.0,WARNING,False,2026-09-28 06:41:04
7220,7220,65.0,WARNING,False,2026-09-28 06:41:04
7221,7221,65.0,WARNING,False,2026-09-28 06:41:04
7222,7222,65.0,WARNING,False,2026-09-28 06:41:04
7223,7223,65.0,WARNING,False,2026-09-28 06:41:04
7224,7224,65.0,WARNING,False,2026-09-28 06:41:04
7225,7225,65.0,WARNING,False,2026-09-28 06:41:04
7226,7226,65.0,WARNING,False,2026-09-28 06:41:04
7227,7227,65.0,WARNING,False,2026-09-28 06:41:04
7228,7228,65.0,WARNING,False,2026-09-28 06:41:04
7229,7229,65.0,WARNING,False,2026-09-28 06:41:04
7230,7230,65.0,WARNING,False,2026-09-28 06:41:04
7231,7231,65.0,WARNING,False,2026-09-28 06:41:04
7232,7232,65.0,WARNING,False,2026-09-28 06:41:04
7233,7233,65.0,WARNING,False,2026-09-28 06:41:04
7234,7234,65.0,WARNING,False,2026-09-28 06:41:04
7235,7235,65.0,WARNING,False,2026-09-28 06:41:04
7236,7236,65.0,WARNING,False,2026-09-28 06:41:04
7237,7237,65.0,WARNING,False,2026-09-28 06:41:04
7238,7238,65.0,WARNING,False,2026-09-28 06:41:04
7239,7239,65.0,WARNING,False,2026-09-28 06:41:04
7240,7240,65.0,WARNING,False,2026-09-28 06:41:04
7241,7241,65.0,WARNING,False,2026-09-28 06:41:04
7242,7242,65.0,WARNING,False,2026-09-28 06:41:04
7243,7243,65.0,WARNING,False,2026-09-28 06:41:04
7244,7244,65.0,WARNING,False,2026-09-28 06:41:04
7245,7245,65.0,WARNING,False,2026-09-28 06:41:04
7246,7246,65.0,WARNING,False,2026-09-28 06:41:04
7247,7247,65.0,WARNING,False,2026-09-28 06:41:04
7248,7248,65.0,WARNING,False,2026-09-28 06:41:04
7249,7249,65.0,WARNING,False,2026-09-28 06:41:04
7250,7250,65.0,WARNING,False,2026-09-28 06:41:04
7251,7251,65.0,WARNING,False,2026-09-28 06:41:04
7252,7252,65.0,WARNING,False,2026-09-28 06:41:04
7253,7253,65.0,WARNING,False,2026-09-28 06:41:04
7254,7254,65.0,WARNING,False,2026-09-28 06:41:04
7255,7255,65.0,WARNING,False,2026-09-28 06:41:04
7256,7256,65.0,WARNING,False,2026-09-28 06:41:04
7257,7257,65.0,WARNING,False,2026-09-28 06:41:04
7258,7258,65.0,WARNING,False,2026-09-28 06:41:04
7259,7259,65.0,WARNING,False,2026-09-28 06:41:04
7260,7260,65.0,WARNING,False,2026-09-28 06:41:04
7261,7261,65.0,WARNING,False,2026-09-28 06:41:04
7262,7262,65.0,WARNING,False,2026-09-28 06:41:04
7263,7263,65.0,WARNING,False,2026-09-28 06:41:04
7264,7264,65.0,WARNING,False,2026-09-28 06:41:04
7265,7265,65.0,WARNING,False,2026-09-28 06:41:04
7266,7266,65.0,WARNING,False,2026-09-28 06:41:04
7267,7267,65.0,WARNING,False,2026-09-28 06:41:04
7268,7268,65.0,WARNING,False,2026-09-28 06:41:04
7269,7269,65.0,WARNING,False,2026-09-28 06:41:04
7270,7270,65.0,WARNING,False,2026-09-28 06:41:04
7271,7271,65.0,WARNING,False,2026-09-28 06:41:04
7272,7272,65.0,WARNING,False,2026-09-28 06:41:04
7273,7273,65.0,WARNING,False,2026-09-28 06:41:04
7274,7274,65.0,WARNING,False,2026-09-28 06:41:04
7275,7275,65.0,WARNING,False,2026-09-28 06:41:04
7276,7276,65.0,WARNING,False,2026-09-28 06:41:04
7277,7277,65.0,WARNING,False,2026-09-28 06:41:04
7278,7278,65.0,WARNING,False,2026-09-28 06:41:04
7279,7279,65.0,WARNING,False,2026-09-28 06:41:04
7280,7280,65.0,WARNING,False,2026-09-28 06:41:04
7281,7281,65.0,WARNING,False,2026-09-28 06:41:04
7282,7282,65.0,WARNING,False,2026-09-28 06:41:04
7283,7283,65.0,WARNING,False,2026-09-28 06:41:04
7284,7284,65.0,WARNING,False,2026-09-28 06:41:04
7285,7285,65.0,WARNING,False,2026-09-28 06:41:04
7286,7286,65.0,WARNING,False,2026-09-28 06:41:04
7287,7287,65.0,WARNING,False,2026-09-28 06:41:04
7288,7288,65.0,WARNING,False,2026-09-28 06:41:04
7289,7289,65.0,WARNING,False,2026-09-28 06:41:04
7290,7290,65.0,WARNING,False,2026-09-28 06:41:04
7291,7291,65.0,WARNING,False,2026-09-28 06:41:04
7292,7292,65.0,WARNING,False,2026-09-28 06:41:04
7293,7293,65.0,WARNING,False,2026-09-28 06:41:04
7294,7294,65.0,WARNING,False,2026-09-28 06:41:04
7295,7295,65.0,WARNING,False,2026-09-28 06:41:04
7296,7296,65.0,WARNING,False,2026-09-28 06:41:04
7297,7297,65.0,WARNING,False,2026-09-28 06:41:04
7298,7298,65.0,WARNING,False,2026-09-28 06:41:04
7299,7299,65.0,WARNING,False,2026-09-28 06:41:04
7300,7300,65.0,WARNING,False,2026-09-28 06:41:04
7301,7301,65.0,WARNING,False,2026-09-28 06:41:04
7302,7302,65.0,WARNING,False,2026-09-28 06:41:04
7303,7303,65.0,WARNING,False,2026-09-28 06:41:04
7304,7304,65.0,WARNING,False,2026-09-28 06:41:04
7305,7305,65.0,WARNING,False,2026-09-28 06:41:04
7306,7306,65.0,WARNING,False,2026-09-28 06:41:04
7307,7307,65.0,WARNING,False,2026-09-28 06:41:04
7308,7308,65.0,WARNING,False,2026-09-28 06:41:04
7309,7309,65.0,WARNING,False,2026-09-28 06:41:04
7310,7310,65.0,WARNING,False,2026-09-28 06:41:04
7311,7311,65.0,WARNING,False,2026-09-28 06:41:04
7312,7312,65.0,WARNING,False,2026-09-28 06:41:04
7313,7313,65.0,WARNING,False,2026-09-28 06:41:04
7314,7314,65.0,WARNING,False,2026-09-28 06:41:04
7315,7315,65.0,WARNING,False,2026-09-28 06:41:04
7316,7316,65.0,WARNING,False,2026-09-28 06:41:04
7317,7317,65.0,WARNING,False,2026-09-28 06:41:04
7318,7318,65.0,WARNING,False,2026-09-28 06:41:04
7319,7319,65.0,WARNING,False,2026-09-28 06:41:04
7320,7320,65.0,WARNING,False,2026-09-28 06:41:04
7321,7321,65.0,WARNING,False,2026-09-28 06:41:04
7322,7322,65.0,WARNING,False,2026-09-28 06:41:04
7323,7323,65.0,WARNING,False,2026-09-28 06:41:04
7324,7324,65.0,WARNING,False,2026-09-28 06:41:04
7325,7325,65.0,WARNING,False,2026-09-28 06:41:04
7326,7326,65.0,WARNING,False,2026-09-28 06:41:04
7327,7327,65.0,WARNING,False,2026-09-28 06:41:04
7328,7328,65.0,WARNING,False,2026-09-28 06:41:04
7329,7329,65.0,WARNING,False,2026-09-28 06:41:04
7330,7330,65.0,WARNING,False,2026-09-28 06:41:04
7331,7331,65.0,WARNING,False,2026-09-28 06:41:04
7332,7332,65.0,WARNING,False,2026-09-28 06:41:04
7333,7333,65.0,WARNING,False,2026-09-28 06:41:04
7334,7334,65.0,WARNING,False,2026-09-28 06:41:04
7335,7335,65.0,WARNING,False,2026-09-28 06:41:04
7336,7336,65.0,WARNING,False,2026-09-28 06:41:04
7337,7337,65.0,WARNING,False,2026-09-28 06:41:04
7338,7338,65.0,WARNING,False,2026-09-28 06:41:04
7339,7339,65.0,WARNING,False,2026-09-28 06:41:04
7340,7340,65.0,WARNING,False,2026-09-28 06:41:04
7341,7341,65.0,WARNING,False,2026-09-28 06:41:04
7342,7342,65.0,WARNING,False,2026-09-28 06:41:04
7343,7343,65.0,WARNING,False,2026-09-28 06:41:04
7344,7344,65.0,WARNING,False,2026-09-28 06:41:04
7345,7345,65.0,WARNING,False,2026-09-28 06:41:04
7346,7346,65.0,WARNING,False,2026-09-28 06:41:04
7347,7347,65.0,WARNING,False,2026-09-28 06:41:04
7348,7348,65.0,WARNING,False,2026-09-28 06:41:04
7349,7349,65.0,WARNING,False,2026-09-28 06:41:04
7350,7350,65.0,WARNING,False,2026-09-28 06:41:04
7351,7351,65.0,WARNING,False,2026-09-28 06:41:04
7352,7352,65.0,WARNING,False,2026-09-28 06:41:04
7353,7353,65.0,WARNING,False,2026-09-28 06:41:04
7354,7354,65.0,WARNING,False,2026-09-28 06:41:04
7355,7355,65.0,WARNING,False,2026-09-28 06:41:04
7356,7356,65.0,WARNING,False,2026-09-28 06:41:04
7357,7357,65.0,WARNING,False,2026-09-28 06:41:04
7358,7358,65.0,WARNING,False,2026-09-28 06:41:04
7359,7359,65.0,WARNING,False,2026-09-28 06:41:04
7360,7360,65.0,WARNING,False,2026-09-28 06:41:04
7361,7361,65.0,WARNING,False,2026-09-28 06:41:04
7362,7362,65.0,WARNING,False,2026-09-28 06:41:04
7363,7363,65.0,WARNING,False,2026-09-28 06:41:04
7364,7364,65.0,WARNING,False,2026-09-28 06:41:04
7365,7365,65.0,WARNING,False,2026-09-28 06:41:04
7366,7366,65.0,WARNING,False,2026-09-28 06:41:04
7367,7367,65.0,WARNING,False,2026-09-28 06:41:04
7368,7368,65.0,WARNING,False,2026-09-28 06:41:04
7369,7369,65.0,WARNING,False,2026-09-28 06:41:04
7370,7370,65.0,WARNING,False,2026-09-28 06:41:04
7371,7371,65.0,WARNING,False,2026-09-28 06:41:04
7372,7372,65.0,WARNING,False,2026-09-28 06:41:04
7373,7373,65.0,WARNING,False,2026-09-28 06:41:04
7374,7374,65.0,WARNING,False,2026-09-28 06:41:04
7375,7375,65.0,WARNING,False,2026-09-28 06:41:04
7376,7376,65.0,WARNING,False,2026-09-28 06:41:04
7377,7377,65.0,WARNING,False,2026-09-28 06:41:04
7378,7378,65.0,WARNING,False,2026-09-28 06:41:04
7379,7379,65.0,WARNING,False,2026-09-28 06:41:04
7380,7380,65.0,WARNING,False,2026-09-28 06:41:04
7381,7381,65.0,WARNING,False,2026-09-28 06:41:04
7382,7382,65.0,WARNING,False,2026-09-28 06:41:04
7383,7383,65.0,WARNING,False,2026-09-28 06:41:04
7384,7384,65.0,WARNING,False,2026-09-28 06:41:04
7385,7385,65.0,WARNING,False,2026-09-28 06:41:04
7386,7386,65.0,WARNING,False,2026-09-28 06:41:04
7387,7387,65.0,WARNING,False,2026-09-28 06:41:04
7388,7388,65.0,WARNING,False,2026-09-28 06:41:04
7389,7389,65.0,WARNING,False,2026-09-28 06:41:04
7390,7390,65.0,WARNING,False,2026-09-28 06:41:04
7391,7391,65.0,WARNING,False,2026-09-28 06:41:04
7392,7392,65.0,WARNING,False,2026-09-28 06:41:04
7393,7393,65.0,WARNING,False,2026-09-28 06:41:04
7394,7394,65.0,WARNING,False,2026-09-28 06:41:04
7395,7395,65.0,WARNING,False,2026-09-28 06:41:04
7396,7396,65.0,WARNING,False,2026-09-28 06:41:04
7397,7397,65.0,WARNING,False,2026-09-28 06:41:04
7398,7398,65.0,WARNING,False,2026-09-28 06:41:04
7399,7399,65.0,WARNING,False,2026-09-28 06:41:04
7400,7400,65.0,WARNING,False,2026-09-28 06:41:04
7401,7401,65.0,WARNING,False,2026-09-28 06:41:04
7402,7402,65.0,WARNING,False,2026-09-28 06:41:04
7403,7403,65.0,WARNING,False,2026-09-28 06:41:04
7404,7404,65.0,WARNING,False,2026-09-28 06:41:04
7405,7405,65.0,WARNING,False,2026-09-28 06:41:04
7406,7406,65.0,WARNING,False,2026-09-28 06:41:04
7407,7407,65.0,WARNING,False,2026-09-28 06:41:04
7408,7408,65.0,WARNING,False,2026-09-28 06:41:04
7409,7409,65.0,WARNING,False,2026-09-28 06:41:04
7410,7410,65.0,WARNING,False,2026-09-28 06:41:04
7411,7411,65.0,WARNING,False,2026-09-28 06:41:04
7412,7412,65.0,WARNING,False,2026-09-28 06:41:04
7413,7413,65.0,WARNING,False,2026-09-28 06:41:04
7414,7414,65.0,WARNING,False,2026-09-28 06:41:04
7415,7415,65.0,WARNING,False,2026-09-28 06:41:04
7416,7416,65.0,WARNING,False,2026-09-28 06:41:04
7417,7417,65.0,WARNING,False,2026-09-28 06:41:04
7418,7418,65.0,WARNING,False,2026-09-28 06:41:04
7419,7419,65.0,WARNING,False,2026-09-28 06:41:04
7420,7420,65.0,WARNING,False,2026-09-28 06:41:04
7421,7421,65.0,WARNING,False,2026-09-28 06:41:04
7422,7422,65.0,WARNING,False,2026-09-28 06:41:04
7423,7423,65.0,WARNING,False,2026-09-28 06:41:04
7424,7424,65.0,WARNING,False,2026-09-28 06:41:04
7425,7425,65.0,WARNING,False,2026-09-28 06:41:04
7426,7426,65.0,WARNING,False,2026-09-28 06:41:04
7427,7427,65.0,WARNING,False,2026-09-28 06:41:04
7428,7428,65.0,WARNING,False,2026-09-28 06:41:04
7429,7429,65.0,WARNING,False,2026-09-28 06:41:04
7430,7430,65.0,WARNING,False,2026-09-28 06:41:04
7431,7431,65.0,WARNING,False,2026-09-28 06:41:04
7432,7432,65.0,WARNING,False,2026-09-28 06:41:04
7433,7433,65.0,WARNING,False,2026-09-28 06:41:04
7434,7434,65.0,WARNING,False,2026-09-28 06:41:04
7435,7435,65.0,WARNING,False,2026-09-28 06:41:04
7436,7436,65.0,WARNING,False,2026-09-28 06:41:04
7437,7437,65.0,WARNING,False,2026-09-28 06:41:04
7438,7438,65.0,WARNING,False,2026-09-28 06:41:04
7439,7439,65.0,WARNING,False,2026-09-28 06:41:04
7440,7440,65.0,WARNING,False,2026-09-28 06:41:04
7441,7441,65.0,WARNING,False,2026-09-28 06:41:04
7442,7442,65.0,WARNING,False,2026-09-28 06:41:04
7443,7443,65.0,WARNING,False,2026-09-28 06:41:04
7444,7444,65.0,WARNING,False,2026-09-28 06:41:04
7445,7445,65.0,WARNING,False,2026-09-28 06:41:04
7446,7446,65.0,WARNING,False,2026-09-28 06:41:04
7447,7447,65.0,WARNING,False,2026-09-28 06:41:04
7448,7448,65.0,WARNING,False,2026-09-28 06:41:04
7449,7449,65.0,WARNING,False,2026-09-28 06:41:04
7450,7450,65.0,WARNING,False,2026-09-28 06:41:04
7451,7451,65.0,WARNING,False,2026-09-28 06:41:04
7452,7452,65.0,WARNING,False,2026-09-28 06:41:04
7453,7453,65.0,WARNING,False,2026-09-28 06:41:04
7454,7454,65.0,WARNING,False,2026-09-28 06:41:04
7455,7455,65.0,WARNING,False,2026-09-28 06:41:04
7456,7456,65.0,WARNING,False,2026-09-28 06:41:04
7457,7457,65.0,WARNING,False,2026-09-28 06:41:04
7458,7458,65.0,WARNING,False,2026-09-28 06:41:04
7459,7459,65.0,WARNING,False,2026-09-28 06:41:04
7460,7460,65.0,WARNING,False,2026-09-28 06:41:04
7461,7461,65.0,WARNING,False,2026-09-28 06:41:04
7462,7462,65.0,WARNING,False,2026-09-28 06:41:04
7463,7463,65.0,WARNING,False,2026-09-28 06:41:04
7464,7464,65.0,WARNING,False,2026-09-28 06:41:04
7465,7465,65.0,WARNING,False,2026-09-28 06:41:04
7466,7466,65.0,WARNING,False,2026-09-28 06:41:04
7467,7467,65.0,WARNING,False,2026-09-28 06:41:04
7468,7468,65.0,WARNING,False,2026-09-28 06:41:04
7469,7469,65.0,WARNING,False,2026-09-28 06:41:04
7470,7470,65.0,WARNING,False,2026-09-28 06:41:04
7471,7471,65.0,WARNING,False,2026-09-28 06:41:04
7472,7472,65.0,WARNING,False,2026-09-28 06:41:04
7473,7473,65.0,WARNING,False,2026-09-28 06:41:04
7474,7474,65.0,WARNING,False,2026-09-28 06:41:04
7475,7475,65.0,WARNING,False,2026-09-28 06:41:04
7476,7476,65.0,WARNING,False,2026-09-28 06:41:04
7477,7477,65.0,WARNING,False,2026-09-28 06:41:04
7478,7478,65.0,WARNING,False,2026-09-28 06:41:04
7479,7479,65.0,WARNING,False,2026-09-28 06:41:04
7480,7480,65.0,WARNING,False,2026-09-28 06:41:04
7481,7481,65.0,WARNING,False,2026-09-28 06:41:04
7482,7482,65.0,WARNING,False,2026-09-28 06:41:04
7483,7483,65.0,WARNING,False,2026-09-28 06:41:04
7484,7484,65.0,WARNING,False,2026-09-28 06:41:04
7485,7485,65.0,WARNING,False,2026-09-28 06:41:04
7486,7486,65.0,WARNING,False,2026-09-28 06:41:04
7487,7487,65.0,WARNING,False,2026-09-28 06:41:04
7488,7488,65.0,WARNING,False,2026-09-28 06:41:04
7489,7489,65.0,WARNING,False,2026-09-28 06:41:04
7490,7490,65.0,WARNING,False,2026-09-28 06:41:04
7491,7491,65.0,WARNING,False,2026-09-28 06:41:04
7492,7492,65.0,WARNING,False,2026-09-28 06:41:04
7493,7493,65.0,WARNING,False,2026-09-28 06:41:04
7494,7494,65.0,WARNING,False,2026-09-28 06:41:04
7495,7495,65.0,WARNING,False,2026-09-28 06:41:04
7496,7496,65.0,WARNING,False,2026-09-28 06:41:04
7497,7497,65.0,WARNING,False,2026-09-28 06:41:04
7498,7498,65.0,WARNING,False,2026-09-28 06:41:04
7499,7499,65.0,WARNING,False,2026-09-28 06:41:04
7500,7500,65.0,WARNING,False,2026-09-28 06:41:04
7501,7501,65.0,WARNING,False,2026-09-28 06:41:04
7502,7502,65.0,WARNING,False,2026-09-28 06:41:04
7503,7503,65.0,WARNING,False,2026-09-28 06:41:04
7504,7504,65.0,WARNING,False,2026-09-28 06:41:04
7505,7505,65.0,WARNING,False,2026-09-28 06:41:04
7506,7506,65.0,WARNING,False,2026-09-28 06:41:04
7507,7507,65.0,WARNING,False,2026-09-28 06:41:04
7508,7508,65.0,WARNING,False,2026-09-28 06:41:04
7509,7509,65.0,WARNING,False,2026-09-28 06:41:04
7510,7510,65.0,WARNING,False,2026-09-28 06:41:04
7511,7511,65.0,WARNING,False,2026-09-28 06:41:04
7512,7512,65.0,WARNING,False,2026-09-28 06:41:04
7513,7513,65.0,WARNING,False,2026-09-28 06:41:04
7514,7514,65.0,WARNING,False,2026-09-28 06:41:04
7515,7515,65.0,WARNING,False,2026-09-28 06:41:04
7516,7516,65.0,WARNING,False,2026-09-28 06:41:04
7517,7517,65.0,WARNING,False,2026-09-28 06:41:04
7518,7518,65.0,WARNING,False,2026-09-28 06:41:04
7519,7519,65.0,WARNING,False,2026-09-28 06:41:04
7520,7520,65.0,WARNING,False,2026-09-28 06:41:04
7521,7521,65.0,WARNING,False,2026-09-28 06:41:04
7522,7522,65.0,WARNING,False,2026-09-28 06:41:04
7523,7523,65.0,WARNING,False,2026-09-28 06:41:04
7524,7524,65.0,WARNING,False,2026-09-28 06:41:04
7525,7525,65.0,WARNING,False,2026-09-28 06:41:04
7526,7526,65.0,WARNING,False,2026-09-28 06:41:04
7527,7527,65.0,WARNING,False,2026-09-28 06:41:04
7528,7528,65.0,WARNING,False,2026-09-28 06:41:04
7529,7529,65.0,WARNING,False,2026-09-28 06:41:04
7530,7530,65.0,WARNING,False,2026-09-28 06:41:04
7531,7531,65.0,WARNING,False,2026-09-28 06:41:04
7532,7532,65.0,WARNING,False,2026-09-28 06:41:04
7533,7533,65.0,WARNING,False,2026-09-28 06:41:04
7534,7534,65.0,WARNING,False,2026-09-28 06:41:04
7535,7535,65.0,WARNING,False,2026-09-28 06:41:04
7536,7536,65.0,WARNING,False,2026-09-28 06:41:04
7537,7537,65.0,WARNING,False,2026-09-28 06:41:04
7538,7538,65.0,WARNING,False,2026-09-28 06:41:04
7539,7539,65.0,WARNING,False,2026-09-28 06:41:04
7540,7540,65.0,WARNING,False,2026-09-28 06:41:04
7541,7541,65.0,WARNING,False,2026-09-28 06:41:04
7542,7542,65.0,WARNING,False,2026-09-28 06:41:04
7543,7543,65.0,WARNING,False,2026-09-28 06:41:04
7544,7544,65.0,WARNING,False,2026-09-28 06:41:04
7545,7545,65.0,WARNING,False,2026-09-28 06:41:04
7546,7546,65.0,WARNING,False,2026-09-28 06:41:04
7547,7547,65.0,WARNING,False,2026-09-28 06:41:04
7548,7548,65.0,WARNING,False,2026-09-28 06:41:04
7549,7549,65.0,WARNING,False,2026-09-28 06:41:04
7550,7550,65.0,WARNING,False,2026-09-28 06:41:04
7551,7551,65.0,WARNING,False,2026-09-28 06:41:04
7552,7552,65.0,WARNING,False,2026-09-28 06:41:04
7553,7553,65.0,WARNING,False,2026-09-28 06:41:04
7554,7554,65.0,WARNING,False,2026-09-28 06:41:04
7555,7555,65.0,WARNING,False,2026-09-28 06:41:04
7556,7556,65.0,WARNING,False,2026-09-28 06:41:04
7557,7557,65.0,WARNING,False,2026-09-28 06:41:04
7558,7558,65.0,WARNING,False,2026-09-28 06:41:04
7559,7559,65.0,WARNING,False,2026-09-28 06:41:04
7560,7560,65.0,WARNING,False,2026-09-28 06:41:04
7561,7561,65.0,WARNING,False,2026-09-28 06:41:04
7562,7562,65.0,WARNING,False,2026-09-28 06:41:04
7563,7563,65.0,WARNING,False,2026-09-28 06:41:04
7564,7564,65.0,WARNING,False,2026-09-28 06:41:04
7565,7565,65.0,WARNING,False,2026-09-28 06:41:04
7566,7566,65.0,WARNING,False,2026-09-28 06:41:04
7567,7567,65.0,WARNING,False,2026-09-28 06:41:04
7568,7568,65.0,WARNING,False,2026-09-28 06:41:04
7569,7569,65.0,WARNING,False,2026-09-28 06:41:04
7570,7570,65.0,WARNING,False,2026-09-28 06:41:04
7571,7571,65.0,WARNING,False,2026-09-28 06:41:04
7572,7572,65.0,WARNING,False,2026-09-28 06:41:04
7573,7573,65.0,WARNING,False,2026-09-28 06:41:04
7574,7574,65.0,WARNING,False,2026-09-28 06:41:04
7575,7575,65.0,WARNING,False,2026-09-28 06:41:04
7576,7576,65.0,WARNING,False,2026-09-28 06:41:04
7577,7577,65.0,WARNING,False,2026-09-28 06:41:04
7578,7578,65.0,WARNING,False,2026-09-28 06:41:04
7579,7579,65.0,WARNING,False,2026-09-28 06:41:04
7580,7580,65.0,WARNING,False,2026-09-28 06:41:04
7581,7581,65.0,WARNING,False,2026-09-28 06:41:04
7582,7582,65.0,WARNING,False,2026-09-28 06:41:04
7583,7583,65.0,WARNING,False,2026-09-28 06:41:04
7584,7584,65.0,WARNING,False,2026-09-28 06:41:04
7585,7585,65.0,WARNING,False,2026-09-28 06:41:04
7586,7586,65.0,WARNING,False,2026-09-28 06:41:04
7587,7587,65.0,WARNING,False,2026-09-28 06:41:04
7588,7588,65.0,WARNING,False,2026-09-28 06:41:04
7589,7589,65.0,WARNING,False,2026-09-28 06:41:04
7590,7590,65.0,WARNING,False,2026-09-28 06:41:04
7591,7591,65.0,WARNING,False,2026-09-28 06:41:04
7592,7592,65.0,WARNING,False,2026-09-28 06:41:04
7593,7593,65.0,WARNING,False,2026-09-28 06:41:04
7594,7594,65.0,WARNING,False,2026-09-28 06:41:04
7595,7595,65.0,WARNING,False,2026-09-28 06:41:04
7596,7596,65.0,WARNING,False,2026-09-28 06:41:04
7597,7597,65.0,WARNING,False,2026-09-28 06:41:04
7598,7598,65.0,WARNING,False,2026-09-28 06:41:04
7599,7599,65.0,WARNING,False,2026-09-28 06:41:04
7600,7600,65.0,WARNING,False,2026-09-28 06:41:04
7601,7601,65.0,WARNING,False,2026-09-28 06:41:04
7602,7602,65.0,WARNING,False,2026-09-28 06:41:04
7603,7603,65.0,WARNING,False,2026-09-28 06:41:04
7604,7604,65.0,WARNING,False,2026-09-28 06:41:04
7605,7605,65.0,WARNING,False,2026-09-28 06:41:04
7606,7606,65.0,WARNING,False,2026-09-28 06:41:04
7607,7607,65.0,WARNING,False,2026-09-28 06:41:04
7608,7608,65.0,WARNING,False,2026-09-28 06:41:04
7609,7609,65.0,WARNING,False,2026-09-28 06:41:04
7610,7610,65.0,WARNING,False,2026-09-28 06:41:04
7611,7611,65.0,WARNING,False,2026-09-28 06:41:04
7612,7612,65.0,WARNING,False,2026-09-28 06:41:04
7613,7613,65.0,WARNING,False,2026-09-28 06:41:04
7614,7614,65.0,WARNING,False,2026-09-28 06:41:04
7615,7615,65.0,WARNING,False,2026-09-28 06:41:04
7616,7616,65.0,WARNING,False,2026-09-28 06:41:04
7617,7617,65.0,WARNING,False,2026-09-28 06:41:04
7618,7618,65.0,WARNING,False,2026-09-28 06:41:04
7619,7619,65.0,WARNING,False,2026-09-28 06:41:04
7620,7620,65.0,WARNING,False,2026-09-28 06:41:04
7621,7621,65.0,WARNING,False,2026-09-28 06:41:04
7622,7622,65.0,WARNING,False,2026-09-28 06:41:04
7623,7623,65.0,WARNING,False,2026-09-28 06:41:04
7624,7624,65.0,WARNING,False,2026-09-28 06:41:04
7625,7625,65.0,WARNING,False,2026-09-28 06:41:04
7626,7626,65.0,WARNING,False,2026-09-28 06:41:04
7627,7627,65.0,WARNING,False,2026-09-28 06:41:04
7628,7628,65.0,WARNING,False,2026-09-28 06:41:04
7629,7629,65.0,WARNING,False,2026-09-28 06:41:04
7630,7630,65.0,WARNING,False,2026-09-28 06:41:04
7631,7631,65.0,WARNING,False,2026-09-28 06:41:04
7632,7632,65.0,WARNING,False,2026-09-28 06:41:04
7633,7633,65.0,WARNING,False,2026-09-28 06:41:04
7634,7634,65.0,WARNING,False,2026-09-28 06:41:04
7635,7635,65.0,WARNING,False,2026-09-28 06:41:04
7636,7636,65.0,WARNING,False,2026-09-28 06:41:04
7637,7637,65.0,WARNING,False,2026-09-28 06:41:04
7638,7638,65.0,WARNING,False,2026-09-28 06:41:04
7639,7639,65.0,WARNING,False,2026-09-28 06:41:04
7640,7640,65.0,WARNING,False,2026-09-28 06:41:04
7641,7641,65.0,WARNING,False,2026-09-28 06:41:04
7642,7642,65.0,WARNING,False,2026-09-28 06:41:04
7643,7643,65.0,WARNING,False,2026-09-28 06:41:04
7644,7644,65.0,WARNING,False,2026-09-28 06:41:04
7645,7645,65.0,WARNING,False,2026-09-28 06:41:04
7646,7646,65.0,WARNING,False,2026-09-28 06:41:04
7647,7647,65.0,WARNING,False,2026-09-28 06:41:04
7648,7648,65.0,WARNING,False,2026-09-28 06:41:04
7649,7649,65.0,WARNING,False,2026-09-28 06:41:04
7650,7650,65.0,WARNING,False,2026-09-28 06:41:04
7651,7651,65.0,WARNING,False,2026-09-28 06:41:04
7652,7652,65.0,WARNING,False,2026-09-28 06:41:04
7653,7653,65.0,WARNING,False,2026-09-28 06:41:04
7654,7654,65.0,WARNING,False,2026-09-28 06:41:04
7655,7655,65.0,WARNING,False,2026-09-28 06:41:04
7656,7656,65.0,WARNING,False,2026-09-28 06:41:04
7657,7657,65.0,WARNING,False,2026-09-28 06:41:04
7658,7658,65.0,WARNING,False,2026-09-28 06:41:04
7659,7659,65.0,WARNING,False,2026-09-28 06:41:04
7660,7660,65.0,WARNING,False,2026-09-28 06:41:04
7661,7661,65.0,WARNING,False,2026-09-28 06:41:04
7662,7662,65.0,WARNING,False,2026-09-28 06:41:04
7663,7663,65.0,WARNING,False,2026-09-28 06:41:04
7664,7664,65.0,WARNING,False,2026-09-28 06:41:04
7665,7665,65.0,WARNING,False,2026-09-28 06:41:04
7666,7666,65.0,WARNING,False,2026-09-28 06:41:04
7667,7667,65.0,WARNING,False,2026-09-28 06:41:04
7668,7668,65.0,WARNING,False,2026-09-28 06:41:04
7669,7669,65.0,WARNING,False,2026-09-28 06:41:04
7670,7670,65.0,WARNING,False,2026-09-28 06:41:04
7671,7671,65.0,WARNING,False,2026-09-28 06:41:04
7672,7672,65.0,WARNING,False,2026-09-28 06:41:04
7673,7673,65.0,WARNING,False,2026-09-28 06:41:04
7674,7674,65.0,WARNING,False,2026-09-28 06:41:04
7675,7675,65.0,WARNING,False,2026-09-28 06:41:04
7676,7676,65.0,WARNING,False,2026-09-28 06:41:04
7677,7677,65.0,WARNING,False,2026-09-28 06:41:04
7678,7678,65.0,WARNING,False,2026-09-28 06:41:04
7679,7679,65.0,WARNING,False,2026-09-28 06:41:04
7680,7680,65.0,WARNING,False,2026-09-28 06:41:04
7681,7681,65.0,WARNING,False,2026-09-28 06:41:04
7682,7682,65.0,WARNING,False,2026-09-28 06:41:04
7683,7683,65.0,WARNING,False,2026-09-28 06:41:04
7684,7684,65.0,WARNING,False,2026-09-28 06:41:04
7685,7685,65.0,WARNING,False,2026-09-28 06:41:04
7686,7686,65.0,WARNING,False,2026-09-28 06:41:04
7687,7687,65.0,WARNING,False,2026-09-28 06:41:04
7688,7688,65.0,WARNING,False,2026-09-28 06:41:04
7689,7689,65.0,WARNING,False,2026-09-28 06:41:04
7690,7690,65.0,WARNING,False,2026-09-28 06:41:04
7691,7691,65.0,WARNING,False,2026-09-28 06:41:04
7692,7692,65.0,WARNING,False,2026-09-28 06:41:04
7693,7693,65.0,WARNING,False,2026-09-28 06:41:04
7694,7694,65.0,WARNING,False,2026-09-28 06:41:04
7695,7695,65.0,WARNING,False,2026-09-28 06:41:04
7696,7696,65.0,WARNING,False,2026-09-28 06:41:04
7697,7697,65.0,WARNING,False,2026-09-28 06:41:04
7698,7698,65.0,WARNING,False,2026-09-28 06:41:04
7699,7699,65.0,WARNING,False,2026-09-28 06:41:04
7700,7700,65.0,WARNING,False,2026-09-28 06:41:04
7701,7701,65.0,WARNING,False,2026-09-28 06:41:04
7702,7702,65.0,WARNING,False,2026-09-28 06:41:04
7703,7703,65.0,WARNING,False,2026-09-28 06:41:04
7704,7704,65.0,WARNING,False,2026-09-28 06:41:04
7705,7705,65.0,WARNING,False,2026-09-28 06:41:04
7706,7706,65.0,WARNING,False,2026-09-28 06:41:04
7707,7707,65.0,WARNING,False,2026-09-28 06:41:04
7708,7708,65.0,WARNING,False,2026-09-28 06:41:04
7709,7709,65.0,WARNING,False,2026-09-28 06:41:04
7710,7710,65.0,WARNING,False,2026-09-28 06:41:04
7711,7711,65.0,WARNING,False,2026-09-28 06:41:04
7712,7712,65.0,WARNING,False,2026-09-28 06:41:04
7713,7713,65.0,WARNING,False,2026-09-28 06:41:04
7714,7714,65.0,WARNING,False,2026-09-28 06:41:04
7715,7715,65.0,WARNING,False,2026-09-28 06:41:04
7716,7716,65.0,WARNING,False,2026-09-28 06:41:04
7717,7717,65.0,WARNING,False,2026-09-28 06:41:04
7718,7718,65.0,WARNING,False,2026-09-28 06:41:04
7719,7719,65.0,WARNING,False,2026-09-28 06:41:04
7720,7720,65.0,WARNING,False,2026-09-28 06:41:04
7721,7721,65.0,WARNING,False,2026-09-28 06:41:04
7722,7722,65.0,WARNING,False,2026-09-28 06:41:04
7723,7723,65.0,WARNING,False,2026-09-28 06:41:04
7724,7724,65.0,WARNING,False,2026-09-28 06:41:04
7725,7725,65.0,WARNING,False,2026-09-28 06:41:04
7726,7726,65.0,WARNING,False,2026-09-28 06:41:04
7727,7727,65.0,WARNING,False,2026-09-28 06:41:04
7728,7728,65.0,WARNING,False,2026-09-28 06:41:04
7729,7729,65.0,WARNING,False,2026-09-28 06:41:04
7730,7730,65.0,WARNING,False,2026-09-28 06:41:04
7731,7731,65.0,WARNING,False,2026-09-28 06:41:04
7732,7732,65.0,WARNING,False,2026-09-28 06:41:04
7733,7733,65.0,WARNING,False,2026-09-28 06:41:04
7734,7734,65.0,WARNING,False,2026-09-28 06:41:04
7735,7735,65.0,WARNING,False,2026-09-28 06:41:04
7736,7736,65.0,WARNING,False,2026-09-28 06:41:04
7737,7737,65.0,WARNING,False,2026-09-28 06:41:04
7738,7738,65.0,WARNING,False,2026-09-28 06:41:04
7739,7739,65.0,WARNING,False,2026-09-28 06:41:04
7740,7740,65.0,WARNING,False,2026-09-28 06:41:04
7741,7741,65.0,WARNING,False,2026-09-28 06:41:04
7742,7742,65.0,WARNING,False,2026-09-28 06:41:04
7743,7743,65.0,WARNING,False,2026-09-28 06:41:04
7744,7744,65.0,WARNING,False,2026-09-28 06:41:04
7745,7745,65.0,WARNING,False,2026-09-28 06:41:04
7746,7746,65.0,WARNING,False,2026-09-28 06:41:04
7747,7747,65.0,WARNING,False,2026-09-28 06:41:04
7748,7748,65.0,WARNING,False,2026-09-28 06:41:04
7749,7749,65.0,WARNING,False,2026-09-28 06:41:04
7750,7750,65.0,WARNING,False,2026-09-28 06:41:04
7751,7751,65.0,WARNING,False,2026-09-28 06:41:04
7752,7752,65.0,WARNING,False,2026-09-28 06:41:04
7753,7753,65.0,WARNING,False,2026-09-28 06:41:04
7754,7754,65.0,WARNING,False,2026-09-28 06:41:04
7755,7755,65.0,WARNING,False,2026-09-28 06:41:04
7756,7756,65.0,WARNING,False,2026-09-28 06:41:04
7757,7757,65.0,WARNING,False,2026-09-28 06:41:04
7758,7758,65.0,WARNING,False,2026-09-28 06:41:04
7759,7759,65.0,WARNING,False,2026-09-28 06:41:04
7760,7760,65.0,WARNING,False,2026-09-28 06:41:04
7761,7761,65.0,WARNING,False,2026-09-28 06:41:04
7762,7762,65.0,WARNING,False,2026-09-28 06:41:04
7763,7763,65.0,WARNING,False,2026-09-28 06:41:04
7764,7764,65.0,WARNING,False,2026-09-28 06:41:04
7765,7765,65.0,WARNING,False,2026-09-28 06:41:04
7766,7766,65.0,WARNING,False,2026-09-28 06:41:04
7767,7767,65.0,WARNING,False,2026-09-28 06:41:04
7768,7768,65.0,WARNING,False,2026-09-28 06:41:04
7769,7769,65.0,WARNING,False,2026-09-28 06:41:04
7770,7770,65.0,WARNING,False,2026-09-28 06:41:04
7771,7771,65.0,WARNING,False,2026-09-28 06:41:04
7772,7772,65.0,WARNING,False,2026-09-28 06:41:04
7773,7773,65.0,WARNING,False,2026-09-28 06:41:04
7774,7774,65.0,WARNING,False,2026-09-28 06:41:04
7775,7775,65.0,WARNING,False,2026-09-28 06:41:04
7776,7776,65.0,WARNING,False,2026-09-28 06:41:04
7777,7777,65.0,WARNING,False,2026-09-28 06:41:04
7778,7778,65.0,WARNING,False,2026-09-28 06:41:04
7779,7779,65.0,WARNING,False,2026-09-28 06:41:04
7780,7780,65.0,WARNING,False,2026-09-28 06:41:04
7781,7781,65.0,WARNING,False,2026-09-28 06:41:04
7782,7782,65.0,WARNING,False,2026-09-28 06:41:04
7783,7783,65.0,WARNING,False,2026-09-28 06:41:04
7784,7784,65.0,WARNING,False,2026-09-28 06:41:04
7785,7785,65.0,WARNING,False,2026-09-28 06:41:04
7786,7786,65.0,WARNING,False,2026-09-28 06:41:04
7787,7787,65.0,WARNING,False,2026-09-28 06:41:04
7788,7788,65.0,WARNING,False,2026-09-28 06:41:04
7789,7789,65.0,WARNING,False,2026-09-28 06:41:04
7790,7790,65.0,WARNING,False,2026-09-28 06:41:04
7791,7791,65.0,WARNING,False,2026-09-28 06:41:04
7792,7792,65.0,WARNING,False,2026-09-28 06:41:04
7793,7793,65.0,WARNING,False,2026-09-28 06:41:04
7794,7794,65.0,WARNING,False,2026-09-28 06:41:04
7795,7795,65.0,WARNING,False,2026-09-28 06:41:04
7796,7796,65.0,WARNING,False,2026-09-28 06:41:04
7797,7797,65.0,WARNING,False,2026-09-28 06:41:04
7798,7798,65.0,WARNING,False,2026-09-28 06:41:04
7799,7799,65.0,WARNING,False,2026-09-28 06:41:04
7800,7800,65.0,WARNING,False,2026-09-28 06:41:04
7801,7801,65.0,WARNING,False,2026-09-28 06:41:04
7802,7802,65.0,WARNING,False,2026-09-28 06:41:04
7803,7803,65.0,WARNING,False,2026-09-28 06:41:04
7804,7804,65.0,WARNING,False,2026-09-28 06:41:04
7805,7805,65.0,WARNING,False,2026-09-28 06:41:04
7806,7806,65.0,WARNING,False,2026-09-28 06:41:04
7807,7807,65.0,WARNING,False,2026-09-28 06:41:04
7808,7808,65.0,WARNING,False,2026-09-28 06:41:04
7809,7809,65.0,WARNING,False,2026-09-28 06:41:04
7810,7810,65.0,WARNING,False,2026-09-28 06:41:04
7811,7811,65.0,WARNING,False,2026-09-28 06:41:04
7812,7812,65.0,WARNING,False,2026-09-28 06:41:04
7813,7813,65.0,WARNING,False,2026-09-28 06:41:04
7814,7814,65.0,WARNING,False,2026-09-28 06:41:04
7815,7815,65.0,WARNING,False,2026-09-28 06:41:04
7816,7816,65.0,WARNING,False,2026-09-28 06:41:04
7817,7817,65.0,WARNING,False,2026-09-28 06:41:04
7818,7818,65.0,WARNING,False,2026-09-28 06:41:04
7819,7819,65.0,WARNING,False,2026-09-28 06:41:04
7820,7820,65.0,WARNING,False,2026-09-28 06:41:04
7821,7821,65.0,WARNING,False,2026-09-28 06:41:04
7822,7822,65.0,WARNING,False,2026-09-28 06:41:04
7823,7823,65.0,WARNING,False,2026-09-28 06:41:04
7824,7824,65.0,WARNING,False,2026-09-28 06:41:04
7825,7825,65.0,WARNING,False,2026-09-28 06:41:04
7826,7826,65.0,WARNING,False,2026-09-28 06:41:04
7827,7827,65.0,WARNING,False,2026-09-28 06:41:04
7828,7828,65.0,WARNING,False,2026-09-28 06:41:04
7829,7829,65.0,WARNING,False,2026-09-28 06:41:04
7830,7830,65.0,WARNING,False,2026-09-28 06:41:04
7831,7831,65.0,WARNING,False,2026-09-28 06:41:04
7832,7832,65.0,WARNING,False,2026-09-28 06:41:04
7833,7833,65.0,WARNING,False,2026-09-28 06:41:04
7834,7834,65.0,WARNING,False,2026-09-28 06:41:04
7835,7835,65.0,WARNING,False,2026-09-28 06:41:04
7836,7836,65.0,WARNING,False,2026-09-28 06:41:04
7837,7837,65.0,WARNING,False,2026-09-28 06:41:04
7838,7838,65.0,WARNING,False,2026-09-28 06:41:04
7839,7839,65.0,WARNING,False,2026-09-28 06:41:04
7840,7840,65.0,WARNING,False,2026-09-28 06:41:04
7841,7841,65.0,WARNING,False,2026-09-28 06:41:04
7842,7842,65.0,WARNING,False,2026-09-28 06:41:04
7843,7843,65.0,WARNING,False,2026-09-28 06:41:04
7844,7844,65.0,WARNING,False,2026-09-28 06:41:04
7845,7845,65.0,WARNING,False,2026-09-28 06:41:04
7846,7846,65.0,WARNING,False,2026-09-28 06:41:04
7847,7847,65.0,WARNING,False,2026-09-28 06:41:04
7848,7848,65.0,WARNING,False,2026-09-28 06:41:04
7849,7849,65.0,WARNING,False,2026-09-28 06:41:04
7850,7850,65.0,WARNING,False,2026-09-28 06:41:04
7851,7851,65.0,WARNING,False,2026-09-28 06:41:04
7852,7852,65.0,WARNING,False,2026-09-28 06:41:04
7853,7853,65.0,WARNING,False,2026-09-28 06:41:04
7854,7854,65.0,WARNING,False,2026-09-28 06:41:04
7855,7855,65.0,WARNING,False,2026-09-28 06:41:04
7856,7856,65.0,WARNING,False,2026-09-28 06:41:04
7857,7857,65.0,WARNING,False,2026-09-28 06:41:04
7858,7858,65.0,WARNING,False,2026-09-28 06:41:04
7859,7859,65.0,WARNING,False,2026-09-28 06:41:04
7860,7860,65.0,WARNING,False,2026-09-28 06:41:04
7861,7861,65.0,WARNING,False,2026-09-28 06:41:04
7862,7862,65.0,WARNING,False,2026-09-28 06:41:04
7863,7863,65.0,WARNING,False,2026-09-28 06:41:04
7864,7864,65.0,WARNING,False,2026-09-28 06:41:04
7865,7865,65.0,WARNING,False,2026-09-28 06:41:04
7866,7866,65.0,WARNING,False,2026-09-28 06:41:04
7867,7867,65.0,WARNING,False,2026-09-28 06:41:04
7868,7868,65.0,WARNING,False,2026-09-28 06:41:04
7869,7869,65.0,WARNING,False,2026-09-28 06:41:04
7870,7870,65.0,WARNING,False,2026-09-28 06:41:04
7871,7871,65.0,WARNING,False,2026-09-28 06:41:04
7872,7872,65.0,WARNING,False,2026-09-28 06:41:04
7873,7873,65.0,WARNING,False,2026-09-28 06:41:04
7874,7874,65.0,WARNING,False,2026-09-28 06:41:04
7875,7875,65.0,WARNING,False,2026-09-28 06:41:04
7876,7876,65.0,WARNING,False,2026-09-28 06:41:04
7877,7877,65.0,WARNING,False,2026-09-28 06:41:04
7878,7878,65.0,WARNING,False,2026-09-28 06:41:04
7879,7879,65.0,WARNING,False,2026-09-28 06:41:04
7880,7880,65.0,WARNING,False,2026-09-28 06:41:04
7881,7881,65.0,WARNING,False,2026-09-28 06:41:04
7882,7882,65.0,WARNING,False,2026-09-28 06:41:04
7883,7883,65.0,WARNING,False,2026-09-28 06:41:04
7884,7884,65.0,WARNING,False,2026-09-28 06:41:04
7885,7885,65.0,WARNING,False,2026-09-28 06:41:04
7886,7886,65.0,WARNING,False,2026-09-28 06:41:04
7887,7887,65.0,WARNING,False,2026-09-28 06:41:04
7888,7888,65.0,WARNING,False,2026-09-28 06:41:04
7889,7889,65.0,WARNING,False,2026-09-28 06:41:04
7890,7890,65.0,WARNING,False,2026-09-28 06:41:04
7891,7891,65.0,WARNING,False,2026-09-28 06:41:04
7892,7892,65.0,WARNING,False,2026-09-28 06:41:04
7893,7893,65.0,WARNING,False,2026-09-28 06:41:04
7894,7894,65.0,WARNING,False,2026-09-28 06:41:04
7895,7895,65.0,WARNING,False,2026-09-28 06:41:04
7896,7896,65.0,WARNING,False,2026-09-28 06:41:04
7897,7897,65.0,WARNING,False,2026-09-28 06:41:04
7898,7898,65.0,WARNING,False,2026-09-28 06:41:04
7899,7899,65.0,WARNING,False,2026-09-28 06:41:04
7900,7900,65.0,WARNING,False,2026-09-28 06:41:04
7901,7901,65.0,WARNING,False,2026-09-28 06:41:04
7902,7902,65.0,WARNING,False,2026-09-28 06:41:04
7903,7903,65.0,WARNING,False,2026-09-28 06:41:04
7904,7904,65.0,WARNING,False,2026-09-28 06:41:04
7905,7905,65.0,WARNING,False,2026-09-28 06:41:04
7906,7906,65.0,WARNING,False,2026-09-28 06:41:04
7907,7907,65.0,WARNING,False,2026-09-28 06:41:04
7908,7908,65.0,WARNING,False,2026-09-28 06:41:04
7909,7909,65.0,WARNING,False,2026-09-28 06:41:04
7910,7910,65.0,WARNING,False,2026-09-28 06:41:04
7911,7911,65.0,WARNING,False,2026-09-28 06:41:04
7912,7912,65.0,WARNING,False,2026-09-28 06:41:04
7913,7913,65.0,WARNING,False,2026-09-28 06:41:04
7914,7914,65.0,WARNING,False,2026-09-28 06:41:04
7915,7915,65.0,WARNING,False,2026-09-28 06:41:04
7916,7916,65.0,WARNING,False,2026-09-28 06:41:04
7917,7917,65.0,WARNING,False,2026-09-28 06:41:04
7918,7918,65.0,WARNING,False,2026-09-28 06:41:04
7919,7919,65.0,WARNING,False,2026-09-28 06:41:04
7920,7920,65.0,WARNING,False,2026-09-28 06:41:04
7921,7921,65.0,WARNING,False,2026-09-28 06:41:04
7922,7922,65.0,WARNING,False,2026-09-28 06:41:04
7923,7923,65.0,WARNING,False,2026-09-28 06:41:04
7924,7924,65.0,WARNING,False,2026-09-28 06:41:04
7925,7925,65.0,WARNING,False,2026-09-28 06:41:04
7926,7926,65.0,WARNING,False,2026-09-28 06:41:04
7927,7927,65.0,WARNING,False,2026-09-28 06:41:04
7928,7928,65.0,WARNING,False,2026-09-28 06:41:04
7929,7929,65.0,WARNING,False,2026-09-28 06:41:04
7930,7930,65.0,WARNING,False,2026-09-28 06:41:04
7931,7931,65.0,WARNING,False,2026-09-28 06:41:04
7932,7932,65.0,WARNING,False,2026-09-28 06:41:04
7933,7933,65.0,WARNING,False,2026-09-28 06:41:04
7934,7934,65.0,WARNING,False,2026-09-28 06:41:04
7935,7935,65.0,WARNING,False,2026-09-28 06:41:04
7936,7936,65.0,WARNING,False,2026-09-28 06:41:04
7937,7937,65.0,WARNING,False,2026-09-28 06:41:04
7938,7938,65.0,WARNING,False,2026-09-28 06:41:04
7939,7939,65.0,WARNING,False,2026-09-28 06:41:04
7940,7940,65.0,WARNING,False,2026-09-28 06:41:04
7941,7941,65.0,WARNING,False,2026-09-28 06:41:04
7942,7942,65.0,WARNING,False,2026-09-28 06:41:04
7943,7943,65.0,WARNING,False,2026-09-28 06:41:04
7944,7944,65.0,WARNING,False,2026-09-28 06:41:04
7945,7945,65.0,WARNING,False,2026-09-28 06:41:04
7946,7946,65.0,WARNING,False,2026-09-28 06:41:04
7947,7947,65.0,WARNING,False,2026-09-28 06:41:04
7948,7948,65.0,WARNING,False,2026-09-28 06:41:04
7949,7949,65.0,WARNING,False,2026-09-28 06:41:04
7950,7950,65.0,WARNING,False,2026-09-28 06:41:04
7951,7951,65.0,WARNING,False,2026-09-28 06:41:04
7952,7952,65.0,WARNING,False,2026-09-28 06:41:04
7953,7953,65.0,WARNING,False,2026-09-28 06:41:04
7954,7954,65.0,WARNING,False,2026-09-28 06:41:04
7955,7955,65.0,WARNING,False,2026-09-28 06:41:04
7956,7956,65.0,WARNING,False,2026-09-28 06:41:04
7957,7957,65.0,WARNING,False,2026-09-28 06:41:04
7958,7958,65.0,WARNING,False,2026-09-28 06:41:04
7959,7959,65.0,WARNING,False,2026-09-28 06:41:04
7960,7960,65.0,WARNING,False,2026-09-28 06:41:04
7961,7961,65.0,WARNING,False,2026-09-28 06:41:04
7962,7962,65.0,WARNING,False,2026-09-28 06:41:04
7963,7963,65.0,WARNING,False,2026-09-28 06:41:04
7964,7964,65.0,WARNING,False,2026-09-28 06:41:04
7965,7965,65.0,WARNING,False,2026-09-28 06:41:04
7966,7966,65.0,WARNING,False,2026-09-28 06:41:04
7967,7967,65.0,WARNING,False,2026-09-28 06:41:04
7968,7968,65.0,WARNING,False,2026-09-28 06:41:04
7969,7969,65.0,WARNING,False,2026-09-28 06:41:04
7970,7970,65.0,WARNING,False,2026-09-28 06:41:04
7971,7971,65.0,WARNING,False,2026-09-28 06:41:04
7972,7972,65.0,WARNING,False,2026-09-28 06:41:04
7973,7973,65.0,WARNING,False,2026-09-28 06:41:04
7974,7974,65.0,WARNING,False,2026-09-28 06:41:04
7975,7975,65.0,WARNING,False,2026-09-28 06:41:04
7976,7976,65.0,WARNING,False,2026-09-28 06:41:04
7977,7977,65.0,WARNING,False,2026-09-28 06:41:04
7978,7978,65.0,WARNING,False,2026-09-28 06:41:04
7979,7979,65.0,WARNING,False,2026-09-28 06:41:04
7980,7980,65.0,WARNING,False,2026-09-28 06:41:04
7981,7981,65.0,WARNING,False,2026-09-28 06:41:04
7982,7982,65.0,WARNING,False,2026-09-28 06:41:04
7983,7983,65.0,WARNING,False,2026-09-28 06:41:04
7984,7984,65.0,WARNING,False,2026-09-28 06:41:04
7985,7985,65.0,WARNING,False,2026-09-28 06:41:04
7986,7986,65.0,WARNING,False,2026-09-28 06:41:04
7987,7987,65.0,WARNING,False,2026-09-28 06:41:04
7988,7988,65.0,WARNING,False,2026-09-28 06:41:04
7989,7989,65.0,WARNING,False,2026-09-28 06:41:04
7990,7990,65.0,WARNING,False,2026-09-28 06:41:04
7991,7991,65.0,WARNING,False,2026-09-28 06:41:04
7992,7992,65.0,WARNING,False,2026-09-28 06:41:04
7993,7993,65.0,WARNING,False,2026-09-28 06:41:04
7994,7994,65.0,WARNING,False,2026-09-28 06:41:04
7995,7995,65.0,WARNING,False,2026-09-28 06:41:04
7996,7996,65.0,WARNING,False,2026-09-28 06:41:04
7997,7997,65.0,WARNING,False,2026-09-28 06:41:04
7998,7998,65.0,WARNING,False,2026-09-28 06:41:04
7999,7999,65.0,WARNING,False,2026-09-28 06:41:04
8000,8000,65.0,WARNING,False,2026-09-28 06:41:04
8001,8001,65.0,WARNING,False,2026-09-28 06:41:04
8002,8002,65.0,WARNING,False,2026-09-28 06:41:04
8003,8003,65.0,WARNING,False,2026-09-28 06:41:04
8004,8004,65.0,WARNING,False,2026-09-28 06:41:04
8005,8005,65.0,WARNING,False,2026-09-28 06:41:04
8006,8006,65.0,WARNING,False,2026-09-28 06:41:04
8007,8007,65.0,WARNING,False,2026-09-28 06:41:04
8008,8008,65.0,WARNING,False,2026-09-28 06:41:04
8009,8009,65.0,WARNING,False,2026-09-28 06:41:04
8010,8010,65.0,WARNING,False,2026-09-28 06:41:04
8011,8011,65.0,WARNING,False,2026-09-28 06:41:04
8012,8012,65.0,WARNING,False,2026-09-28 06:41:04
8013,8013,65.0,WARNING,False,2026-09-28 06:41:04
8014,8014,65.0,WARNING,False,2026-09-28 06:41:04
8015,8015,65.0,WARNING,False,2026-09-28 06:41:04
8016,8016,65.0,WARNING,False,2026-09-28 06:41:04
8017,8017,65.0,WARNING,False,2026-09-28 06:41:04
8018,8018,65.0,WARNING,False,2026-09-28 06:41:04
8019,8019,65.0,WARNING,False,2026-09-28 06:41:04
8020,8020,65.0,WARNING,False,2026-09-28 06:41:04
8021,8021,65.0,WARNING,False,2026-09-28 06:41:04
8022,8022,65.0,WARNING,False,2026-09-28 06:41:04
8023,8023,65.0,WARNING,False,2026-09-28 06:41:04
8024,8024,65.0,WARNING,False,2026-09-28 06:41:04
8025,8025,65.0,WARNING,False,2026-09-28 06:41:04
8026,8026,65.0,WARNING,False,2026-09-28 06:41:04
8027,8027,65.0,WARNING,False,2026-09-28 06:41:04
8028,8028,65.0,WARNING,False,2026-09-28 06:41:04
8029,8029,65.0,WARNING,False,2026-09-28 06:41:04
8030,8030,65.0,WARNING,False,2026-09-28 06:41:04
8031,8031,65.0,WARNING,False,2026-09-28 06:41:04
8032,8032,65.0,WARNING,False,2026-09-28 06:41:04
8033,8033,65.0,WARNING,False,2026-09-28 06:41:04
8034,8034,65.0,WARNING,False,2026-09-28 06:41:04
8035,8035,65.0,WARNING,False,2026-09-28 06:41:04
8036,8036,65.0,WARNING,False,2026-09-28 06:41:04
8037,8037,65.0,WARNING,False,2026-09-28 06:41:04
8038,8038,65.0,WARNING,False,2026-09-28 06:41:04
8039,8039,65.0,WARNING,False,2026-09-28 06:41:04
8040,8040,65.0,WARNING,False,2026-09-28 06:41:04
8041,8041,65.0,WARNING,False,2026-09-28 06:41:04
8042,8042,65.0,WARNING,False,2026-09-28 06:41:04
8043,8043,65.0,WARNING,False,2026-09-28 06:41:04
8044,8044,65.0,WARNING,False,2026-09-28 06:41:04
8045,8045,65.0,WARNING,False,2026-09-28 06:41:04
8046,8046,65.0,WARNING,False,2026-09-28 06:41:04
8047,8047,65.0,WARNING,False,2026-09-28 06:41:04
8048,8048,65.0,WARNING,False,2026-09-28 06:41:04
8049,8049,65.0,WARNING,False,2026-09-28 06:41:04
8050,8050,65.0,WARNING,False,2026-09-28 06:41:04
8051,8051,65.0,WARNING,False,2026-09-28 06:41:04
8052,8052,65.0,WARNING,False,2026-09-28 06:41:04
8053,8053,65.0,WARNING,False,2026-09-28 06:41:04
8054,8054,65.0,WARNING,False,2026-09-28 06:41:04
8055,8055,65.0,WARNING,False,2026-09-28 06:41:04
8056,8056,65.0,WARNING,False,2026-09-28 06:41:04
8057,8057,65.0,WARNING,False,2026-09-28 06:41:04
8058,8058,65.0,WARNING,False,2026-09-28 06:41:04
8059,8059,65.0,WARNING,False,2026-09-28 06:41:04
8060,8060,65.0,WARNING,False,2026-09-28 06:41:04
8061,8061,65.0,WARNING,False,2026-09-28 06:41:04
8062,8062,65.0,WARNING,False,2026-09-28 06:41:04
8063,8063,65.0,WARNING,False,2026-09-28 06:41:04
8064,8064,65.0,WARNING,False,2026-09-28 06:41:04
8065,8065,65.0,WARNING,False,2026-09-28 06:41:04
8066,8066,65.0,WARNING,False,2026-09-28 06:41:04
8067,8067,65.0,WARNING,False,2026-09-28 06:41:04
8068,8068,65.0,WARNING,False,2026-09-28 06:41:04
8069,8069,65.0,WARNING,False,2026-09-28 06:41:04
8070,8070,65.0,WARNING,False,2026-09-28 06:41:04
8071,8071,65.0,WARNING,False,2026-09-28 06:41:04
8072,8072,65.0,WARNING,False,2026-09-28 06:41:04
8073,8073,65.0,WARNING,False,2026-09-28 06:41:04
8074,8074,65.0,WARNING,False,2026-09-28 06:41:04
8075,8075,65.0,WARNING,False,2026-09-28 06:41:04
8076,8076,65.0,WARNING,False,2026-09-28 06:41:04
8077,8077,65.0,WARNING,False,2026-09-28 06:41:04
8078,8078,65.0,WARNING,False,2026-09-28 06:41:04
8079,8079,65.0,WARNING,False,2026-09-28 06:41:04
8080,8080,65.0,WARNING,False,2026-09-28 06:41:04
8081,8081,65.0,WARNING,False,2026-09-28 06:41:04
8082,8082,65.0,WARNING,False,2026-09-28 06:41:04
8083,8083,65.0,WARNING,False,2026-09-28 06:41:04
8084,8084,65.0,WARNING,False,2026-09-28 06:41:04
8085,8085,65.0,WARNING,False,2026-09-28 06:41:04
8086,8086,65.0,WARNING,False,2026-09-28 06:41:04
8087,8087,65.0,WARNING,False,2026-09-28 06:41:04
8088,8088,65.0,WARNING,False,2026-09-28 06:41:04
8089,8089,65.0,WARNING,False,2026-09-28 06:41:04
8090,8090,65.0,WARNING,False,2026-09-28 06:41:04
8091,8091,65.0,WARNING,False,2026-09-28 06:41:04
8092,8092,65.0,WARNING,False,2026-09-28 06:41:04
8093,8093,65.0,WARNING,False,2026-09-28 06:41:04
8094,8094,65.0,WARNING,False,2026-09-28 06:41:04
8095,8095,65.0,WARNING,False,2026-09-28 06:41:04
8096,8096,65.0,WARNING,False,2026-09-28 06:41:04
8097,8097,65.0,WARNING,False,2026-09-28 06:41:04
8098,8098,65.0,WARNING,False,2026-09-28 06:41:04
8099,8099,65.0,WARNING,False,2026-09-28 06:41:04
8100,8100,65.0,WARNING,False,2026-09-28 06:41:04
8101,8101,65.0,WARNING,False,2026-09-28 06:41:04
8102,8102,65.0,WARNING,False,2026-09-28 06:41:04
8103,8103,65.0,WARNING,False,2026-09-28 06:41:04
8104,8104,65.0,WARNING,False,2026-09-28 06:41:04
8105,8105,65.0,WARNING,False,2026-09-28 06:41:04
8106,8106,65.0,WARNING,False,2026-09-28 06:41:04
8107,8107,65.0,WARNING,False,2026-09-28 06:41:04
8108,8108,65.0,WARNING,False,2026-09-28 06:41:04
8109,8109,65.0,WARNING,False,2026-09-28 06:41:04
8110,8110,65.0,WARNING,False,2026-09-28 06:41:04
8111,8111,65.0,WARNING,False,2026-09-28 06:41:04
8112,8112,65.0,WARNING,False,2026-09-28 06:41:04
8113,8113,65.0,WARNING,False,2026-09-28 06:41:04
8114,8114,65.0,WARNING,False,2026-09-28 06:41:04
8115,8115,65.0,WARNING,False,2026-09-28 06:41:04
8116,8116,65.0,WARNING,False,2026-09-28 06:41:04
8117,8117,65.0,WARNING,False,2026-09-28 06:41:04
8118,8118,65.0,WARNING,False,2026-09-28 06:41:04
8119,8119,65.0,WARNING,False,2026-09-28 06:41:04
8120,8120,65.0,WARNING,False,2026-09-28 06:41:04
8121,8121,65.0,WARNING,False,2026-09-28 06:41:04
8122,8122,65.0,WARNING,False,2026-09-28 06:41:04
8123,8123,65.0,WARNING,False,2026-09-28 06:41:04
8124,8124,65.0,WARNING,False,2026-09-28 06:41:04
8125,8125,65.0,WARNING,False,2026-09-28 06:41:04
8126,8126,65.0,WARNING,False,2026-09-28 06:41:04
8127,8127,65.0,WARNING,False,2026-09-28 06:41:04
8128,8128,65.0,WARNING,False,2026-09-28 06:41:04
8129,8129,65.0,WARNING,False,2026-09-28 06:41:04
8130,8130,65.0,WARNING,False,2026-09-28 06:41:04
8131,8131,65.0,WARNING,False,2026-09-28 06:41:04
8132,8132,65.0,WARNING,False,2026-09-28 06:41:04
8133,8133,65.0,WARNING,False,2026-09-28 06:41:04
8134,8134,65.0,WARNING,False,2026-09-28 06:41:04
8135,8135,65.0,WARNING,False,2026-09-28 06:41:04
8136,8136,65.0,WARNING,False,2026-09-28 06:41:04
8137,8137,65.0,WARNING,False,2026-09-28 06:41:04
8138,8138,65.0,WARNING,False,2026-09-28 06:41:04
8139,8139,65.0,WARNING,False,2026-09-28 06:41:04
8140,8140,65.0,WARNING,False,2026-09-28 06:41:04
8141,8141,65.0,WARNING,False,2026-09-28 06:41:04
8142,8142,65.0,WARNING,False,2026-09-28 06:41:04
8143,8143,65.0,WARNING,False,2026-09-28 06:41:04
8144,8144,65.0,WARNING,False,2026-09-28 06:41:04
8145,8145,65.0,WARNING,False,2026-09-28 06:41:04
8146,8146,65.0,WARNING,False,2026-09-28 06:41:04
8147,8147,65.0,WARNING,False,2026-09-28 06:41:04
8148,8148,65.0,WARNING,False,2026-09-28 06:41:04
8149,8149,65.0,WARNING,False,2026-09-28 06:41:04
8150,8150,65.0,WARNING,False,2026-09-28 06:41:04
8151,8151,65.0,WARNING,False,2026-09-28 06:41:04
8152,8152,65.0,WARNING,False,2026-09-28 06:41:04
8153,8153,65.0,WARNING,False,2026-09-28 06:41:04
8154,8154,65.0,WARNING,False,2026-09-28 06:41:04
8155,8155,65.0,WARNING,False,2026-09-28 06:41:04
8156,8156,65.0,WARNING,False,2026-09-28 06:41:04
8157,8157,65.0,WARNING,False,2026-09-28 06:41:04
8158,8158,65.0,WARNING,False,2026-09-28 06:41:04
8159,8159,65.0,WARNING,False,2026-09-28 06:41:04
8160,8160,65.0,WARNING,False,2026-09-28 06:41:04
8161,8161,65.0,WARNING,False,2026-09-28 06:41:04
8162,8162,65.0,WARNING,False,2026-09-28 06:41:04
8163,8163,65.0,WARNING,False,2026-09-28 06:41:04
8164,8164,65.0,WARNING,False,2026-09-28 06:41:04
8165,8165,65.0,WARNING,False,2026-09-28 06:41:04
8166,8166,65.0,WARNING,False,2026-09-28 06:41:04
8167,8167,65.0,WARNING,False,2026-09-28 06:41:04
8168,8168,65.0,WARNING,False,2026-09-28 06:41:04
8169,8169,65.0,WARNING,False,2026-09-28 06:41:04
8170,8170,65.0,WARNING,False,2026-09-28 06:41:04
8171,8171,65.0,WARNING,False,2026-09-28 06:41:04
8172,8172,65.0,WARNING,False,2026-09-28 06:41:04
8173,8173,65.0,WARNING,False,2026-09-28 06:41:04
8174,8174,65.0,WARNING,False,2026-09-28 06:41:04
8175,8175,65.0,WARNING,False,2026-09-28 06:41:04
8176,8176,65.0,WARNING,False,2026-09-28 06:41:04
8177,8177,65.0,WARNING,False,2026-09-28 06:41:04
8178,8178,65.0,WARNING,False,2026-09-28 06:41:04
8179,8179,65.0,WARNING,False,2026-09-28 06:41:04
8180,8180,65.0,WARNING,False,2026-09-28 06:41:04
8181,8181,65.0,WARNING,False,2026-09-28 06:41:04
8182,8182,65.0,WARNING,False,2026-09-28 06:41:04
8183,8183,65.0,WARNING,False,2026-09-28 06:41:04
8184,8184,65.0,WARNING,False,2026-09-28 06:41:04
8185,8185,65.0,WARNING,False,2026-09-28 06:41:04
8186,8186,65.0,WARNING,False,2026-09-28 06:41:04
8187,8187,65.0,WARNING,False,2026-09-28 06:41:04
8188,8188,65.0,WARNING,False,2026-09-28 06:41:04
8189,8189,65.0,WARNING,False,2026-09-28 06:41:04
8190,8190,65.0,WARNING,False,2026-09-28 06:41:04
8191,8191,65.0,WARNING,False,2026-09-28 06:41:04
8192,8192,65.0,WARNING,False,2026-09-28 06:41:04
8193,8193,65.0,WARNING,False,2026-09-28 06:41:04
8194,8194,65.0,WARNING,False,2026-09-28 06:41:04
8195,8195,65.0,WARNING,False,2026-09-28 06:41:04
8196,8196,65.0,WARNING,False,2026-09-28 06:41:04
8197,8197,65.0,WARNING,False,2026-09-28 06:41:04
8198,8198,65.0,WARNING,False,2026-09-28 06:41:04
8199,8199,65.0,WARNING,False,2026-09-28 06:41:04
8200,8200,65.0,WARNING,False,2026-09-28 06:41:04
8201,8201,65.0,WARNING,False,2026-09-28 06:41:04
8202,8202,65.0,WARNING,False,2026-09-28 06:41:04
8203,8203,65.0,WARNING,False,2026-09-28 06:41:04
8204,8204,65.0,WARNING,False,2026-09-28 06:41:04
8205,8205,65.0,WARNING,False,2026-09-28 06:41:04
8206,8206,65.0,WARNING,False,2026-09-28 06:41:04
8207,8207,65.0,WARNING,False,2026-09-28 06:41:04
8208,8208,65.0,WARNING,False,2026-09-28 06:41:04
8209,8209,65.0,WARNING,False,2026-09-28 06:41:04
8210,8210,65.0,WARNING,False,2026-09-28 06:41:04
8211,8211,65.0,WARNING,False,2026-09-28 06:41:04
8212,8212,65.0,WARNING,False,2026-09-28 06:41:04
8213,8213,65.0,WARNING,False,2026-09-28 06:41:04
8214,8214,65.0,WARNING,False,2026-09-28 06:41:04
8215,8215,65.0,WARNING,False,2026-09-28 06:41:04
8216,8216,65.0,WARNING,False,2026-09-28 06:41:04
8217,8217,65.0,WARNING,False,2026-09-28 06:41:04
8218,8218,65.0,WARNING,False,2026-09-28 06:41:04
8219,8219,65.0,WARNING,False,2026-09-28 06:41:04
8220,8220,65.0,WARNING,False,2026-09-28 06:41:04
8221,8221,65.0,WARNING,False,2026-09-28 06:41:04
8222,8222,65.0,WARNING,False,2026-09-28 06:41:04
8223,8223,65.0,WARNING,False,2026-09-28 06:41:04
8224,8224,65.0,WARNING,False,2026-09-28 06:41:04
8225,8225,65.0,WARNING,False,2026-09-28 06:41:04
8226,8226,65.0,WARNING,False,2026-09-28 06:41:04
8227,8227,65.0,WARNING,False,2026-09-28 06:41:04
8228,8228,65.0,WARNING,False,2026-09-28 06:41:04
8229,8229,65.0,WARNING,False,2026-09-28 06:41:04
8230,8230,65.0,WARNING,False,2026-09-28 06:41:04
8231,8231,65.0,WARNING,False,2026-09-28 06:41:04
8232,8232,65.0,WARNING,False,2026-09-28 06:41:04
8233,8233,65.0,WARNING,False,2026-09-28 06:41:04
8234,8234,65.0,WARNING,False,2026-09-28 06:41:04
8235,8235,65.0,WARNING,False,2026-09-28 06:41:04
8236,8236,65.0,WARNING,False,2026-09-28 06:41:04
8237,8237,65.0,WARNING,False,2026-09-28 06:41:04
8238,8238,65.0,WARNING,False,2026-09-28 06:41:04
8239,8239,65.0,WARNING,False,2026-09-28 06:41:04
8240,8240,65.0,WARNING,False,2026-09-28 06:41:04
8241,8241,65.0,WARNING,False,2026-09-28 06:41:04
8242,8242,65.0,WARNING,False,2026-09-28 06:41:04
8243,8243,65.0,WARNING,False,2026-09-28 06:41:04
8244,8244,65.0,WARNING,False,2026-09-28 06:41:04
8245,8245,65.0,WARNING,False,2026-09-28 06:41:04
8246,8246,65.0,WARNING,False,2026-09-28 06:41:04
8247,8247,65.0,WARNING,False,2026-09-28 06:41:04
8248,8248,65.0,WARNING,False,2026-09-28 06:41:04
8249,8249,65.0,WARNING,False,2026-09-28 06:41:04
8250,8250,65.0,WARNING,False,2026-09-28 06:41:04
8251,8251,65.0,WARNING,False,2026-09-28 06:41:04
8252,8252,65.0,WARNING,False,2026-09-28 06:41:04
8253,8253,65.0,WARNING,False,2026-09-28 06:41:04
8254,8254,65.0,WARNING,False,2026-09-28 06:41:04
8255,8255,65.0,WARNING,False,2026-09-28 06:41:04
8256,8256,65.0,WARNING,False,2026-09-28 06:41:04
8257,8257,65.0,WARNING,False,2026-09-28 06:41:04
8258,8258,65.0,WARNING,False,2026-09-28 06:41:04
8259,8259,65.0,WARNING,False,2026-09-28 06:41:04
8260,8260,65.0,WARNING,False,2026-09-28 06:41:04
8261,8261,65.0,WARNING,False,2026-09-28 06:41:04
8262,8262,65.0,WARNING,False,2026-09-28 06:41:04
8263,8263,65.0,WARNING,False,2026-09-28 06:41:04
8264,8264,65.0,WARNING,False,2026-09-28 06:41:04
8265,8265,65.0,WARNING,False,2026-09-28 06:41:04
8266,8266,65.0,WARNING,False,2026-09-28 06:41:04
8267,8267,65.0,WARNING,False,2026-09-28 06:41:04
8268,8268,65.0,WARNING,False,2026-09-28 06:41:04
8269,8269,65.0,WARNING,False,2026-09-28 06:41:04
8270,8270,65.0,WARNING,False,2026-09-28 06:41:04
8271,8271,65.0,WARNING,False,2026-09-28 06:41:04
8272,8272,65.0,WARNING,False,2026-09-28 06:41:04
8273,8273,65.0,WARNING,False,2026-09-28 06:41:04
8274,8274,65.0,WARNING,False,2026-09-28 06:41:04
8275,8275,65.0,WARNING,False,2026-09-28 06:41:04
8276,8276,65.0,WARNING,False,2026-09-28 06:41:04
8277,8277,65.0,WARNING,False,2026-09-28 06:41:04
8278,8278,65.0,WARNING,False,2026-09-28 06:41:04
8279,8279,65.0,WARNING,False,2026-09-28 06:41:04
8280,8280,65.0,WARNING,False,2026-09-28 06:41:04
8281,8281,65.0,WARNING,False,2026-09-28 06:41:04
8282,8282,65.0,WARNING,False,2026-09-28 06:41:04
8283,8283,65.0,WARNING,False,2026-09-28 06:41:04
8284,8284,65.0,WARNING,False,2026-09-28 06:41:04
8285,8285,65.0,WARNING,False,2026-09-28 06:41:04
8286,8286,65.0,WARNING,False,2026-09-28 06:41:04
8287,8287,65.0,WARNING,False,2026-09-28 06:41:04
8288,8288,65.0,WARNING,False,2026-09-28 06:41:04
8289,8289,65.0,WARNING,False,2026-09-28 06:41:04
8290,8290,65.0,WARNING,False,2026-09-28 06:41:04
8291,8291,65.0,WARNING,False,2026-09-28 06:41:04
8292,8292,65.0,WARNING,False,2026-09-28 06:41:04
8293,8293,65.0,WARNING,False,2026-09-28 06:41:04
8294,8294,65.0,WARNING,False,2026-09-28 06:41:04
8295,8295,65.0,WARNING,False,2026-09-28 06:41:04
8296,8296,65.0,WARNING,False,2026-09-28 06:41:04
8297,8297,65.0,WARNING,False,2026-09-28 06:41:04
8298,8298,65.0,WARNING,False,2026-09-28 06:41:04
8299,8299,65.0,WARNING,False,2026-09-28 06:41:04
8300,8300,65.0,WARNING,False,2026-09-28 06:41:04
8301,8301,65.0,WARNING,False,2026-09-28 06:41:04
8302,8302,65.0,WARNING,False,2026-09-28 06:41:04
8303,8303,65.0,WARNING,False,2026-09-28 06:41:04
8304,8304,65.0,WARNING,False,2026-09-28 06:41:04
8305,8305,65.0,WARNING,False,2026-09-28 06:41:04
8306,8306,65.0,WARNING,False,2026-09-28 06:41:04
8307,8307,65.0,WARNING,False,2026-09-28 06:41:04
8308,8308,65.0,WARNING,False,2026-09-28 06:41:04
8309,8309,65.0,WARNING,False,2026-09-28 06:41:04
8310,8310,65.0,WARNING,False,2026-09-28 06:41:04
8311,8311,65.0,WARNING,False,2026-09-28 06:41:04
8312,8312,65.0,WARNING,False,2026-09-28 06:41:04
8313,8313,65.0,WARNING,False,2026-09-28 06:41:04
8314,8314,65.0,WARNING,False,2026-09-28 06:41:04
8315,8315,65.0,WARNING,False,2026-09-28 06:41:04
8316,8316,65.0,WARNING,False,2026-09-28 06:41:04
8317,8317,65.0,WARNING,False,2026-09-28 06:41:04
8318,8318,65.0,WARNING,False,2026-09-28 06:41:04
8319,8319,65.0,WARNING,False,2026-09-28 06:41:04
8320,8320,65.0,WARNING,False,2026-09-28 06:41:04
8321,8321,65.0,WARNING,False,2026-09-28 06:41:04
8322,8322,65.0,WARNING,False,2026-09-28 06:41:04
8323,8323,65.0,WARNING,False,2026-09-28 06:41:04
8324,8324,65.0,WARNING,False,2026-09-28 06:41:04
8325,8325,65.0,WARNING,False,2026-09-28 06:41:04
8326,8326,65.0,WARNING,False,2026-09-28 06:41:04
8327,8327,65.0,WARNING,False,2026-09-28 06:41:04
8328,8328,65.0,WARNING,False,2026-09-28 06:41:04
8329,8329,65.0,WARNING,False,2026-09-28 06:41:04
8330,8330,65.0,WARNING,False,2026-09-28 06:41:04
8331,8331,65.0,WARNING,False,2026-09-28 06:41:04
8332,8332,65.0,WARNING,False,2026-09-28 06:41:04
8333,8333,65.0,WARNING,False,2026-09-28 06:41:04
8334,8334,65.0,WARNING,False,2026-09-28 06:41:04
8335,8335,65.0,WARNING,False,2026-09-28 06:41:04
8336,8336,65.0,WARNING,False,2026-09-28 06:41:04
8337,8337,65.0,WARNING,False,2026-09-28 06:41:04
8338,8338,65.0,WARNING,False,2026-09-28 06:41:04
8339,8339,65.0,WARNING,False,2026-09-28 06:41:04
8340,8340,65.0,WARNING,False,2026-09-28 06:41:04
8341,8341,65.0,WARNING,False,2026-09-28 06:41:04
8342,8342,65.0,WARNING,False,2026-09-28 06:41:04
8343,8343,65.0,WARNING,False,2026-09-28 06:41:04
8344,8344,65.0,WARNING,False,2026-09-28 06:41:04
8345,8345,65.0,WARNING,False,2026-09-28 06:41:04
8346,8346,65.0,WARNING,False,2026-09-28 06:41:04
8347,8347,65.0,WARNING,False,2026-09-28 06:41:04
8348,8348,65.0,WARNING,False,2026-09-28 06:41:04
8349,8349,65.0,WARNING,False,2026-09-28 06:41:04
8350,8350,65.0,WARNING,False,2026-09-28 06:41:04
8351,8351,65.0,WARNING,False,2026-09-28 06:41:04
8352,8352,65.0,WARNING,False,2026-09-28 06:41:04
8353,8353,65.0,WARNING,False,2026-09-28 06:41:04
8354,8354,65.0,WARNING,False,2026-09-28 06:41:04
8355,8355,65.0,WARNING,False,2026-09-28 06:41:04
8356,8356,65.0,WARNING,False,2026-09-28 06:41:04
8357,8357,65.0,WARNING,False,2026-09-28 06:41:04
8358,8358,65.0,WARNING,False,2026-09-28 06:41:04
8359,8359,65.0,WARNING,False,2026-09-28 06:41:04
8360,8360,65.0,WARNING,False,2026-09-28 06:41:04
8361,8361,65.0,WARNING,False,2026-09-28 06:41:04
8362,8362,65.0,WARNING,False,2026-09-28 06:41:04
8363,8363,65.0,WARNING,False,2026-09-28 06:41:04
8364,8364,65.0,WARNING,False,2026-09-28 06:41:04
8365,8365,65.0,WARNING,False,2026-09-28 06:41:04
8366,8366,65.0,WARNING,False,2026-09-28 06:41:04
8367,8367,65.0,WARNING,False,2026-09-28 06:41:04
8368,8368,65.0,WARNING,False,2026-09-28 06:41:04
8369,8369,65.0,WARNING,False,2026-09-28 06:41:04
8370,8370,65.0,WARNING,False,2026-09-28 06:41:04
8371,8371,65.0,WARNING,False,2026-09-28 06:41:04
8372,8372,65.0,WARNING,False,2026-09-28 06:41:04
8373,8373,65.0,WARNING,False,2026-09-28 06:41:04
8374,8374,65.0,WARNING,False,2026-09-28 06:41:04
8375,8375,65.0,WARNING,False,2026-09-28 06:41:04
8376,8376,65.0,WARNING,False,2026-09-28 06:41:04
8377,8377,65.0,WARNING,False,2026-09-28 06:41:04
8378,8378,65.0,WARNING,False,2026-09-28 06:41:04
8379,8379,65.0,WARNING,False,2026-09-28 06:41:04
8380,8380,65.0,WARNING,False,2026-09-28 06:41:04
8381,8381,65.0,WARNING,False,2026-09-28 06:41:04
8382,8382,65.0,WARNING,False,2026-09-28 06:41:04
8383,8383,65.0,WARNING,False,2026-09-28 06:41:04
8384,8384,65.0,WARNING,False,2026-09-28 06:41:04
8385,8385,65.0,WARNING,False,2026-09-28 06:41:04
8386,8386,65.0,WARNING,False,2026-09-28 06:41:04
8387,8387,65.0,WARNING,False,2026-09-28 06:41:04
8388,8388,65.0,WARNING,False,2026-09-28 06:41:04
8389,8389,65.0,WARNING,False,2026-09-28 06:41:04
8390,8390,65.0,WARNING,False,2026-09-28 06:41:04
8391,8391,65.0,WARNING,False,2026-09-28 06:41:04
8392,8392,65.0,WARNING,False,2026-09-28 06:41:04
8393,8393,65.0,WARNING,False,2026-09-28 06:41:04
8394,8394,65.0,WARNING,False,2026-09-28 06:41:04
8395,8395,65.0,WARNING,False,2026-09-28 06:41:04
8396,8396,65.0,WARNING,False,2026-09-28 06:41:04
8397,8397,65.0,WARNING,False,2026-09-28 06:41:04
8398,8398,65.0,WARNING,False,2026-09-28 06:41:04
8399,8399,65.0,WARNING,False,2026-09-28 06:41:04
8400,8400,65.0,WARNING,False,2026-09-28 06:41:04
8401,8401,65.0,WARNING,False,2026-09-28 06:41:04
8402,8402,65.0,WARNING,False,2026-09-28 06:41:04
8403,8403,65.0,WARNING,False,2026-09-28 06:41:04
8404,8404,65.0,WARNING,False,2026-09-28 06:41:04
8405,8405,65.0,WARNING,False,2026-09-28 06:41:04
8406,8406,65.0,WARNING,False,2026-09-28 06:41:04
8407,8407,65.0,WARNING,False,2026-09-28 06:41:04
8408,8408,65.0,WARNING,False,2026-09-28 06:41:04
8409,8409,65.0,WARNING,False,2026-09-28 06:41:04
8410,8410,65.0,WARNING,False,2026-09-28 06:41:04
8411,8411,65.0,WARNING,False,2026-09-28 06:41:04
8412,8412,65.0,WARNING,False,2026-09-28 06:41:04
8413,8413,65.0,WARNING,False,2026-09-28 06:41:04
8414,8414,65.0,WARNING,False,2026-09-28 06:41:04
8415,8415,65.0,WARNING,False,2026-09-28 06:41:04
8416,8416,65.0,WARNING,False,2026-09-28 06:41:04
8417,8417,65.0,WARNING,False,2026-09-28 06:41:04
8418,8418,65.0,WARNING,False,2026-09-28 06:41:04
8419,8419,65.0,WARNING,False,2026-09-28 06:41:04
8420,8420,65.0,WARNING,False,2026-09-28 06:41:04
8421,8421,65.0,WARNING,False,2026-09-28 06:41:04
8422,8422,65.0,WARNING,False,2026-09-28 06:41:04
8423,8423,65.0,WARNING,False,2026-09-28 06:41:04
8424,8424,65.0,WARNING,False,2026-09-28 06:41:04
8425,8425,65.0,WARNING,False,2026-09-28 06:41:04
8426,8426,65.0,WARNING,False,2026-09-28 06:41:04
8427,8427,65.0,WARNING,False,2026-09-28 06:41:04
8428,8428,65.0,WARNING,False,2026-09-28 06:41:04
8429,8429,65.0,WARNING,False,2026-09-28 06:41:04
8430,8430,65.0,WARNING,False,2026-09-28 06:41:04
8431,8431,65.0,WARNING,False,2026-09-28 06:41:04
8432,8432,65.0,WARNING,False,2026-09-28 06:41:04
8433,8433,65.0,WARNING,False,2026-09-28 06:41:04
8434,8434,65.0,WARNING,False,2026-09-28 06:41:04
8435,8435,65.0,WARNING,False,2026-09-28 06:41:04
8436,8436,65.0,WARNING,False,2026-09-28 06:41:04
8437,8437,65.0,WARNING,False,2026-09-28 06:41:04
8438,8438,65.0,WARNING,False,2026-09-28 06:41:04
8439,8439,65.0,WARNING,False,2026-09-28 06:41:04
8440,8440,65.0,WARNING,False,2026-09-28 06:41:04
8441,8441,65.0,WARNING,False,2026-09-28 06:41:04
8442,8442,65.0,WARNING,False,2026-09-28 06:41:04
8443,8443,65.0,WARNING,False,2026-09-28 06:41:04
8444,8444,65.0,WARNING,False,2026-09-28 06:41:04
8445,8445,65.0,WARNING,False,2026-09-28 06:41:04
8446,8446,65.0,WARNING,False,2026-09-28 06:41:04
8447,8447,65.0,WARNING,False,2026-09-28 06:41:04
8448,8448,65.0,WARNING,False,2026-09-28 06:41:04
8449,8449,65.0,WARNING,False,2026-09-28 06:41:04
8450,8450,65.0,WARNING,False,2026-09-28 06:41:04
8451,8451,65.0,WARNING,False,2026-09-28 06:41:04
8452,8452,65.0,WARNING,False,2026-09-28 06:41:04
8453,8453,65.0,WARNING,False,2026-09-28 06:41:04
8454,8454,65.0,WARNING,False,2026-09-28 06:41:04
8455,8455,65.0,WARNING,False,2026-09-28 06:41:04
8456,8456,65.0,WARNING,False,2026-09-28 06:41:04
8457,8457,65.0,WARNING,False,2026-09-28 06:41:04
8458,8458,65.0,WARNING,False,2026-09-28 06:41:04
8459,8459,65.0,WARNING,False,2026-09-28 06:41:04
8460,8460,65.0,WARNING,False,2026-09-28 06:41:04
8461,8461,65.0,WARNING,False,2026-09-28 06:41:04
8462,8462,65.0,WARNING,False,2026-09-28 06:41:04
8463,8463,65.0,WARNING,False,2026-09-28 06:41:04
8464,8464,65.0,WARNING,False,2026-09-28 06:41:04
8465,8465,65.0,WARNING,False,2026-09-28 06:41:04
8466,8466,65.0,WARNING,False,2026-09-28 06:41:04
8467,8467,65.0,WARNING,False,2026-09-28 06:41:04
8468,8468,65.0,WARNING,False,2026-09-28 06:41:04
8469,8469,65.0,WARNING,False,2026-09-28 06:41:04
8470,8470,65.0,WARNING,False,2026-09-28 06:41:04
8471,8471,65.0,WARNING,False,2026-09-28 06:41:04
8472,8472,65.0,WARNING,False,2026-09-28 06:41:04
8473,8473,65.0,WARNING,False,2026-09-28 06:41:04
8474,8474,65.0,WARNING,False,2026-09-28 06:41:04
8475,8475,65.0,WARNING,False,2026-09-28 06:41:04
8476,8476,65.0,WARNING,False,2026-09-28 06:41:04
8477,8477,65.0,WARNING,False,2026-09-28 06:41:04
8478,8478,65.0,WARNING,False,2026-09-28 06:41:04
8479,8479,65.0,WARNING,False,2026-09-28 06:41:04
8480,8480,65.0,WARNING,False,2026-09-28 06:41:04
8481,8481,65.0,WARNING,False,2026-09-28 06:41:04
8482,8482,65.0,WARNING,False,2026-09-28 06:41:04
8483,8483,65.0,WARNING,False,2026-09-28 06:41:04
8484,8484,65.0,WARNING,False,2026-09-28 06:41:04
8485,8485,65.0,WARNING,False,2026-09-28 06:41:04
8486,8486,65.0,WARNING,False,2026-09-28 06:41:04
8487,8487,65.0,WARNING,False,2026-09-28 06:41:04
8488,8488,65.0,WARNING,False,2026-09-28 06:41:04
8489,8489,65.0,WARNING,False,2026-09-28 06:41:04
8490,8490,65.0,WARNING,False,2026-09-28 06:41:04
8491,8491,65.0,WARNING,False,2026-09-28 06:41:04
8492,8492,65.0,WARNING,False,2026-09-28 06:41:04
8493,8493,65.0,WARNING,False,2026-09-28 06:41:04
8494,8494,65.0,WARNING,False,2026-09-28 06:41:04
8495,8495,65.0,WARNING,False,2026-09-28 06:41:04
8496,8496,65.0,WARNING,False,2026-09-28 06:41:04
8497,8497,65.0,WARNING,False,2026-09-28 06:41:04
8498,8498,65.0,WARNING,False,2026-09-28 06:41:04
8499,8499,65.0,WARNING,False,2026-09-28 06:41:04
8500,8500,65.0,WARNING,False,2026-09-28 06:41:04
8501,8501,65.0,WARNING,False,2026-09-28 06:41:04
8502,8502,65.0,WARNING,False,2026-09-28 06:41:04
8503,8503,65.0,WARNING,False,2026-09-28 06:41:04
8504,8504,65.0,WARNING,False,2026-09-28 06:41:04
8505,8505,65.0,WARNING,False,2026-09-28 06:41:04
8506,8506,65.0,WARNING,False,2026-09-28 06:41:04
8507,8507,65.0,WARNING,False,2026-09-28 06:41:04
8508,8508,65.0,WARNING,False,2026-09-28 06:41:04
8509,8509,65.0,WARNING,False,2026-09-28 06:41:04
8510,8510,65.0,WARNING,False,2026-09-28 06:41:04
8511,8511,65.0,WARNING,False,2026-09-28 06:41:04
8512,8512,65.0,WARNING,False,2026-09-28 06:41:04
8513,8513,65.0,WARNING,False,2026-09-28 06:41:04
8514,8514,65.0,WARNING,False,2026-09-28 06:41:04
8515,8515,65.0,WARNING,False,2026-09-28 06:41:04
8516,8516,65.0,WARNING,False,2026-09-28 06:41:04
8517,8517,65.0,WARNING,False,2026-09-28 06:41:04
8518,8518,65.0,WARNING,False,2026-09-28 06:41:04
8519,8519,65.0,WARNING,False,2026-09-28 06:41:04
8520,8520,65.0,WARNING,False,2026-09-28 06:41:04
8521,8521,65.0,WARNING,False,2026-09-28 06:41:04
8522,8522,65.0,WARNING,False,2026-09-28 06:41:04
8523,8523,65.0,WARNING,False,2026-09-28 06:41:04
8524,8524,65.0,WARNING,False,2026-09-28 06:41:04
8525,8525,65.0,WARNING,False,2026-09-28 06:41:04
8526,8526,65.0,WARNING,False,2026-09-28 06:41:04
8527,8527,65.0,WARNING,False,2026-09-28 06:41:04
8528,8528,65.0,WARNING,False,2026-09-28 06:41:04
8529,8529,65.0,WARNING,False,2026-09-28 06:41:04
8530,8530,65.0,WARNING,False,2026-09-28 06:41:04
8531,8531,65.0,WARNING,False,2026-09-28 06:41:04
8532,8532,65.0,WARNING,False,2026-09-28 06:41:04
8533,8533,65.0,WARNING,False,2026-09-28 06:41:04
8534,8534,65.0,WARNING,False,2026-09-28 06:41:04
8535,8535,65.0,WARNING,False,2026-09-28 06:41:04
8536,8536,65.0,WARNING,False,2026-09-28 06:41:04
8537,8537,65.0,WARNING,False,2026-09-28 06:41:04
8538,8538,65.0,WARNING,False,2026-09-28 06:41:04
8539,8539,65.0,WARNING,False,2026-09-28 06:41:04
8540,8540,65.0,WARNING,False,2026-09-28 06:41:04
8541,8541,65.0,WARNING,False,2026-09-28 06:41:04
8542,8542,65.0,WARNING,False,2026-09-28 06:41:04
8543,8543,65.0,WARNING,False,2026-09-28 06:41:04
8544,8544,65.0,WARNING,False,2026-09-28 06:41:04
8545,8545,65.0,WARNING,False,2026-09-28 06:41:04
8546,8546,65.0,WARNING,False,2026-09-28 06:41:04
8547,8547,65.0,WARNING,False,2026-09-28 06:41:04
8548,8548,65.0,WARNING,False,2026-09-28 06:41:04
8549,8549,65.0,WARNING,False,2026-09-28 06:41:04
8550,8550,65.0,WARNING,False,2026-09-28 06:41:04
8551,8551,65.0,WARNING,False,2026-09-28 06:41:04
8552,8552,65.0,WARNING,False,2026-09-28 06:41:04
8553,8553,65.0,WARNING,False,2026-09-28 06:41:04
8554,8554,65.0,WARNING,False,2026-09-28 06:41:04
8555,8555,65.0,WARNING,False,2026-09-28 06:41:04
8556,8556,65.0,WARNING,False,2026-09-28 06:41:04
8557,8557,65.0,WARNING,False,2026-09-28 06:41:04
8558,8558,65.0,WARNING,False,2026-09-28 06:41:04
8559,8559,65.0,WARNING,False,2026-09-28 06:41:04
8560,8560,65.0,WARNING,False,2026-09-28 06:41:04
8561,8561,65.0,WARNING,False,2026-09-28 06:41:04
8562,8562,65.0,WARNING,False,2026-09-28 06:41:04
8563,8563,65.0,WARNING,False,2026-09-28 06:41:04
8564,8564,65.0,WARNING,False,2026-09-28 06:41:04
8565,8565,65.0,WARNING,False,2026-09-28 06:41:04
8566,8566,65.0,WARNING,False,2026-09-28 06:41:04
8567,8567,65.0,WARNING,False,2026-09-28 06:41:04
8568,8568,65.0,WARNING,False,2026-09-28 06:41:04
8569,8569,65.0,WARNING,False,2026-09-28 06:41:04
8570,8570,65.0,WARNING,False,2026-09-28 06:41:04
8571,8571,65.0,WARNING,False,2026-09-28 06:41:04
8572,8572,65.0,WARNING,False,2026-09-28 06:41:04
8573,8573,65.0,WARNING,False,2026-09-28 06:41:04
8574,8574,65.0,WARNING,False,2026-09-28 06:41:04
8575,8575,65.0,WARNING,False,2026-09-28 06:41:04
8576,8576,65.0,WARNING,False,2026-09-28 06:41:04
8577,8577,65.0,WARNING,False,2026-09-28 06:41:04
8578,8578,65.0,WARNING,False,2026-09-28 06:41:04
8579,8579,65.0,WARNING,False,2026-09-28 06:41:04
8580,8580,65.0,WARNING,False,2026-09-28 06:41:04
8581,8581,65.0,WARNING,False,2026-09-28 06:41:04
8582,8582,65.0,WARNING,False,2026-09-28 06:41:04
8583,8583,65.0,WARNING,False,2026-09-28 06:41:04
8584,8584,65.0,WARNING,False,2026-09-28 06:41:04
8585,8585,65.0,WARNING,False,2026-09-28 06:41:04
8586,8586,65.0,WARNING,False,2026-09-28 06:41:04
8587,8587,65.0,WARNING,False,2026-09-28 06:41:04
8588,8588,65.0,WARNING,False,2026-09-28 06:41:04
8589,8589,65.0,WARNING,False,2026-09-28 06:41:04
8590,8590,65.0,WARNING,False,2026-09-28 06:41:04
8591,8591,65.0,WARNING,False,2026-09-28 06:41:04
8592,8592,65.0,WARNING,False,2026-09-28 06:41:04
8593,8593,65.0,WARNING,False,2026-09-28 06:41:04
8594,8594,65.0,WARNING,False,2026-09-28 06:41:04
8595,8595,65.0,WARNING,False,2026-09-28 06:41:04
8596,8596,65.0,WARNING,False,2026-09-28 06:41:04
8597,8597,65.0,WARNING,False,2026-09-28 06:41:04
8598,8598,65.0,WARNING,False,2026-09-28 06:41:04
8599,8599,65.0,WARNING,False,2026-09-28 06:41:04
8600,8600,65.0,WARNING,False,2026-09-28 06:41:04
8601,8601,65.0,WARNING,False,2026-09-28 06:41:04
8602,8602,65.0,WARNING,False,2026-09-28 06:41:04
8603,8603,65.0,WARNING,False,2026-09-28 06:41:04
8604,8604,65.0,WARNING,False,2026-09-28 06:41:04
8605,8605,65.0,WARNING,False,2026-09-28 06:41:04
8606,8606,65.0,WARNING,False,2026-09-28 06:41:04
8607,8607,65.0,WARNING,False,2026-09-28 06:41:04
8608,8608,65.0,WARNING,False,2026-09-28 06:41:04
8609,8609,65.0,WARNING,False,2026-09-28 06:41:04
8610,8610,65.0,WARNING,False,2026-09-28 06:41:04
8611,8611,65.0,WARNING,False,2026-09-28 06:41:04
8612,8612,65.0,WARNING,False,2026-09-28 06:41:04
8613,8613,65.0,WARNING,False,2026-09-28 06:41:04
8614,8614,65.0,WARNING,False,2026-09-28 06:41:04
8615,8615,65.0,WARNING,False,2026-09-28 06:41:04
8616,8616,65.0,WARNING,False,2026-09-28 06:41:04
8617,8617,65.0,WARNING,False,2026-09-28 06:41:04
8618,8618,65.0,WARNING,False,2026-09-28 06:41:04
8619,8619,65.0,WARNING,False,2026-09-28 06:41:04
8620,8620,65.0,WARNING,False,2026-09-28 06:41:04
8621,8621,65.0,WARNING,False,2026-09-28 06:41:04
8622,8622,65.0,WARNING,False,2026-09-28 06:41:04
8623,8623,65.0,WARNING,False,2026-09-28 06:41:04
8624,8624,65.0,WARNING,False,2026-09-28 06:41:04
8625,8625,65.0,WARNING,False,2026-09-28 06:41:04
8626,8626,65.0,WARNING,False,2026-09-28 06:41:04
8627,8627,65.0,WARNING,False,2026-09-28 06:41:04
8628,8628,65.0,WARNING,False,2026-09-28 06:41:04
8629,8629,65.0,WARNING,False,2026-09-28 06:41:04
8630,8630,65.0,WARNING,False,2026-09-28 06:41:04
8631,8631,65.0,WARNING,False,2026-09-28 06:41:04
8632,8632,65.0,WARNING,False,2026-09-28 06:41:04
8633,8633,65.0,WARNING,False,2026-09-28 06:41:04
8634,8634,65.0,WARNING,False,2026-09-28 06:41:04
8635,8635,65.0,WARNING,False,2026-09-28 06:41:04
8636,8636,65.0,WARNING,False,2026-09-28 06:41:04
8637,8637,65.0,WARNING,False,2026-09-28 06:41:04
8638,8638,65.0,WARNING,False,2026-09-28 06:41:04
8639,8639,65.0,WARNING,False,2026-09-28 06:41:04
8640,8640,65.0,WARNING,False,2026-09-28 06:41:04
8641,8641,65.0,WARNING,False,2026-09-28 06:41:04
8642,8642,65.0,WARNING,False,2026-09-28 06:41:04
8643,8643,65.0,WARNING,False,2026-09-28 06:41:04
8644,8644,65.0,WARNING,False,2026-09-28 06:41:04
8645,8645,65.0,WARNING,False,2026-09-28 06:41:04
8646,8646,65.0,WARNING,False,2026-09-28 06:41:04
8647,8647,65.0,WARNING,False,2026-09-28 06:41:04
8648,8648,65.0,WARNING,False,2026-09-28 06:41:04
8649,8649,65.0,WARNING,False,2026-09-28 06:41:04
8650,8650,65.0,WARNING,False,2026-09-28 06:41:04
8651,8651,65.0,WARNING,False,2026-09-28 06:41:04
8652,8652,65.0,WARNING,False,2026-09-28 06:41:04
8653,8653,65.0,WARNING,False,2026-09-28 06:41:04
8654,8654,65.0,WARNING,False,2026-09-28 06:41:04
8655,8655,65.0,WARNING,False,2026-09-28 06:41:04
8656,8656,65.0,WARNING,False,2026-09-28 06:41:04
8657,8657,65.0,WARNING,False,2026-09-28 06:41:04
8658,8658,65.0,WARNING,False,2026-09-28 06:41:04
8659,8659,65.0,WARNING,False,2026-09-28 06:41:04
8660,8660,65.0,WARNING,False,2026-09-28 06:41:04
8661,8661,65.0,WARNING,False,2026-09-28 06:41:04
8662,8662,65.0,WARNING,False,2026-09-28 06:41:04
8663,8663,65.0,WARNING,False,2026-09-28 06:41:04
8664,8664,65.0,WARNING,False,2026-09-28 06:41:04
8665,8665,65.0,WARNING,False,2026-09-28 06:41:04
8666,8666,65.0,WARNING,False,2026-09-28 06:41:04
8667,8667,65.0,WARNING,False,2026-09-28 06:41:04
8668,8668,65.0,WARNING,False,2026-09-28 06:41:04
8669,8669,65.0,WARNING,False,2026-09-28 06:41:04
8670,8670,65.0,WARNING,False,2026-09-28 06:41:04
8671,8671,65.0,WARNING,False,2026-09-28 06:41:04
8672,8672,65.0,WARNING,False,2026-09-28 06:41:04
8673,8673,65.0,WARNING,False,2026-09-28 06:41:04
8674,8674,65.0,WARNING,False,2026-09-28 06:41:04
8675,8675,65.0,WARNING,False,2026-09-28 06:41:04
8676,8676,65.0,WARNING,False,2026-09-28 06:41:04
8677,8677,65.0,WARNING,False,2026-09-28 06:41:04
8678,8678,65.0,WARNING,False,2026-09-28 06:41:04
8679,8679,65.0,WARNING,False,2026-09-28 06:41:04
8680,8680,65.0,WARNING,False,2026-09-28 06:41:04
8681,8681,65.0,WARNING,False,2026-09-28 06:41:04
8682,8682,65.0,WARNING,False,2026-09-28 06:41:04
8683,8683,65.0,WARNING,False,2026-09-28 06:41:04
8684,8684,65.0,WARNING,False,2026-09-28 06:41:04
8685,8685,65.0,WARNING,False,2026-09-28 06:41:04
8686,8686,65.0,WARNING,False,2026-09-28 06:41:04
8687,8687,65.0,WARNING,False,2026-09-28 06:41:04
8688,8688,65.0,WARNING,False,2026-09-28 06:41:04
8689,8689,65.0,WARNING,False,2026-09-28 06:41:04
8690,8690,65.0,WARNING,False,2026-09-28 06:41:04
8691,8691,65.0,WARNING,False,2026-09-28 06:41:04
8692,8692,65.0,WARNING,False,2026-09-28 06:41:04
8693,8693,65.0,WARNING,False,2026-09-28 06:41:04
8694,8694,65.0,WARNING,False,2026-09-28 06:41:04
8695,8695,65.0,WARNING,False,2026-09-28 06:41:04
8696,8696,65.0,WARNING,False,2026-09-28 06:41:04
8697,8697,65.0,WARNING,False,2026-09-28 06:41:04
8698,8698,65.0,WARNING,False,2026-09-28 06:41:04
8699,8699,65.0,WARNING,False,2026-09-28 06:41:04
8700,8700,65.0,WARNING,False,2026-09-28 06:41:04
8701,8701,65.0,WARNING,False,2026-09-28 06:41:04
8702,8702,65.0,WARNING,False,2026-09-28 06:41:04
8703,8703,65.0,WARNING,False,2026-09-28 06:41:04
8704,8704,65.0,WARNING,False,2026-09-28 06:41:04
8705,8705,65.0,WARNING,False,2026-09-28 06:41:04
8706,8706,65.0,WARNING,False,2026-09-28 06:41:04
8707,8707,65.0,WARNING,False,2026-09-28 06:41:04
8708,8708,65.0,WARNING,False,2026-09-28 06:41:04
8709,8709,65.0,WARNING,False,2026-09-28 06:41:04
8710,8710,65.0,WARNING,False,2026-09-28 06:41:04
8711,8711,65.0,WARNING,False,2026-09-28 06:41:04
8712,8712,65.0,WARNING,False,2026-09-28 06:41:04
8713,8713,65.0,WARNING,False,2026-09-28 06:41:04
8714,8714,65.0,WARNING,False,2026-09-28 06:41:04
8715,8715,65.0,WARNING,False,2026-09-28 06:41:04
8716,8716,65.0,WARNING,False,2026-09-28 06:41:04
8717,8717,65.0,WARNING,False,2026-09-28 06:41:04
8718,8718,65.0,WARNING,False,2026-09-28 06:41:04
8719,8719,65.0,WARNING,False,2026-09-28 06:41:04
8720,8720,65.0,WARNING,False,2026-09-28 06:41:04
8721,8721,65.0,WARNING,False,2026-09-28 06:41:04
8722,8722,65.0,WARNING,False,2026-09-28 06:41:04
8723,8723,65.0,WARNING,False,2026-09-28 06:41:04
8724,8724,65.0,WARNING,False,2026-09-28 06:41:04
8725,8725,65.0,WARNING,False,2026-09-28 06:41:04
8726,8726,65.0,WARNING,False,2026-09-28 06:41:04
8727,8727,65.0,WARNING,False,2026-09-28 06:41:04
8728,8728,65.0,WARNING,False,2026-09-28 06:41:04
8729,8729,65.0,WARNING,False,2026-09-28 06:41:04
8730,8730,65.0,WARNING,False,2026-09-28 06:41:04
8731,8731,65.0,WARNING,False,2026-09-28 06:41:04
8732,8732,65.0,WARNING,False,2026-09-28 06:41:04
8733,8733,65.0,WARNING,False,2026-09-28 06:41:04
8734,8734,65.0,WARNING,False,2026-09-28 06:41:04
8735,8735,65.0,WARNING,False,2026-09-28 06:41:04
8736,8736,65.0,WARNING,False,2026-09-28 06:41:04
8737,8737,65.0,WARNING,False,2026-09-28 06:41:04
8738,8738,65.0,WARNING,False,2026-09-28 06:41:04
8739,8739,65.0,WARNING,False,2026-09-28 06:41:04
8740,8740,65.0,WARNING,False,2026-09-28 06:41:04
8741,8741,65.0,WARNING,False,2026-09-28 06:41:04
8742,8742,65.0,WARNING,False,2026-09-28 06:41:04
8743,8743,65.0,WARNING,False,2026-09-28 06:41:04
8744,8744,65.0,WARNING,False,2026-09-28 06:41:04
8745,8745,65.0,WARNING,False,2026-09-28 06:41:04
8746,8746,65.0,WARNING,False,2026-09-28 06:41:04
8747,8747,65.0,WARNING,False,2026-09-28 06:41:04
8748,8748,65.0,WARNING,False,2026-09-28 06:41:04
8749,8749,65.0,WARNING,False,2026-09-28 06:41:04
8750,8750,65.0,WARNING,False,2026-09-28 06:41:04
8751,8751,65.0,WARNING,False,2026-09-28 06:41:04
8752,8752,65.0,WARNING,False,2026-09-28 06:41:04
8753,8753,65.0,WARNING,False,2026-09-28 06:41:04
8754,8754,65.0,WARNING,False,2026-09-28 06:41:04
8755,8755,65.0,WARNING,False,2026-09-28 06:41:04
8756,8756,65.0,WARNING,False,2026-09-28 06:41:04
8757,8757,65.0,WARNING,False,2026-09-28 06:41:04
8758,8758,65.0,WARNING,False,2026-09-28 06:41:04
8759,8759,65.0,WARNING,False,2026-09-28 06:41:04
8760,8760,65.0,WARNING,False,2026-09-28 06:41:04
8761,8761,65.0,WARNING,False,2026-09-28 06:41:04
8762,8762,65.0,WARNING,False,2026-09-28 06:41:04
8763,8763,65.0,WARNING,False,2026-09-28 06:41:04
8764,8764,65.0,WARNING,False,2026-09-28 06:41:04
8765,8765,65.0,WARNING,False,2026-09-28 06:41:04
8766,8766,65.0,WARNING,False,2026-09-28 06:41:04
8767,8767,65.0,WARNING,False,2026-09-28 06:41:04
8768,8768,65.0,WARNING,False,2026-09-28 06:41:04
8769,8769,65.0,WARNING,False,2026-09-28 06:41:04
8770,8770,65.0,WARNING,False,2026-09-28 06:41:04
8771,8771,65.0,WARNING,False,2026-09-28 06:41:04
8772,8772,65.0,WARNING,False,2026-09-28 06:41:04
8773,8773,65.0,WARNING,False,2026-09-28 06:41:04
8774,8774,65.0,WARNING,False,2026-09-28 06:41:04
8775,8775,65.0,WARNING,False,2026-09-28 06:41:04
8776,8776,65.0,WARNING,False,2026-09-28 06:41:04
8777,8777,65.0,WARNING,False,2026-09-28 06:41:04
8778,8778,65.0,WARNING,False,2026-09-28 06:41:04
8779,8779,65.0,WARNING,False,2026-09-28 06:41:04
8780,8780,65.0,WARNING,False,2026-09-28 06:41:04
8781,8781,65.0,WARNING,False,2026-09-28 06:41:04
8782,8782,65.0,WARNING,False,2026-09-28 06:41:04
8783,8783,65.0,WARNING,False,2026-09-28 06:41:04
8784,8784,65.0,WARNING,False,2026-09-28 06:41:04
8785,8785,65.0,WARNING,False,2026-09-28 06:41:04
8786,8786,65.0,WARNING,False,2026-09-28 06:41:04
8787,8787,65.0,WARNING,False,2026-09-28 06:41:04
8788,8788,65.0,WARNING,False,2026-09-28 06:41:04
8789,8789,65.0,WARNING,False,2026-09-28 06:41:04
8790,8790,65.0,WARNING,False,2026-09-28 06:41:04
8791,8791,65.0,WARNING,False,2026-09-28 06:41:04
8792,8792,65.0,WARNING,False,2026-09-28 06:41:04
8793,8793,65.0,WARNING,False,2026-09-28 06:41:04
8794,8794,65.0,WARNING,False,2026-09-28 06:41:04
8795,8795,65.0,WARNING,False,2026-09-28 06:41:04
8796,8796,65.0,WARNING,False,2026-09-28 06:41:04
8797,8797,65.0,WARNING,False,2026-09-28 06:41:04
8798,8798,65.0,WARNING,False,2026-09-28 06:41:04
8799,8799,65.0,WARNING,False,2026-09-28 06:41:04
8800,8800,65.0,WARNING,False,2026-09-28 06:41:04
8801,8801,65.0,WARNING,False,2026-09-28 06:41:04
8802,8802,65.0,WARNING,False,2026-09-28 06:41:04
8803,8803,65.0,WARNING,False,2026-09-28 06:41:04
8804,8804,65.0,WARNING,False,2026-09-28 06:41:04
8805,8805,65.0,WARNING,False,2026-09-28 06:41:04
8806,8806,65.0,WARNING,False,2026-09-28 06:41:04
8807,8807,65.0,WARNING,False,2026-09-28 06:41:04
8808,8808,65.0,WARNING,False,2026-09-28 06:41:04
8809,8809,65.0,WARNING,False,2026-09-28 06:41:04
8810,8810,65.0,WARNING,False,2026-09-28 06:41:04
8811,8811,65.0,WARNING,False,2026-09-28 06:41:04
8812,8812,65.0,WARNING,False,2026-09-28 06:41:04
8813,8813,65.0,WARNING,False,2026-09-28 06:41:04
8814,8814,65.0,WARNING,False,2026-09-28 06:41:04
8815,8815,65.0,WARNING,False,2026-09-28 06:41:04
8816,8816,65.0,WARNING,False,2026-09-28 06:41:04
8817,8817,65.0,WARNING,False,2026-09-28 06:41:04
8818,8818,65.0,WARNING,False,2026-09-28 06:41:04
8819,8819,65.0,WARNING,False,2026-09-28 06:41:04
8820,8820,65.0,WARNING,False,2026-09-28 06:41:04
8821,8821,65.0,WARNING,False,2026-09-28 06:41:04
8822,8822,65.0,WARNING,False,2026-09-28 06:41:04
8823,8823,65.0,WARNING,False,2026-09-28 06:41:04
8824,8824,65.0,WARNING,False,2026-09-28 06:41:04
8825,8825,65.0,WARNING,False,2026-09-28 06:41:04
8826,8826,65.0,WARNING,False,2026-09-28 06:41:04
8827,8827,65.0,WARNING,False,2026-09-28 06:41:04
8828,8828,65.0,WARNING,False,2026-09-28 06:41:04
8829,8829,65.0,WARNING,False,2026-09-28 06:41:04
8830,8830,65.0,WARNING,False,2026-09-28 06:41:04
8831,8831,65.0,WARNING,False,2026-09-28 06:41:04
8832,8832,65.0,WARNING,False,2026-09-28 06:41:04
8833,8833,65.0,WARNING,False,2026-09-28 06:41:04
8834,8834,65.0,WARNING,False,2026-09-28 06:41:04
8835,8835,65.0,WARNING,False,2026-09-28 06:41:04
8836,8836,65.0,WARNING,False,2026-09-28 06:41:04
8837,8837,65.0,WARNING,False,2026-09-28 06:41:04
8838,8838,65.0,WARNING,False,2026-09-28 06:41:04
8839,8839,65.0,WARNING,False,2026-09-28 06:41:04
8840,8840,65.0,WARNING,False,2026-09-28 06:41:04
8841,8841,65.0,WARNING,False,2026-09-28 06:41:04
8842,8842,65.0,WARNING,False,2026-09-28 06:41:04
8843,8843,65.0,WARNING,False,2026-09-28 06:41:04
8844,8844,65.0,WARNING,False,2026-09-28 06:41:04
8845,8845,65.0,WARNING,False,2026-09-28 06:41:04
8846,8846,65.0,WARNING,False,2026-09-28 06:41:04
8847,8847,65.0,WARNING,False,2026-09-28 06:41:04
8848,8848,65.0,WARNING,False,2026-09-28 06:41:04
8849,8849,65.0,WARNING,False,2026-09-28 06:41:04
8850,8850,65.0,WARNING,False,2026-09-28 06:41:04
8851,8851,65.0,WARNING,False,2026-09-28 06:41:04
8852,8852,65.0,WARNING,False,2026-09-28 06:41:04
8853,8853,65.0,WARNING,False,2026-09-28 06:41:04
8854,8854,65.0,WARNING,False,2026-09-28 06:41:04
8855,8855,65.0,WARNING,False,2026-09-28 06:41:04
8856,8856,65.0,WARNING,False,2026-09-28 06:41:04
8857,8857,65.0,WARNING,False,2026-09-28 06:41:04
8858,8858,65.0,WARNING,False,2026-09-28 06:41:04
8859,8859,65.0,WARNING,False,2026-09-28 06:41:04
8860,8860,65.0,WARNING,False,2026-09-28 06:41:04
8861,8861,65.0,WARNING,False,2026-09-28 06:41:04
8862,8862,65.0,WARNING,False,2026-09-28 06:41:04
8863,8863,65.0,WARNING,False,2026-09-28 06:41:04
8864,8864,65.0,WARNING,False,2026-09-28 06:41:04
8865,8865,65.0,WARNING,False,2026-09-28 06:41:04
8866,8866,65.0,WARNING,False,2026-09-28 06:41:04
8867,8867,65.0,WARNING,False,2026-09-28 06:41:04
8868,8868,65.0,WARNING,False,2026-09-28 06:41:04
8869,8869,65.0,WARNING,False,2026-09-28 06:41:04
8870,8870,65.0,WARNING,False,2026-09-28 06:41:04
8871,8871,65.0,WARNING,False,2026-09-28 06:41:04
8872,8872,65.0,WARNING,False,2026-09-28 06:41:04
8873,8873,65.0,WARNING,False,2026-09-28 06:41:04
8874,8874,65.0,WARNING,False,2026-09-28 06:41:04
8875,8875,65.0,WARNING,False,2026-09-28 06:41:04
8876,8876,65.0,WARNING,False,2026-09-28 06:41:04
8877,8877,65.0,WARNING,False,2026-09-28 06:41:04
8878,8878,65.0,WARNING,False,2026-09-28 06:41:04
8879,8879,65.0,WARNING,False,2026-09-28 06:41:04
8880,8880,65.0,WARNING,False,2026-09-28 06:41:04
8881,8881,65.0,WARNING,False,2026-09-28 06:41:04
8882,8882,65.0,WARNING,False,2026-09-28 06:41:04
8883,8883,65.0,WARNING,False,2026-09-28 06:41:04
8884,8884,65.0,WARNING,False,2026-09-28 06:41:04
8885,8885,65.0,WARNING,False,2026-09-28 06:41:04
8886,8886,65.0,WARNING,False,2026-09-28 06:41:04
8887,8887,65.0,WARNING,False,2026-09-28 06:41:04
8888,8888,65.0,WARNING,False,2026-09-28 06:41:04
8889,8889,65.0,WARNING,False,2026-09-28 06:41:04
8890,8890,65.0,WARNING,False,2026-09-28 06:41:04
8891,8891,65.0,WARNING,False,2026-09-28 06:41:04
8892,8892,65.0,WARNING,False,2026-09-28 06:41:04
8893,8893,65.0,WARNING,False,2026-09-28 06:41:04
8894,8894,65.0,WARNING,False,2026-09-28 06:41:04
8895,8895,65.0,WARNING,False,2026-09-28 06:41:04
8896,8896,65.0,WARNING,False,2026-09-28 06:41:04
8897,8897,65.0,WARNING,False,2026-09-28 06:41:04
8898,8898,65.0,WARNING,False,2026-09-28 06:41:04
8899,8899,65.0,WARNING,False,2026-09-28 06:41:04
8900,8900,65.0,WARNING,False,2026-09-28 06:41:04
8901,8901,65.0,WARNING,False,2026-09-28 06:41:04
8902,8902,65.0,WARNING,False,2026-09-28 06:41:04
8903,8903,65.0,WARNING,False,2026-09-28 06:41:04
8904,8904,65.0,WARNING,False,2026-09-28 06:41:04
8905,8905,65.0,WARNING,False,2026-09-28 06:41:04
8906,8906,65.0,WARNING,False,2026-09-28 06:41:04
8907,8907,65.0,WARNING,False,2026-09-28 06:41:04
8908,8908,65.0,WARNING,False,2026-09-28 06:41:04
8909,8909,65.0,WARNING,False,2026-09-28 06:41:04
8910,8910,65.0,WARNING,False,2026-09-28 06:41:04
8911,8911,65.0,WARNING,False,2026-09-28 06:41:04
8912,8912,65.0,WARNING,False,2026-09-28 06:41:04
8913,8913,65.0,WARNING,False,2026-09-28 06:41:04
8914,8914,65.0,WARNING,False,2026-09-28 06:41:04
8915,8915,65.0,WARNING,False,2026-09-28 06:41:04
8916,8916,65.0,WARNING,False,2026-09-28 06:41:04
8917,8917,65.0,WARNING,False,2026-09-28 06:41:04
8918,8918,65.0,WARNING,False,2026-09-28 06:41:04
8919,8919,65.0,WARNING,False,2026-09-28 06:41:04
8920,8920,65.0,WARNING,False,2026-09-28 06:41:04
8921,8921,65.0,WARNING,False,2026-09-28 06:41:04
8922,8922,65.0,WARNING,False,2026-09-28 06:41:04
8923,8923,65.0,WARNING,False,2026-09-28 06:41:04
8924,8924,65.0,WARNING,False,2026-09-28 06:41:04
8925,8925,65.0,WARNING,False,2026-09-28 06:41:04
8926,8926,65.0,WARNING,False,2026-09-28 06:41:04
8927,8927,65.0,WARNING,False,2026-09-28 06:41:04
8928,8928,65.0,WARNING,False,2026-09-28 06:41:04
8929,8929,65.0,WARNING,False,2026-09-28 06:41:04
8930,8930,65.0,WARNING,False,2026-09-28 06:41:04
8931,8931,65.0,WARNING,False,2026-09-28 06:41:04
8932,8932,65.0,WARNING,False,2026-09-28 06:41:04
8933,8933,65.0,WARNING,False,2026-09-28 06:41:04
8934,8934,65.0,WARNING,False,2026-09-28 06:41:04
8935,8935,65.0,WARNING,False,2026-09-28 06:41:04
8936,8936,65.0,WARNING,False,2026-09-28 06:41:04
8937,8937,65.0,WARNING,False,2026-09-28 06:41:04
8938,8938,65.0,WARNING,False,2026-09-28 06:41:04
8939,8939,65.0,WARNING,False,2026-09-28 06:41:04
8940,8940,65.0,WARNING,False,2026-09-28 06:41:04
8941,8941,65.0,WARNING,False,2026-09-28 06:41:04
8942,8942,65.0,WARNING,False,2026-09-28 06:41:04
8943,8943,65.0,WARNING,False,2026-09-28 06:41:04
8944,8944,65.0,WARNING,False,2026-09-28 06:41:04
8945,8945,65.0,WARNING,False,2026-09-28 06:41:04
8946,8946,65.0,WARNING,False,2026-09-28 06:41:04
8947,8947,65.0,WARNING,False,2026-09-28 06:41:04
8948,8948,65.0,WARNING,False,2026-09-28 06:41:04
8949,8949,65.0,WARNING,False,2026-09-28 06:41:04
8950,8950,65.0,WARNING,False,2026-09-28 06:41:04
8951,8951,65.0,WARNING,False,2026-09-28 06:41:04
8952,8952,65.0,WARNING,False,2026-09-28 06:41:04
8953,8953,65.0,WARNING,False,2026-09-28 06:41:04
8954,8954,65.0,WARNING,False,2026-09-28 06:41:04
8955,8955,65.0,WARNING,False,2026-09-28 06:41:04
8956,8956,65.0,WARNING,False,2026-09-28 06:41:04
8957,8957,65.0,WARNING,False,2026-09-28 06:41:04
8958,8958,65.0,WARNING,False,2026-09-28 06:41:04
8959,8959,65.0,WARNING,False,2026-09-28 06:41:04
8960,8960,65.0,WARNING,False,2026-09-28 06:41:04
8961,8961,65.0,WARNING,False,2026-09-28 06:41:04
8962,8962,65.0,WARNING,False,2026-09-28 06:41:04
8963,8963,65.0,WARNING,False,2026-09-28 06:41:04
8964,8964,65.0,WARNING,False,2026-09-28 06:41:04
8965,8965,65.0,WARNING,False,2026-09-28 06:41:04
8966,8966,65.0,WARNING,False,2026-09-28 06:41:04
8967,8967,65.0,WARNING,False,2026-09-28 06:41:04
8968,8968,65.0,WARNING,False,2026-09-28 06:41:04
8969,8969,65.0,WARNING,False,2026-09-28 06:41:04
8970,8970,65.0,WARNING,False,2026-09-28 06:41:04
8971,8971,65.0,WARNING,False,2026-09-28 06:41:04
8972,8972,65.0,WARNING,False,2026-09-28 06:41:04
8973,8973,65.0,WARNING,False,2026-09-28 06:41:04
8974,8974,65.0,WARNING,False,2026-09-28 06:41:04
8975,8975,65.0,WARNING,False,2026-09-28 06:41:04
8976,8976,65.0,WARNING,False,2026-09-28 06:41:04
8977,8977,65.0,WARNING,False,2026-09-28 06:41:04
8978,8978,65.0,WARNING,False,2026-09-28 06:41:04
8979,8979,65.0,WARNING,False,2026-09-28 06:41:04
8980,8980,65.0,WARNING,False,2026-09-28 06:41:04
8981,8981,65.0,WARNING,False,2026-09-28 06:41:04
8982,8982,65.0,WARNING,False,2026-09-28 06:41:04
8983,8983,65.0,WARNING,False,2026-09-28 06:41:04
8984,8984,65.0,WARNING,False,2026-09-28 06:41:04
8985,8985,65.0,WARNING,False,2026-09-28 06:41:04
8986,8986,65.0,WARNING,False,2026-09-28 06:41:04
8987,8987,65.0,WARNING,False,2026-09-28 06:41:04
8988,8988,65.0,WARNING,False,2026-09-28 06:41:04
8989,8989,65.0,WARNING,False,2026-09-28 06:41:04
8990,8990,65.0,WARNING,False,2026-09-28 06:41:04
8991,8991,65.0,WARNING,False,2026-09-28 06:41:04
8992,8992,65.0,WARNING,False,2026-09-28 06:41:04
8993,8993,65.0,WARNING,False,2026-09-28 06:41:04
8994,8994,65.0,WARNING,False,2026-09-28 06:41:04
8995,8995,65.0,WARNING,False,2026-09-28 06:41:04
8996,8996,65.0,WARNING,False,2026-09-28 06:41:04
8997,8997,65.0,WARNING,False,2026-09-28 06:41:04
8998,8998,65.0,WARNING,False,2026-09-28 06:41:04
8999,8999,65.0,WARNING,False,2026-09-28 06:41:04
9000,9000,65.0,WARNING,False,2026-09-28 06:41:04
9001,9001,65.0,WARNING,False,2026-09-28 06:41:04
9002,9002,65.0,WARNING,False,2026-09-28 06:41:04
9003,9003,65.0,WARNING,False,2026-09-28 06:41:04
9004,9004,65.0,WARNING,False,2026-09-28 06:41:04
9005,9005,65.0,WARNING,False,2026-09-28 06:41:04
9006,9006,65.0,WARNING,False,2026-09-28 06:41:04
9007,9007,65.0,WARNING,False,2026-09-28 06:41:04
9008,9008,65.0,WARNING,False,2026-09-28 06:41:04
9009,9009,65.0,WARNING,False,2026-09-28 06:41:04
9010,9010,65.0,WARNING,False,2026-09-28 06:41:04
9011,9011,65.0,WARNING,False,2026-09-28 06:41:04
9012,9012,65.0,WARNING,False,2026-09-28 06:41:04
9013,9013,65.0,WARNING,False,2026-09-28 06:41:04
9014,9014,65.0,WARNING,False,2026-09-28 06:41:04
9015,9015,65.0,WARNING,False,2026-09-28 06:41:04
9016,9016,65.0,WARNING,False,2026-09-28 06:41:04
9017,9017,65.0,WARNING,False,2026-09-28 06:41:04
9018,9018,65.0,WARNING,False,2026-09-28 06:41:04
9019,9019,65.0,WARNING,False,2026-09-28 06:41:04
9020,9020,65.0,WARNING,False,2026-09-28 06:41:04
9021,9021,65.0,WARNING,False,2026-09-28 06:41:04
9022,9022,65.0,WARNING,False,2026-09-28 06:41:04
9023,9023,65.0,WARNING,False,2026-09-28 06:41:04
9024,9024,65.0,WARNING,False,2026-09-28 06:41:04
9025,9025,65.0,WARNING,False,2026-09-28 06:41:04
9026,9026,65.0,WARNING,False,2026-09-28 06:41:04
9027,9027,65.0,WARNING,False,2026-09-28 06:41:04
9028,9028,65.0,WARNING,False,2026-09-28 06:41:04
9029,9029,65.0,WARNING,False,2026-09-28 06:41:04
9030,9030,65.0,WARNING,False,2026-09-28 06:41:04
9031,9031,65.0,WARNING,False,2026-09-28 06:41:04
9032,9032,65.0,WARNING,False,2026-09-28 06:41:04
9033,9033,65.0,WARNING,False,2026-09-28 06:41:04
9034,9034,65.0,WARNING,False,2026-09-28 06:41:04
9035,9035,65.0,WARNING,False,2026-09-28 06:41:04
9036,9036,65.0,WARNING,False,2026-09-28 06:41:04
9037,9037,65.0,WARNING,False,2026-09-28 06:41:04
9038,9038,65.0,WARNING,False,2026-09-28 06:41:04
9039,9039,65.0,WARNING,False,2026-09-28 06:41:04
9040,9040,65.0,WARNING,False,2026-09-28 06:41:04
9041,9041,65.0,WARNING,False,2026-09-28 06:41:04
9042,9042,65.0,WARNING,False,2026-09-28 06:41:04
9043,9043,65.0,WARNING,False,2026-09-28 06:41:04
9044,9044,65.0,WARNING,False,2026-09-28 06:41:04
9045,9045,65.0,WARNING,False,2026-09-28 06:41:04
9046,9046,65.0,WARNING,False,2026-09-28 06:41:04
9047,9047,65.0,WARNING,False,2026-09-28 06:41:04
9048,9048,65.0,WARNING,False,2026-09-28 06:41:04
9049,9049,65.0,WARNING,False,2026-09-28 06:41:04
9050,9050,65.0,WARNING,False,2026-09-28 06:41:04
9051,9051,65.0,WARNING,False,2026-09-28 06:41:04
9052,9052,65.0,WARNING,False,2026-09-28 06:41:04
9053,9053,65.0,WARNING,False,2026-09-28 06:41:04
9054,9054,65.0,WARNING,False,2026-09-28 06:41:04
9055,9055,65.0,WARNING,False,2026-09-28 06:41:04
9056,9056,65.0,WARNING,False,2026-09-28 06:41:04
9057,9057,65.0,WARNING,False,2026-09-28 06:41:04
9058,9058,65.0,WARNING,False,2026-09-28 06:41:04
9059,9059,65.0,WARNING,False,2026-09-28 06:41:04
9060,9060,65.0,WARNING,False,2026-09-28 06:41:04
9061,9061,65.0,WARNING,False,2026-09-28 06:41:04
9062,9062,65.0,WARNING,False,2026-09-28 06:41:04
9063,9063,65.0,WARNING,False,2026-09-28 06:41:04
9064,9064,65.0,WARNING,False,2026-09-28 06:41:04
9065,9065,65.0,WARNING,False,2026-09-28 06:41:04
9066,9066,65.0,WARNING,False,2026-09-28 06:41:04
9067,9067,65.0,WARNING,False,2026-09-28 06:41:04
9068,9068,65.0,WARNING,False,2026-09-28 06:41:04
9069,9069,65.0,WARNING,False,2026-09-28 06:41:04
9070,9070,65.0,WARNING,False,2026-09-28 06:41:04
9071,9071,65.0,WARNING,False,2026-09-28 06:41:04
9072,9072,65.0,WARNING,False,2026-09-28 06:41:04
9073,9073,65.0,WARNING,False,2026-09-28 06:41:04
9074,9074,65.0,WARNING,False,2026-09-28 06:41:04
9075,9075,65.0,WARNING,False,2026-09-28 06:41:04
9076,9076,65.0,WARNING,False,2026-09-28 06:41:04
9077,9077,65.0,WARNING,False,2026-09-28 06:41:04
9078,9078,65.0,WARNING,False,2026-09-28 06:41:04
9079,9079,65.0,WARNING,False,2026-09-28 06:41:04
9080,9080,65.0,WARNING,False,2026-09-28 06:41:04
9081,9081,65.0,WARNING,False,2026-09-28 06:41:04
9082,9082,65.0,WARNING,False,2026-09-28 06:41:04
9083,9083,65.0,WARNING,False,2026-09-28 06:41:04
9084,9084,65.0,WARNING,False,2026-09-28 06:41:04
9085,9085,65.0,WARNING,False,2026-09-28 06:41:04
9086,9086,65.0,WARNING,False,2026-09-28 06:41:04
9087,9087,65.0,WARNING,False,2026-09-28 06:41:04
9088,9088,65.0,WARNING,False,2026-09-28 06:41:04
9089,9089,65.0,WARNING,False,2026-09-28 06:41:04
9090,9090,65.0,WARNING,False,2026-09-28 06:41:04
9091,9091,65.0,WARNING,False,2026-09-28 06:41:04
9092,9092,65.0,WARNING,False,2026-09-28 06:41:04
9093,9093,65.0,WARNING,False,2026-09-28 06:41:04
9094,9094,65.0,WARNING,False,2026-09-28 06:41:04
9095,9095,65.0,WARNING,False,2026-09-28 06:41:04
9096,9096,65.0,WARNING,False,2026-09-28 06:41:04
9097,9097,65.0,WARNING,False,2026-09-28 06:41:04
9098,9098,65.0,WARNING,False,2026-09-28 06:41:04
9099,9099,65.0,WARNING,False,2026-09-28 06:41:04
9100,9100,65.0,WARNING,False,2026-09-28 06:41:04
9101,9101,65.0,WARNING,False,2026-09-28 06:41:04
9102,9102,65.0,WARNING,False,2026-09-28 06:41:04
9103,9103,65.0,WARNING,False,2026-09-28 06:41:04
9104,9104,65.0,WARNING,False,2026-09-28 06:41:04
9105,9105,65.0,WARNING,False,2026-09-28 06:41:04
9106,9106,65.0,WARNING,False,2026-09-28 06:41:04
9107,9107,65.0,WARNING,False,2026-09-28 06:41:04
9108,9108,65.0,WARNING,False,2026-09-28 06:41:04
9109,9109,65.0,WARNING,False,2026-09-28 06:41:04
9110,9110,65.0,WARNING,False,2026-09-28 06:41:04
9111,9111,65.0,WARNING,False,2026-09-28 06:41:04
9112,9112,65.0,WARNING,False,2026-09-28 06:41:04
9113,9113,65.0,WARNING,False,2026-09-28 06:41:04
9114,9114,65.0,WARNING,False,2026-09-28 06:41:04
9115,9115,65.0,WARNING,False,2026-09-28 06:41:04
9116,9116,65.0,WARNING,False,2026-09-28 06:41:04
9117,9117,65.0,WARNING,False,2026-09-28 06:41:04
9118,9118,65.0,WARNING,False,2026-09-28 06:41:04
9119,9119,65.0,WARNING,False,2026-09-28 06:41:04
9120,9120,65.0,WARNING,False,2026-09-28 06:41:04
9121,9121,65.0,WARNING,False,2026-09-28 06:41:04
9122,9122,65.0,WARNING,False,2026-09-28 06:41:04
9123,9123,65.0,WARNING,False,2026-09-28 06:41:04
9124,9124,65.0,WARNING,False,2026-09-28 06:41:04
9125,9125,65.0,WARNING,False,2026-09-28 06:41:04
9126,9126,65.0,WARNING,False,2026-09-28 06:41:04
9127,9127,65.0,WARNING,False,2026-09-28 06:41:04
9128,9128,65.0,WARNING,False,2026-09-28 06:41:04
9129,9129,65.0,WARNING,False,2026-09-28 06:41:04
9130,9130,65.0,WARNING,False,2026-09-28 06:41:04
9131,9131,65.0,WARNING,False,2026-09-28 06:41:04
9132,9132,65.0,WARNING,False,2026-09-28 06:41:04
9133,9133,65.0,WARNING,False,2026-09-28 06:41:04
9134,9134,65.0,WARNING,False,2026-09-28 06:41:04
9135,9135,65.0,WARNING,False,2026-09-28 06:41:04
9136,9136,65.0,WARNING,False,2026-09-28 06:41:04
9137,9137,65.0,WARNING,False,2026-09-28 06:41:04
9138,9138,65.0,WARNING,False,2026-09-28 06:41:04
9139,9139,65.0,WARNING,False,2026-09-28 06:41:04
9140,9140,65.0,WARNING,False,2026-09-28 06:41:04
9141,9141,65.0,WARNING,False,2026-09-28 06:41:04
9142,9142,65.0,WARNING,False,2026-09-28 06:41:04
9143,9143,65.0,WARNING,False,2026-09-28 06:41:04
9144,9144,65.0,WARNING,False,2026-09-28 06:41:04
9145,9145,65.0,WARNING,False,2026-09-28 06:41:04
9146,9146,65.0,WARNING,False,2026-09-28 06:41:04
9147,9147,65.0,WARNING,False,2026-09-28 06:41:04
9148,9148,65.0,WARNING,False,2026-09-28 06:41:04
9149,9149,65.0,WARNING,False,2026-09-28 06:41:04
9150,9150,65.0,WARNING,False,2026-09-28 06:41:04
9151,9151,65.0,WARNING,False,2026-09-28 06:41:04
9152,9152,65.0,WARNING,False,2026-09-28 06:41:04
9153,9153,65.0,WARNING,False,2026-09-28 06:41:04
9154,9154,65.0,WARNING,False,2026-09-28 06:41:04
9155,9155,65.0,WARNING,False,2026-09-28 06:41:04
9156,9156,65.0,WARNING,False,2026-09-28 06:41:04
9157,9157,65.0,WARNING,False,2026-09-28 06:41:04
9158,9158,65.0,WARNING,False,2026-09-28 06:41:04
9159,9159,65.0,WARNING,False,2026-09-28 06:41:04
9160,9160,65.0,WARNING,False,2026-09-28 06:41:04
9161,9161,65.0,WARNING,False,2026-09-28 06:41:04
9162,9162,65.0,WARNING,False,2026-09-28 06:41:04
9163,9163,65.0,WARNING,False,2026-09-28 06:41:04
9164,9164,65.0,WARNING,False,2026-09-28 06:41:04
9165,9165,65.0,WARNING,False,2026-09-28 06:41:04
9166,9166,65.0,WARNING,False,2026-09-28 06:41:04
9167,9167,65.0,WARNING,False,2026-09-28 06:41:04
9168,9168,65.0,WARNING,False,2026-09-28 06:41:04
9169,9169,65.0,WARNING,False,2026-09-28 06:41:04
9170,9170,65.0,WARNING,False,2026-09-28 06:41:04
9171,9171,65.0,WARNING,False,2026-09-28 06:41:04
9172,9172,65.0,WARNING,False,2026-09-28 06:41:04
9173,9173,65.0,WARNING,False,2026-09-28 06:41:04
9174,9174,65.0,WARNING,False,2026-09-28 06:41:04
9175,9175,65.0,WARNING,False,2026-09-28 06:41:04
9176,9176,65.0,WARNING,False,2026-09-28 06:41:04
9177,9177,65.0,WARNING,False,2026-09-28 06:41:04
9178,9178,65.0,WARNING,False,2026-09-28 06:41:04
9179,9179,65.0,WARNING,False,2026-09-28 06:41:04
9180,9180,65.0,WARNING,False,2026-09-28 06:41:04
9181,9181,65.0,WARNING,False,2026-09-28 06:41:04
9182,9182,65.0,WARNING,False,2026-09-28 06:41:04
9183,9183,65.0,WARNING,False,2026-09-28 06:41:04
9184,9184,65.0,WARNING,False,2026-09-28 06:41:04
9185,9185,65.0,WARNING,False,2026-09-28 06:41:04
9186,9186,65.0,WARNING,False,2026-09-28 06:41:04
9187,9187,65.0,WARNING,False,2026-09-28 06:41:04
9188,9188,65.0,WARNING,False,2026-09-28 06:41:04
9189,9189,65.0,WARNING,False,2026-09-28 06:41:04
9190,9190,65.0,WARNING,False,2026-09-28 06:41:04
9191,9191,65.0,WARNING,False,2026-09-28 06:41:04
9192,9192,65.0,WARNING,False,2026-09-28 06:41:04
9193,9193,65.0,WARNING,False,2026-09-28 06:41:04
9194,9194,65.0,WARNING,False,2026-09-28 06:41:04
9195,9195,65.0,WARNING,False,2026-09-28 06:41:04
9196,9196,65.0,WARNING,False,2026-09-28 06:41:04
9197,9197,65.0,WARNING,False,2026-09-28 06:41:04
9198,9198,65.0,WARNING,False,2026-09-28 06:41:04
9199,9199,65.0,WARNING,False,2026-09-28 06:41:04
9200,9200,65.0,WARNING,False,2026-09-28 06:41:04
9201,9201,65.0,WARNING,False,2026-09-28 06:41:04
9202,9202,65.0,WARNING,False,2026-09-28 06:41:04
9203,9203,65.0,WARNING,False,2026-09-28 06:41:04
9204,9204,65.0,WARNING,False,2026-09-28 06:41:04
9205,9205,65.0,WARNING,False,2026-09-28 06:41:04
9206,9206,65.0,WARNING,False,2026-09-28 06:41:04
9207,9207,65.0,WARNING,False,2026-09-28 06:41:04
9208,9208,65.0,WARNING,False,2026-09-28 06:41:04
9209,9209,65.0,WARNING,False,2026-09-28 06:41:04
9210,9210,65.0,WARNING,False,2026-09-28 06:41:04
9211,9211,65.0,WARNING,False,2026-09-28 06:41:04
9212,9212,65.0,WARNING,False,2026-09-28 06:41:04
9213,9213,65.0,WARNING,False,2026-09-28 06:41:04
9214,9214,65.0,WARNING,False,2026-09-28 06:41:04
9215,9215,65.0,WARNING,False,2026-09-28 06:41:04
9216,9216,65.0,WARNING,False,2026-09-28 06:41:04
9217,9217,65.0,WARNING,False,2026-09-28 06:41:04
9218,9218,65.0,WARNING,False,2026-09-28 06:41:04
9219,9219,65.0,WARNING,False,2026-09-28 06:41:04
9220,9220,65.0,WARNING,False,2026-09-28 06:41:04
9221,9221,65.0,WARNING,False,2026-09-28 06:41:04
9222,9222,65.0,WARNING,False,2026-09-28 06:41:04
9223,9223,65.0,WARNING,False,2026-09-28 06:41:04
9224,9224,65.0,WARNING,False,2026-09-28 06:41:04
9225,9225,65.0,WARNING,False,2026-09-28 06:41:04
9226,9226,65.0,WARNING,False,2026-09-28 06:41:04
9227,9227,65.0,WARNING,False,2026-09-28 06:41:04
9228,9228,65.0,WARNING,False,2026-09-28 06:41:04
9229,9229,65.0,WARNING,False,2026-09-28 06:41:04
9230,9230,65.0,WARNING,False,2026-09-28 06:41:04
9231,9231,65.0,WARNING,False,2026-09-28 06:41:04
9232,9232,65.0,WARNING,False,2026-09-28 06:41:04
9233,9233,65.0,WARNING,False,2026-09-28 06:41:04
9234,9234,65.0,WARNING,False,2026-09-28 06:41:04
9235,9235,65.0,WARNING,False,2026-09-28 06:41:04
9236,9236,65.0,WARNING,False,2026-09-28 06:41:04
9237,9237,65.0,WARNING,False,2026-09-28 06:41:04
9238,9238,65.0,WARNING,False,2026-09-28 06:41:04
9239,9239,65.0,WARNING,False,2026-09-28 06:41:04
9240,9240,65.0,WARNING,False,2026-09-28 06:41:04
9241,9241,65.0,WARNING,False,2026-09-28 06:41:04
9242,9242,65.0,WARNING,False,2026-09-28 06:41:04
9243,9243,65.0,WARNING,False,2026-09-28 06:41:04
9244,9244,65.0,WARNING,False,2026-09-28 06:41:04
9245,9245,65.0,WARNING,False,2026-09-28 06:41:04
9246,9246,65.0,WARNING,False,2026-09-28 06:41:04
9247,9247,65.0,WARNING,False,2026-09-28 06:41:04
9248,9248,65.0,WARNING,False,2026-09-28 06:41:04
9249,9249,65.0,WARNING,False,2026-09-28 06:41:04
9250,9250,65.0,WARNING,False,2026-09-28 06:41:04
9251,9251,65.0,WARNING,False,2026-09-28 06:41:04
9252,9252,65.0,WARNING,False,2026-09-28 06:41:04
9253,9253,65.0,WARNING,False,2026-09-28 06:41:04
9254,9254,65.0,WARNING,False,2026-09-28 06:41:04
9255,9255,65.0,WARNING,False,2026-09-28 06:41:04
9256,9256,65.0,WARNING,False,2026-09-28 06:41:04
9257,9257,65.0,WARNING,False,2026-09-28 06:41:04
9258,9258,65.0,WARNING,False,2026-09-28 06:41:04
9259,9259,65.0,WARNING,False,2026-09-28 06:41:04
9260,9260,65.0,WARNING,False,2026-09-28 06:41:04
9261,9261,65.0,WARNING,False,2026-09-28 06:41:04
9262,9262,65.0,WARNING,False,2026-09-28 06:41:04
9263,9263,65.0,WARNING,False,2026-09-28 06:41:04
9264,9264,65.0,WARNING,False,2026-09-28 06:41:04
9265,9265,65.0,WARNING,False,2026-09-28 06:41:04
9266,9266,65.0,WARNING,False,2026-09-28 06:41:04
9267,9267,65.0,WARNING,False,2026-09-28 06:41:04
9268,9268,65.0,WARNING,False,2026-09-28 06:41:04
9269,9269,65.0,WARNING,False,2026-09-28 06:41:04
9270,9270,65.0,WARNING,False,2026-09-28 06:41:04
9271,9271,65.0,WARNING,False,2026-09-28 06:41:04
9272,9272,65.0,WARNING,False,2026-09-28 06:41:04
9273,9273,65.0,WARNING,False,2026-09-28 06:41:04
9274,9274,65.0,WARNING,False,2026-09-28 06:41:04
9275,9275,65.0,WARNING,False,2026-09-28 06:41:04
9276,9276,65.0,WARNING,False,2026-09-28 06:41:04
9277,9277,65.0,WARNING,False,2026-09-28 06:41:04
9278,9278,65.0,WARNING,False,2026-09-28 06:41:04
9279,9279,65.0,WARNING,False,2026-09-28 06:41:04
9280,9280,65.0,WARNING,False,2026-09-28 06:41:04
9281,9281,65.0,WARNING,False,2026-09-28 06:41:04
9282,9282,65.0,WARNING,False,2026-09-28 06:41:04
9283,9283,65.0,WARNING,False,2026-09-28 06:41:04
9284,9284,65.0,WARNING,False,2026-09-28 06:41:04
9285,9285,65.0,WARNING,False,2026-09-28 06:41:04
9286,9286,65.0,WARNING,False,2026-09-28 06:41:04
9287,9287,65.0,WARNING,False,2026-09-28 06:41:04
9288,9288,65.0,WARNING,False,2026-09-28 06:41:04
9289,9289,65.0,WARNING,False,2026-09-28 06:41:04
9290,9290,65.0,WARNING,False,2026-09-28 06:41:04
9291,9291,65.0,WARNING,False,2026-09-28 06:41:04
9292,9292,65.0,WARNING,False,2026-09-28 06:41:04
9293,9293,65.0,WARNING,False,2026-09-28 06:41:04
9294,9294,65.0,WARNING,False,2026-09-28 06:41:04
9295,9295,65.0,WARNING,False,2026-09-28 06:41:04
9296,9296,65.0,WARNING,False,2026-09-28 06:41:04
9297,9297,65.0,WARNING,False,2026-09-28 06:41:04
9298,9298,65.0,WARNING,False,2026-09-28 06:41:04
9299,9299,65.0,WARNING,False,2026-09-28 06:41:04
9300,9300,65.0,WARNING,False,2026-09-28 06:41:04
9301,9301,65.0,WARNING,False,2026-09-28 06:41:04
9302,9302,65.0,WARNING,False,2026-09-28 06:41:04
9303,9303,65.0,WARNING,False,2026-09-28 06:41:04
9304,9304,65.0,WARNING,False,2026-09-28 06:41:04
9305,9305,65.0,WARNING,False,2026-09-28 06:41:04
9306,9306,65.0,WARNING,False,2026-09-28 06:41:04
9307,9307,65.0,WARNING,False,2026-09-28 06:41:04
9308,9308,65.0,WARNING,False,2026-09-28 06:41:04
9309,9309,65.0,WARNING,False,2026-09-28 06:41:04
9310,9310,65.0,WARNING,False,2026-09-28 06:41:04
9311,9311,65.0,WARNING,False,2026-09-28 06:41:04
9312,9312,65.0,WARNING,False,2026-09-28 06:41:04
9313,9313,65.0,WARNING,False,2026-09-28 06:41:04
9314,9314,65.0,WARNING,False,2026-09-28 06:41:04
9315,9315,65.0,WARNING,False,2026-09-28 06:41:04
9316,9316,65.0,WARNING,False,2026-09-28 06:41:04
9317,9317,65.0,WARNING,False,2026-09-28 06:41:04
9318,9318,65.0,WARNING,False,2026-09-28 06:41:04
9319,9319,65.0,WARNING,False,2026-09-28 06:41:04
9320,9320,65.0,WARNING,False,2026-09-28 06:41:04
9321,9321,65.0,WARNING,False,2026-09-28 06:41:04
9322,9322,65.0,WARNING,False,2026-09-28 06:41:04
9323,9323,65.0,WARNING,False,2026-09-28 06:41:04
9324,9324,65.0,WARNING,False,2026-09-28 06:41:04
9325,9325,65.0,WARNING,False,2026-09-28 06:41:04
9326,9326,65.0,WARNING,False,2026-09-28 06:41:04
9327,9327,65.0,WARNING,False,2026-09-28 06:41:04
9328,9328,65.0,WARNING,False,2026-09-28 06:41:04
9329,9329,65.0,WARNING,False,2026-09-28 06:41:04
9330,9330,65.0,WARNING,False,2026-09-28 06:41:04
9331,9331,65.0,WARNING,False,2026-09-28 06:41:04
9332,9332,65.0,WARNING,False,2026-09-28 06:41:04
9333,9333,65.0,WARNING,False,2026-09-28 06:41:04
9334,9334,65.0,WARNING,False,2026-09-28 06:41:04
9335,9335,65.0,WARNING,False,2026-09-28 06:41:04
9336,9336,65.0,WARNING,False,2026-09-28 06:41:04
9337,9337,65.0,WARNING,False,2026-09-28 06:41:04
9338,9338,65.0,WARNING,False,2026-09-28 06:41:04
9339,9339,65.0,WARNING,False,2026-09-28 06:41:04
9340,9340,65.0,WARNING,False,2026-09-28 06:41:04
9341,9341,65.0,WARNING,False,2026-09-28 06:41:04
9342,9342,65.0,WARNING,False,2026-09-28 06:41:04
9343,9343,65.0,WARNING,False,2026-09-28 06:41:04
9344,9344,65.0,WARNING,False,2026-09-28 06:41:04
9345,9345,65.0,WARNING,False,2026-09-28 06:41:04
9346,9346,65.0,WARNING,False,2026-09-28 06:41:04
9347,9347,65.0,WARNING,False,2026-09-28 06:41:04
9348,9348,65.0,WARNING,False,2026-09-28 06:41:04
9349,9349,65.0,WARNING,False,2026-09-28 06:41:04
9350,9350,65.0,WARNING,False,2026-09-28 06:41:04
9351,9351,65.0,WARNING,False,2026-09-28 06:41:04
9352,9352,65.0,WARNING,False,2026-09-28 06:41:04
9353,9353,65.0,WARNING,False,2026-09-28 06:41:04
9354,9354,65.0,WARNING,False,2026-09-28 06:41:04
9355,9355,65.0,WARNING,False,2026-09-28 06:41:04
9356,9356,65.0,WARNING,False,2026-09-28 06:41:04
9357,9357,65.0,WARNING,False,2026-09-28 06:41:04
9358,9358,65.0,WARNING,False,2026-09-28 06:41:04
9359,9359,65.0,WARNING,False,2026-09-28 06:41:04
9360,9360,65.0,WARNING,False,2026-09-28 06:41:04
9361,9361,65.0,WARNING,False,2026-09-28 06:41:04
9362,9362,65.0,WARNING,False,2026-09-28 06:41:04
9363,9363,65.0,WARNING,False,2026-09-28 06:41:04
9364,9364,65.0,WARNING,False,2026-09-28 06:41:04
9365,9365,65.0,WARNING,False,2026-09-28 06:41:04
9366,9366,65.0,WARNING,False,2026-09-28 06:41:04
9367,9367,65.0,WARNING,False,2026-09-28 06:41:04
9368,9368,65.0,WARNING,False,2026-09-28 06:41:04
9369,9369,65.0,WARNING,False,2026-09-28 06:41:04
9370,9370,65.0,WARNING,False,2026-09-28 06:41:04
9371,9371,65.0,WARNING,False,2026-09-28 06:41:04
9372,9372,65.0,WARNING,False,2026-09-28 06:41:04
9373,9373,65.0,WARNING,False,2026-09-28 06:41:04
9374,9374,65.0,WARNING,False,2026-09-28 06:41:04
9375,9375,65.0,WARNING,False,2026-09-28 06:41:04
9376,9376,65.0,WARNING,False,2026-09-28 06:41:04
9377,9377,65.0,WARNING,False,2026-09-28 06:41:04
9378,9378,65.0,WARNING,False,2026-09-28 06:41:04
9379,9379,65.0,WARNING,False,2026-09-28 06:41:04
9380,9380,65.0,WARNING,False,2026-09-28 06:41:04
9381,9381,65.0,WARNING,False,2026-09-28 06:41:04
9382,9382,65.0,WARNING,False,2026-09-28 06:41:04
9383,9383,65.0,WARNING,False,2026-09-28 06:41:04
9384,9384,65.0,WARNING,False,2026-09-28 06:41:04
9385,9385,65.0,WARNING,False,2026-09-28 06:41:04
9386,9386,65.0,WARNING,False,2026-09-28 06:41:04
9387,9387,65.0,WARNING,False,2026-09-28 06:41:04
9388,9388,65.0,WARNING,False,2026-09-28 06:41:04
9389,9389,65.0,WARNING,False,2026-09-28 06:41:04
9390,9390,65.0,WARNING,False,2026-09-28 06:41:04
9391,9391,65.0,WARNING,False,2026-09-28 06:41:04
9392,9392,65.0,WARNING,False,2026-09-28 06:41:04
9393,9393,65.0,WARNING,False,2026-09-28 06:41:04
9394,9394,65.0,WARNING,False,2026-09-28 06:41:04
9395,9395,65.0,WARNING,False,2026-09-28 06:41:04
9396,9396,65.0,WARNING,False,2026-09-28 06:41:04
9397,9397,65.0,WARNING,False,2026-09-28 06:41:04
9398,9398,65.0,WARNING,False,2026-09-28 06:41:04
9399,9399,65.0,WARNING,False,2026-09-28 06:41:04
9400,9400,65.0,WARNING,False,2026-09-28 06:41:04
9401,9401,65.0,WARNING,False,2026-09-28 06:41:04
9402,9402,65.0,WARNING,False,2026-09-28 06:41:04
9403,9403,65.0,WARNING,False,2026-09-28 06:41:04
9404,9404,65.0,WARNING,False,2026-09-28 06:41:04
9405,9405,65.0,WARNING,False,2026-09-28 06:41:04
9406,9406,65.0,WARNING,False,2026-09-28 06:41:04
9407,9407,65.0,WARNING,False,2026-09-28 06:41:04
9408,9408,65.0,WARNING,False,2026-09-28 06:41:04
9409,9409,65.0,WARNING,False,2026-09-28 06:41:04
9410,9410,65.0,WARNING,False,2026-09-28 06:41:04
9411,9411,65.0,WARNING,False,2026-09-28 06:41:04
9412,9412,65.0,WARNING,False,2026-09-28 06:41:04
9413,9413,65.0,WARNING,False,2026-09-28 06:41:04
9414,9414,65.0,WARNING,False,2026-09-28 06:41:04
9415,9415,65.0,WARNING,False,2026-09-28 06:41:04
9416,9416,65.0,WARNING,False,2026-09-28 06:41:04
9417,9417,65.0,WARNING,False,2026-09-28 06:41:04
9418,9418,65.0,WARNING,False,2026-09-28 06:41:04
9419,9419,65.0,WARNING,False,2026-09-28 06:41:04
9420,9420,65.0,WARNING,False,2026-09-28 06:41:04
9421,9421,65.0,WARNING,False,2026-09-28 06:41:04
9422,9422,65.0,WARNING,False,2026-09-28 06:41:04
9423,9423,65.0,WARNING,False,2026-09-28 06:41:04
9424,9424,65.0,WARNING,False,2026-09-28 06:41:04
9425,9425,65.0,WARNING,False,2026-09-28 06:41:04
9426,9426,65.0,WARNING,False,2026-09-28 06:41:04
9427,9427,65.0,WARNING,False,2026-09-28 06:41:04
9428,9428,65.0,WARNING,False,2026-09-28 06:41:04
9429,9429,65.0,WARNING,False,2026-09-28 06:41:04
9430,9430,65.0,WARNING,False,2026-09-28 06:41:04
9431,9431,65.0,WARNING,False,2026-09-28 06:41:04
9432,9432,65.0,WARNING,False,2026-09-28 06:41:04
9433,9433,65.0,WARNING,False,2026-09-28 06:41:04
9434,9434,65.0,WARNING,False,2026-09-28 06:41:04
9435,9435,65.0,WARNING,False,2026-09-28 06:41:04
9436,9436,65.0,WARNING,False,2026-09-28 06:41:04
9437,9437,65.0,WARNING,False,2026-09-28 06:41:04
9438,9438,65.0,WARNING,False,2026-09-28 06:41:04
9439,9439,65.0,WARNING,False,2026-09-28 06:41:04
9440,9440,65.0,WARNING,False,2026-09-28 06:41:04
9441,9441,65.0,WARNING,False,2026-09-28 06:41:04
9442,9442,65.0,WARNING,False,2026-09-28 06:41:04
9443,9443,65.0,WARNING,False,2026-09-28 06:41:04
9444,9444,65.0,WARNING,False,2026-09-28 06:41:04
9445,9445,65.0,WARNING,False,2026-09-28 06:41:04
9446,9446,65.0,WARNING,False,2026-09-28 06:41:04
9447,9447,65.0,WARNING,False,2026-09-28 06:41:04
9448,9448,65.0,WARNING,False,2026-09-28 06:41:04
9449,9449,65.0,WARNING,False,2026-09-28 06:41:04
9450,9450,65.0,WARNING,False,2026-09-28 06:41:04
9451,9451,65.0,WARNING,False,2026-09-28 06:41:04
9452,9452,65.0,WARNING,False,2026-09-28 06:41:04
9453,9453,65.0,WARNING,False,2026-09-28 06:41:04
9454,9454,65.0,WARNING,False,2026-09-28 06:41:04
9455,9455,65.0,WARNING,False,2026-09-28 06:41:04
9456,9456,65.0,WARNING,False,2026-09-28 06:41:04
9457,9457,65.0,WARNING,False,2026-09-28 06:41:04
9458,9458,65.0,WARNING,False,2026-09-28 06:41:04
9459,9459,65.0,WARNING,False,2026-09-28 06:41:04
9460,9460,65.0,WARNING,False,2026-09-28 06:41:04
9461,9461,65.0,WARNING,False,2026-09-28 06:41:04
9462,9462,65.0,WARNING,False,2026-09-28 06:41:04
9463,9463,65.0,WARNING,False,2026-09-28 06:41:04
9464,9464,65.0,WARNING,False,2026-09-28 06:41:04
9465,9465,65.0,WARNING,False,2026-09-28 06:41:04
9466,9466,65.0,WARNING,False,2026-09-28 06:41:04
9467,9467,65.0,WARNING,False,2026-09-28 06:41:04
9468,9468,65.0,WARNING,False,2026-09-28 06:41:04
9469,9469,65.0,WARNING,False,2026-09-28 06:41:04
9470,9470,65.0,WARNING,False,2026-09-28 06:41:04
9471,9471,65.0,WARNING,False,2026-09-28 06:41:04
9472,9472,65.0,WARNING,False,2026-09-28 06:41:04
9473,9473,65.0,WARNING,False,2026-09-28 06:41:04
9474,9474,65.0,WARNING,False,2026-09-28 06:41:04
9475,9475,65.0,WARNING,False,2026-09-28 06:41:04
9476,9476,65.0,WARNING,False,2026-09-28 06:41:04
9477,9477,65.0,WARNING,False,2026-09-28 06:41:04
9478,9478,65.0,WARNING,False,2026-09-28 06:41:04
9479,9479,65.0,WARNING,False,2026-09-28 06:41:04
9480,9480,65.0,WARNING,False,2026-09-28 06:41:04
9481,9481,65.0,WARNING,False,2026-09-28 06:41:04
9482,9482,65.0,WARNING,False,2026-09-28 06:41:04
9483,9483,65.0,WARNING,False,2026-09-28 06:41:04
9484,9484,65.0,WARNING,False,2026-09-28 06:41:04
9485,9485,65.0,WARNING,False,2026-09-28 06:41:04
9486,9486,65.0,WARNING,False,2026-09-28 06:41:04
9487,9487,65.0,WARNING,False,2026-09-28 06:41:04
9488,9488,65.0,WARNING,False,2026-09-28 06:41:04
9489,9489,65.0,WARNING,False,2026-09-28 06:41:04
9490,9490,65.0,WARNING,False,2026-09-28 06:41:04
9491,9491,65.0,WARNING,False,2026-09-28 06:41:04
9492,9492,65.0,WARNING,False,2026-09-28 06:41:04
9493,9493,65.0,WARNING,False,2026-09-28 06:41:04
9494,9494,65.0,WARNING,False,2026-09-28 06:41:04
9495,9495,65.0,WARNING,False,2026-09-28 06:41:04
9496,9496,65.0,WARNING,False,2026-09-28 06:41:04
9497,9497,65.0,WARNING,False,2026-09-28 06:41:04
9498,9498,65.0,WARNING,False,2026-09-28 06:41:04
9499,9499,65.0,WARNING,False,2026-09-28 06:41:04
9500,9500,65.0,WARNING,False,2026-09-28 06:41:04
9501,9501,65.0,WARNING,False,2026-09-28 06:41:04
9502,9502,65.0,WARNING,False,2026-09-28 06:41:04
9503,9503,65.0,WARNING,False,2026-09-28 06:41:04
9504,9504,65.0,WARNING,False,2026-09-28 06:41:04
9505,9505,65.0,WARNING,False,2026-09-28 06:41:04
9506,9506,65.0,WARNING,False,2026-09-28 06:41:04
9507,9507,65.0,WARNING,False,2026-09-28 06:41:04
9508,9508,65.0,WARNING,False,2026-09-28 06:41:04
9509,9509,65.0,WARNING,False,2026-09-28 06:41:04
9510,9510,65.0,WARNING,False,2026-09-28 06:41:04
9511,9511,65.0,WARNING,False,2026-09-28 06:41:04
9512,9512,65.0,WARNING,False,2026-09-28 06:41:04
9513,9513,65.0,WARNING,False,2026-09-28 06:41:04
9514,9514,65.0,WARNING,False,2026-09-28 06:41:04
9515,9515,65.0,WARNING,False,2026-09-28 06:41:04
9516,9516,65.0,WARNING,False,2026-09-28 06:41:04
9517,9517,65.0,WARNING,False,2026-09-28 06:41:04
9518,9518,65.0,WARNING,False,2026-09-28 06:41:04
9519,9519,65.0,WARNING,False,2026-09-28 06:41:04
9520,9520,65.0,WARNING,False,2026-09-28 06:41:04
9521,9521,65.0,WARNING,False,2026-09-28 06:41:04
9522,9522,65.0,WARNING,False,2026-09-28 06:41:04
9523,9523,65.0,WARNING,False,2026-09-28 06:41:04
9524,9524,65.0,WARNING,False,2026-09-28 06:41:04
9525,9525,65.0,WARNING,False,2026-09-28 06:41:04
9526,9526,65.0,WARNING,False,2026-09-28 06:41:04
9527,9527,65.0,WARNING,False,2026-09-28 06:41:04
9528,9528,65.0,WARNING,False,2026-09-28 06:41:04
9529,9529,65.0,WARNING,False,2026-09-28 06:41:04
9530,9530,65.0,WARNING,False,2026-09-28 06:41:04
9531,9531,65.0,WARNING,False,2026-09-28 06:41:04
9532,9532,65.0,WARNING,False,2026-09-28 06:41:04
9533,9533,65.0,WARNING,False,2026-09-28 06:41:04
9534,9534,65.0,WARNING,False,2026-09-28 06:41:04
9535,9535,65.0,WARNING,False,2026-09-28 06:41:04
9536,9536,65.0,WARNING,False,2026-09-28 06:41:04
9537,9537,65.0,WARNING,False,2026-09-28 06:41:04
9538,9538,65.0,WARNING,False,2026-09-28 06:41:04
9539,9539,65.0,WARNING,False,2026-09-28 06:41:04
9540,9540,65.0,WARNING,False,2026-09-28 06:41:04
9541,9541,65.0,WARNING,False,2026-09-28 06:41:04
9542,9542,65.0,WARNING,False,2026-09-28 06:41:04
9543,9543,65.0,WARNING,False,2026-09-28 06:41:04
9544,9544,65.0,WARNING,False,2026-09-28 06:41:04
9545,9545,65.0,WARNING,False,2026-09-28 06:41:04
9546,9546,65.0,WARNING,False,2026-09-28 06:41:04
9547,9547,65.0,WARNING,False,2026-09-28 06:41:04
9548,9548,65.0,WARNING,False,2026-09-28 06:41:04
9549,9549,65.0,WARNING,False,2026-09-28 06:41:04
9550,9550,65.0,WARNING,False,2026-09-28 06:41:04
9551,9551,65.0,WARNING,False,2026-09-28 06:41:04
9552,9552,65.0,WARNING,False,2026-09-28 06:41:04
9553,9553,65.0,WARNING,False,2026-09-28 06:41:04
9554,9554,65.0,WARNING,False,2026-09-28 06:41:04
9555,9555,65.0,WARNING,False,2026-09-28 06:41:04
9556,9556,65.0,WARNING,False,2026-09-28 06:41:04
9557,9557,65.0,WARNING,False,2026-09-28 06:41:04
9558,9558,65.0,WARNING,False,2026-09-28 06:41:04
9559,9559,65.0,WARNING,False,2026-09-28 06:41:04
9560,9560,65.0,WARNING,False,2026-09-28 06:41:04
9561,9561,65.0,WARNING,False,2026-09-28 06:41:04
9562,9562,65.0,WARNING,False,2026-09-28 06:41:04
9563,9563,65.0,WARNING,False,2026-09-28 06:41:04
9564,9564,65.0,WARNING,False,2026-09-28 06:41:04
9565,9565,65.0,WARNING,False,2026-09-28 06:41:04
9566,9566,65.0,WARNING,False,2026-09-28 06:41:04
9567,9567,65.0,WARNING,False,2026-09-28 06:41:04
9568,9568,65.0,WARNING,False,2026-09-28 06:41:04
9569,9569,65.0,WARNING,False,2026-09-28 06:41:04
9570,9570,65.0,WARNING,False,2026-09-28 06:41:04
9571,9571,65.0,WARNING,False,2026-09-28 06:41:04
9572,9572,65.0,WARNING,False,2026-09-28 06:41:04
9573,9573,65.0,WARNING,False,2026-09-28 06:41:04
9574,9574,65.0,WARNING,False,2026-09-28 06:41:04
9575,9575,65.0,WARNING,False,2026-09-28 06:41:04
9576,9576,65.0,WARNING,False,2026-09-28 06:41:04
9577,9577,65.0,WARNING,False,2026-09-28 06:41:04
9578,9578,65.0,WARNING,False,2026-09-28 06:41:04
9579,9579,65.0,WARNING,False,2026-09-28 06:41:04
9580,9580,65.0,WARNING,False,2026-09-28 06:41:04
9581,9581,65.0,WARNING,False,2026-09-28 06:41:04
9582,9582,65.0,WARNING,False,2026-09-28 06:41:04
9583,9583,65.0,WARNING,False,2026-09-28 06:41:04
9584,9584,65.0,WARNING,False,2026-09-28 06:41:04
9585,9585,65.0,WARNING,False,2026-09-28 06:41:04
9586,9586,65.0,WARNING,False,2026-09-28 06:41:04
9587,9587,65.0,WARNING,False,2026-09-28 06:41:04
9588,9588,65.0,WARNING,False,2026-09-28 06:41:04
9589,9589,65.0,WARNING,False,2026-09-28 06:41:04
9590,9590,65.0,WARNING,False,2026-09-28 06:41:04
9591,9591,65.0,WARNING,False,2026-09-28 06:41:04
9592,9592,65.0,WARNING,False,2026-09-28 06:41:04
9593,9593,65.0,WARNING,False,2026-09-28 06:41:04
9594,9594,65.0,WARNING,False,2026-09-28 06:41:04
9595,9595,65.0,WARNING,False,2026-09-28 06:41:04
9596,9596,65.0,WARNING,False,2026-09-28 06:41:04
9597,9597,65.0,WARNING,False,2026-09-28 06:41:04
9598,9598,65.0,WARNING,False,2026-09-28 06:41:04
9599,9599,65.0,WARNING,False,2026-09-28 06:41:04
9600,9600,60.0,WARNING,False,2026-09-28 06:41:04
9601,9601,60.0,WARNING,False,2026-09-28 06:41:04
9602,9602,60.0,WARNING,False,2026-09-28 06:41:04
9603,9603,55.0,WARNING,False,2026-09-28 06:41:04
9604,9604,55.0,WARNING,False,2026-09-28 06:41:04
9605,9605,55.0,WARNING,False,2026-09-28 06:41:04
9606,9606,55.0,WARNING,False,2026-09-28 06:41:04
9607,9607,55.0,WARNING,False,2026-09-28 06:41:04
9608,9608,55.0,WARNING,False,2026-09-28 06:41:04
9609,9609,55.0,WARNING,False,2026-09-28 06:41:04
9610,9610,55.0,WARNING,False,2026-09-28 06:41:04
9611,9611,55.0,WARNING,False,2026-09-28 06:41:04
9612,9612,55.0,WARNING,False,2026-09-28 06:41:04
9613,9613,55.0,WARNING,False,2026-09-28 06:41:04
9614,9614,55.0,WARNING,False,2026-09-28 06:41:04
9615,9615,55.0,WARNING,False,2026-09-28 06:41:04
9616,9616,55.0,WARNING,False,2026-09-28 06:41:04
9617,9617,55.0,WARNING,False,2026-09-28 06:41:04
9618,9618,55.0,WARNING,False,2026-09-28 06:41:04
9619,9619,55.0,WARNING,False,2026-09-28 06:41:04
9620,9620,55.0,WARNING,False,2026-09-28 06:41:04
9621,9621,55.0,WARNING,False,2026-09-28 06:41:04
9622,9622,55.0,WARNING,False,2026-09-28 06:41:04
9623,9623,50.0,WARNING,False,2026-09-28 06:41:04
9624,9624,50.0,WARNING,False,2026-09-28 06:41:04
9625,9625,50.0,WARNING,False,2026-09-28 06:41:04
9626,9626,50.0,WARNING,False,2026-09-28 06:41:04
9627,9627,50.0,WARNING,False,2026-09-28 06:41:04
9628,9628,50.0,WARNING,False,2026-09-28 06:41:04
9629,9629,50.0,WARNING,False,2026-09-28 06:41:04
9630,9630,50.0,WARNING,False,2026-09-28 06:41:04
9631,9631,50.0,WARNING,False,2026-09-28 06:41:04
9632,9632,50.0,WARNING,False,2026-09-28 06:41:04
9633,9633,50.0,WARNING,False,2026-09-28 06:41:04
9634,9634,50.0,WARNING,False,2026-09-28 06:41:04
9635,9635,50.0,WARNING,False,2026-09-28 06:41:04
9636,9636,50.0,WARNING,False,2026-09-28 06:41:04
9637,9637,50.0,WARNING,False,2026-09-28 06:41:04
9638,9638,50.0,WARNING,False,2026-09-28 06:41:04
9639,9639,50.0,WARNING,False,2026-09-28 06:41:04
9640,9640,50.0,WARNING,False,2026-09-28 06:41:04
9641,9641,50.0,WARNING,False,2026-09-28 06:41:04
9642,9642,50.0,WARNING,False,2026-09-28 06:41:04
9643,9643,50.0,WARNING,False,2026-09-28 06:41:04
9644,9644,50.0,WARNING,False,2026-09-28 06:41:04
9645,9645,50.0,WARNING,False,2026-09-28 06:41:04
9646,9646,50.0,WARNING,False,2026-09-28 06:41:04
9647,9647,50.0,WARNING,False,2026-09-28 06:41:04
9648,9648,50.0,WARNING,False,2026-09-28 06:41:04
9649,9649,50.0,WARNING,False,2026-09-28 06:41:04
9650,9650,50.0,WARNING,False,2026-09-28 06:41:04
9651,9651,50.0,WARNING,False,2026-09-28 06:41:04
9652,9652,50.0,WARNING,False,2026-09-28 06:41:04
9653,9653,50.0,WARNING,False,2026-09-28 06:41:04
9654,9654,50.0,WARNING,False,2026-09-28 06:41:04
9655,9655,50.0,WARNING,False,2026-09-28 06:41:04
9656,9656,50.0,WARNING,False,2026-09-28 06:41:04
9657,9657,50.0,WARNING,False,2026-09-28 06:41:04
9658,9658,50.0,WARNING,False,2026-09-28 06:41:04
9659,9659,50.0,WARNING,False,2026-09-28 06:41:04
9660,9660,50.0,WARNING,False,2026-09-28 06:41:04
9661,9661,50.0,WARNING,False,2026-09-28 06:41:04
9662,9662,50.0,WARNING,False,2026-09-28 06:41:04
9663,9663,50.0,WARNING,False,2026-09-28 06:41:04
9664,9664,50.0,WARNING,False,2026-09-28 06:41:04
9665,9665,50.0,WARNING,False,2026-09-28 06:41:04
9666,9666,50.0,WARNING,False,2026-09-28 06:41:04
9667,9667,50.0,WARNING,False,2026-09-28 06:41:04
9668,9668,50.0,WARNING,False,2026-09-28 06:41:04
9669,9669,50.0,WARNING,False,2026-09-28 06:41:04
9670,9670,50.0,WARNING,False,2026-09-28 06:41:04
9671,9671,50.0,WARNING,False,2026-09-28 06:41:04
9672,9672,50.0,WARNING,False,2026-09-28 06:41:04
9673,9673,50.0,WARNING,False,2026-09-28 06:41:04
9674,9674,50.0,WARNING,False,2026-09-28 06:41:04
9675,9675,50.0,WARNING,False,2026-09-28 06:41:04
9676,9676,50.0,WARNING,False,2026-09-28 06:41:04
9677,9677,50.0,WARNING,False,2026-09-28 06:41:04
9678,9678,50.0,WARNING,False,2026-09-28 06:41:04
9679,9679,50.0,WARNING,False,2026-09-28 06:41:04
9680,9680,50.0,WARNING,False,2026-09-28 06:41:04
9681,9681,50.0,WARNING,False,2026-09-28 06:41:04
9682,9682,50.0,WARNING,False,2026-09-28 06:41:04
9683,9683,50.0,WARNING,False,2026-09-28 06:41:04
9684,9684,50.0,WARNING,False,2026-09-28 06:41:04
9685,9685,50.0,WARNING,False,2026-09-28 06:41:04
9686,9686,50.0,WARNING,False,2026-09-28 06:41:04
9687,9687,50.0,WARNING,False,2026-09-28 06:41:04
9688,9688,50.0,WARNING,False,2026-09-28 06:41:04
9689,9689,50.0,WARNING,False,2026-09-28 06:41:04
9690,9690,50.0,WARNING,False,2026-09-28 06:41:04
9691,9691,50.0,WARNING,False,2026-09-28 06:41:04
9692,9692,50.0,WARNING,False,2026-09-28 06:41:04
9693,9693,50.0,WARNING,False,2026-09-28 06:41:04
9694,9694,50.0,WARNING,False,2026-09-28 06:41:04
9695,9695,50.0,WARNING,False,2026-09-28 06:41:04
9696,9696,50.0,WARNING,False,2026-09-28 06:41:04
9697,9697,50.0,WARNING,False,2026-09-28 06:41:04
9698,9698,50.0,WARNING,False,2026-09-28 06:41:04
9699,9699,50.0,WARNING,False,2026-09-28 06:41:04
9700,9700,50.0,WARNING,False,2026-09-28 06:41:04
9701,9701,50.0,WARNING,False,2026-09-28 06:41:04
9702,9702,50.0,WARNING,False,2026-09-28 06:41:04
9703,9703,50.0,WARNING,False,2026-09-28 06:41:04
9704,9704,50.0,WARNING,False,2026-09-28 06:41:04
9705,9705,50.0,WARNING,False,2026-09-28 06:41:04
9706,9706,50.0,WARNING,False,2026-09-28 06:41:04
9707,9707,50.0,WARNING,False,2026-09-28 06:41:04
9708,9708,50.0,WARNING,False,2026-09-28 06:41:04
9709,9709,50.0,WARNING,False,2026-09-28 06:41:04
9710,9710,50.0,WARNING,False,2026-09-28 06:41:04
9711,9711,50.0,WARNING,False,2026-09-28 06:41:04
9712,9712,50.0,WARNING,False,2026-09-28 06:41:04
9713,9713,50.0,WARNING,False,2026-09-28 06:41:04
9714,9714,50.0,WARNING,False,2026-09-28 06:41:04
9715,9715,50.0,WARNING,False,2026-09-28 06:41:04
9716,9716,50.0,WARNING,False,2026-09-28 06:41:04
9717,9717,50.0,WARNING,False,2026-09-28 06:41:04
9718,9718,50.0,WARNING,False,2026-09-28 06:41:04
9719,9719,50.0,WARNING,False,2026-09-28 06:41:04
9720,9720,50.0,WARNING,False,2026-09-28 06:41:04
9721,9721,50.0,WARNING,False,2026-09-28 06:41:04
9722,9722,50.0,WARNING,False,2026-09-28 06:41:04
9723,9723,50.0,WARNING,False,2026-09-28 06:41:04
9724,9724,50.0,WARNING,False,2026-09-28 06:41:04
9725,9725,50.0,WARNING,False,2026-09-28 06:41:04
9726,9726,50.0,WARNING,False,2026-09-28 06:41:04
9727,9727,50.0,WARNING,False,2026-09-28 06:41:04
9728,9728,50.0,WARNING,False,2026-09-28 06:41:04
9729,9729,50.0,WARNING,False,2026-09-28 06:41:04
9730,9730,50.0,WARNING,False,2026-09-28 06:41:04
9731,9731,50.0,WARNING,False,2026-09-28 06:41:04
9732,9732,50.0,WARNING,False,2026-09-28 06:41:04
9733,9733,50.0,WARNING,False,2026-09-28 06:41:04
9734,9734,50.0,WARNING,False,2026-09-28 06:41:04
9735,9735,50.0,WARNING,False,2026-09-28 06:41:04
9736,9736,50.0,WARNING,False,2026-09-28 06:41:04
9737,9737,50.0,WARNING,False,2026-09-28 06:41:04
9738,9738,50.0,WARNING,False,2026-09-28 06:41:04
9739,9739,50.0,WARNING,False,2026-09-28 06:41:04
9740,9740,50.0,WARNING,False,2026-09-28 06:41:04
9741,9741,50.0,WARNING,False,2026-09-28 06:41:04
9742,9742,50.0,WARNING,False,2026-09-28 06:41:04
9743,9743,50.0,WARNING,False,2026-09-28 06:41:04
9744,9744,50.0,WARNING,False,2026-09-28 06:41:04
9745,9745,50.0,WARNING,False,2026-09-28 06:41:04
9746,9746,50.0,WARNING,False,2026-09-28 06:41:04
9747,9747,50.0,WARNING,False,2026-09-28 06:41:04
9748,9748,50.0,WARNING,False,2026-09-28 06:41:04
9749,9749,50.0,WARNING,False,2026-09-28 06:41:04
9750,9750,50.0,WARNING,False,2026-09-28 06:41:04
9751,9751,50.0,WARNING,False,2026-09-28 06:41:04
9752,9752,50.0,WARNING,False,2026-09-28 06:41:04
9753,9753,50.0,WARNING,False,2026-09-28 06:41:04
9754,9754,50.0,WARNING,False,2026-09-28 06:41:04
9755,9755,50.0,WARNING,False,2026-09-28 06:41:04
9756,9756,50.0,WARNING,False,2026-09-28 06:41:04
9757,9757,50.0,WARNING,False,2026-09-28 06:41:04
9758,9758,50.0,WARNING,False,2026-09-28 06:41:04
9759,9759,50.0,WARNING,False,2026-09-28 06:41:04
9760,9760,50.0,WARNING,False,2026-09-28 06:41:04
9761,9761,50.0,WARNING,False,2026-09-28 06:41:04
9762,9762,50.0,WARNING,False,2026-09-28 06:41:04
9763,9763,50.0,WARNING,False,2026-09-28 06:41:04
9764,9764,50.0,WARNING,False,2026-09-28 06:41:04
9765,9765,50.0,WARNING,False,2026-09-28 06:41:04
9766,9766,50.0,WARNING,False,2026-09-28 06:41:04
9767,9767,50.0,WARNING,False,2026-09-28 06:41:04
9768,9768,50.0,WARNING,False,2026-09-28 06:41:04
